StartDate,EndDate,Progress,Duration__in_seconds_,Finished,RecordedDate,ResponseId,LocationLatitude,LocationLongitude,UserLanguage,A_.0,E.1,E.2,A.1_1,A.1_2,A.1_3,A.1_4,A.1_5,A.1_6,A.1_7,A.1_8,A.1_9,A.1_10,A.1_11,A.1_12,A.1_13,A.2_1,A.2.1a,A.2.1b,A.3_1,A.3_1_TEXT,A.3_1_Text_Freq,A.3_2,A.3_2_TEXT,A.3_2_TEXT_Freq,A.3_3,A.3_3_TEXT,A.3_3_TEXT_Freq,A.4,A.5,A.5_Descript_Code,A.6,A.6_a,A.7_1,A.8,A.8_1a,B.2,B.3,B.4,B.4_1,B.5,B.5_A,B.5_B,B.5_C,B.6,B.6_A,B.7,B.8_1,B.8_2,B.8_3,B.8_4,B.8_5,B.8_6,B.9__1,B.9__1_TEXT,B.9_1_TEXT_Category,B.9__2,B.9__2_TEXT,B.9_2_TEXT_Category,B.9__3,B.9__3_TEXT,B.9_3_TEXT_Category,B.10_1,B.10_2,B.10_3,B.10_4,B.10_5,B.10_6,B.10_7,B.10_8,B.10_9,B.10_10,B.11__1,B.11__1_TEXT,B.11_1_Category,B.11__2,B.11__2_TEXT,B.11_2_Category,B.11__3,B.11__3_TEXT,B.11_3_Category,B.12,B.12_A,B.12_B,C.1,C.3,C.4,C.4_16_TEXT,C.5,C.6,C.6_14_TEXT,C.7,C.8,C.8_11_TEXT,C.9,C.10,C.10_1,C.10_1_Classes,C.11,C.11_1,C.11_2,C.11_3,C.11_4,C.11_5,C.11_5_TEXT,D,filter_$,C.10_1_Classfix
3/4/2024 4:03:21,3/4/2024 4:11:25,100,484,1,3/4/2024 4:11:26,R_42nAlS8Ew2Wkq6Q,34.6808,112.4531,EN,1,62,1,4,4,3,5,5,5,5,5,5,5,5,5,4, , , ,3, , ,2, , ,3, , ,1, , , , ,3, , ,2,-99, , , , , , , , ,1,3,3,4,3,3,2,4, , ,4, , ,3, , ,3,2,3,2,3,2,2,3,2,2,3, , ,2, , ,3, , , , , ,1,10,12, ,12,9, ,12,11, ,7,啊, , ,25, , , , , , ,26,1, 
3/2/2024 22:01:28,3/3/2024 0:10:56,100,7768,1,3/3/2024 0:10:57,R_17J1rNkz4vx55fD,34.0544,-118.2441,EN,1,58,1,5,2,4,4,4,4,4,4,5,3,4,5,4,Mental health in high demand,9,2,2, , ,2, , ,2, , ,1,"It takes courage to face it, come on! Hard work and difficulty", ,no, ,6,Strictly guard against stubbornness and adopt the correct method to solve the problem, ,1,2, , , , , , ,"No reason, I don’t think it’s necessary",1,1,2,3,3,2,2,3,4, , ,3, , ,3, , ,3,2,2,2,2,2,3,2,3,3,2, , ,2, , ,3, , ,没有，该怎样就怎样, , ,1,11,13, ,12,9, ,12,7, ,4,3,3,1,26, , ,1, , , ,26,1,1
3/5/2024 1:52:59,3/5/2024 2:37:43,100,2684,1,3/5/2024 2:37:44,R_6eytmE6CgrEeK0p,45.5242,-122.6684,EN,1,57,1,3,3,3,3,3,3,4,5,5,4,4,5,5,rgergd, , ,4, , ,4, , ,4, , ,1,x, ,xzc, ,4,vdsv, ,1,1,gfdb, ,hfgb, , , , , ,1,5,4,4,5,5,5,4, , ,4, , ,5, , ,3,2,3,2,3,2,3,2,3,2,3, , ,3, , ,3, , ,bdxfv, , ,1,11,13, ,17,10, ,12,4, ,5, , , ,26,1,1, , , , ,26,1, 
3/2/2024 20:58:25,3/2/2024 21:19:59,100,1294,1,3/2/2024 21:20:00,R_3kpKp0XpTHQrX07,37.1835,-121.7714,EN,1,55,1,7,7,7,7,7,7,7,7,7,7,7,7,7,All are places, , ,1, , ,1, , ,1, , ,2, , , , ,5,make no difference,8,1,1,I didn't use some services., ,"Can't describe, experience", , , , , ,1,6,6,7,7,6,7,6, , ,5, , ,5, , ,4,4,4,4,4,4,4,4,4,4,4, , ,4, , ,4, , ,Not yet, , ,1,11,12, ,12,12, ,13,5, ,4,threeyear,3,1,26, , , ,1, , ,26,1,1
3/3/2024 7:29:17,3/3/2024 7:40:21,100,664,1,3/3/2024 7:40:22,R_5PYDDJX8WlKeN5T,37.1835,-121.7714,EN,1,64,1,4,3,5,5,5,4,5,6,4,6,4,6,6,Because I need, , ,1, , ,1, , ,2, , ,1,More medical care,8,More health care workers, ,4,None,8,1,2, , , , , , ,Fear of bad attitude,3,1,6,5,4,2,3,3,5, , ,1, , ,3, , ,4,4,3,4,4,4,4,4,4,4,4, , ,2, , ,4, , ,None, , ,1,11,13, ,16,12, ,12,8, ,5,Three year,3,1,26,1,1, , , , ,27,1,1
3/4/2024 21:00:57,3/4/2024 21:11:00,100,602,1,3/4/2024 21:11:00,R_7cbXdkkUHp5xJkq,34.0544,-118.2441,EN,1,63,1,4,5,6,5,4,6,4,6,5,6,7,6,6,Social connection,11, ,5, , ,3, , ,6, , ,2, , , , ,5,yes, ,1,1,Social connection, ,right,2, , , , ,1,5,4,5,5,6,6,6, , ,6, , ,6, , ,3,2,3,3,3,2,3,3,2,3,3, , ,3, , ,3, , ,yes, , ,1,10,13, ,17,8, ,12,4, ,4,Ten years,10,2,26, , , , , , ,26,1,2
3/3/2024 0:39:55,3/3/2024 0:52:11,100,735,1,3/3/2024 0:52:11,R_3lNwRU62PE7dsGt,34.0544,-118.2441,EN,1,4,1,3,3,3,3,3,3,3,3,3,3,3,3,3,temporarily, , ,1, , ,1, , ,1, , ,2, , , , ,4,one, ,1,2, , , , , , ,have no use for,1,1,4,4,4,4,4,4,4, , ,4, , ,4, , ,4,4,4,3,3,3,3,3,3,3,3, , ,2, , ,2, , ,No shadow, , ,2,11,12, ,14,10, ,12,4, ,4,Ten,10,2,26,1,1, , , , ,26,1,2
3/3/2024 6:44:29,3/3/2024 6:49:09,100,280,1,3/3/2024 6:49:10,R_61yDnrVXK9gSZaD,34.0544,-118.2441,EN,1,60,1,5,4,6,5,6,5,5,6,5,5,6,7,7, , , ,4, , ,4, , ,3, , ,1, , , , ,5, , ,1,1, , , , , , , , ,1,6,5,6,5,6,6,6, , ,6, , ,5, , ,3,4,4,4,4,3,3,4,4,3,4, , ,4, , ,2, , , , , ,1,12,12, ,16,11, ,12,4, ,4,Ten,10,2,26,1, , , , , ,26,1,2
2/25/2024 7:49:03,2/25/2024 7:52:08,93,184,0,3/3/2024 7:52:11,R_4nRSvEBeNcIEvUR, , ,EN,1,60,1,5,3,4,3,6,4,5,5,3,4,6,5,4, , , ,5, , ,3, , ,4, , ,1, , , , ,5, , ,1,1, , , , , , , , ,1,5,4,6,5,3,4,4, , ,5, , ,3, , ,2,3,2,4,3,3,2,4,3,2,3, , ,2, , ,3, , , , , ,1,14,12, ,13,9, ,13,4, ,6,SS, , ,26,1, , ,1, , ,26,1, 
2/21/2024 11:49:47,2/21/2024 12:17:36,100,1668,1,2/21/2024 12:17:37,R_37QsZHLxiZdfaj7,29.4029,-82.4817,EN,1,56,1,5,4,7,7,2,4,6,6,6,7,6,6,3,Transportation  To my knowledge there are no taxis available just the kind for certain types of individuals I am getting near the no driving myself age and it makes my wonder how I will get to the stores to buy groceries and necessities,10,1,6,More assistance for older people only  we seem to have a lot of poorer older people and they do not know where to go to get help,6,-99, , ,-99, , ,1,When my mother moved in with me it took awhile to get things set up because I did not know who to contact. Took me asking a lot of questions to finally get things going. Once that was done things seemed to fall into place,14,I go to the library a lot maybe something could be set up there as a place to start with phone numbers or addresses to check out,3,5,Not me personally except for higher prices on everything but then maybe the virus can not be blamed for most of that,8,3,-99, , , , , , , , ,1,1,1,1,7,5,6, , , , , , , , , ,4,3,2,4,3,1,2,2,1,2,-99, , ,-99, , ,-99, , ,No, , ,1,15,13, ,12,14,Retired,14,4, ,7,Since 1984,39,5,26,1, , , , , ,26,1,8
2/25/2024 7:48:55,2/25/2024 7:52:16,100,200,1,2/25/2024 7:52:17,R_4eQoaMlTNagm3cF,1.2868,103.8503,EN,1,55,1,4,4,4,4,4,3,3,3,2,3,4,4,3, , , ,3, , ,3, , ,4, , ,1, , , , ,4, , ,1,1,ojhhohh, ,ohoihoho, , , , , ,1,4,3,4,3,3,3,4,fgfg, ,3,gfgdf, ,3,fgfgfg, ,2,2,2,2,2,2,1,1,1,2,2,hfggf, ,2,ghg, ,3,ghgh, ,hjhghfd, , ,1,10,12, ,11,10, ,12,6, ,5,rt, , ,25, , , , , , ,26,1, 
2/19/2024 7:01:32,2/19/2024 7:44:29,100,2576,1,2/19/2024 7:44:30,R_1CkaEdQgQ2RC4LU,33.4772,-84.0554,EN,1,4,1,5,4,4,4,3,4,6,4,4,3,5,4,4,Take care of family members   I think it's important as parents to care for our children and provide a safe and fun environment to meet all of our needs,7,4,4,Medical care, ,5,hypermarket,0,6,After-school tutoring,1,2, , , , ,5,Many businesses were shut down,5,1,2, , , , , , ,"This aspect has not been paid attention to before, and will be actively used in the future",4,1,5,6,3,3,5,6,6,"Auxiliary services: such as printing, copying, scanning, fax, etc., to facilitate residents to deal with daily affairs.", ,7,"Special services: such as services for the visually impaired, elderly services, immigration services, etc., to meet the needs of specific groups.", ,6,Loan service, ,4,3,3,4,4,3,4,4,3,4,3,"The library can organize various cultural activities such as lectures, exhibitions, film screenings and art performances", ,4,"In addition to providing a comfortable reading environment, books can also provide a space for community activities and discussions, and promote communication and interaction among community residents.", ,2,"A wide variety of books, periodicals, newspapers, electronic resources, etc", ,"During the epidemic, public libraries may adjust their service scope and opening hours, or even temporarily close some facilities, to meet the needs of epidemic prevention and control, which may affect people's expectations of library services", , ,2,11,12, ,14,10, ,12,4, ,5,quadrennial,40,5,26,1,1, , , , ,27,1,8
2/18/2024 18:43:23,2/18/2024 18:46:38,100,194,1,2/18/2024 18:46:38,R_6zTvHfJtAIXeh45,42.6406,-73.7906,EN,1,4,1,7,5,5,6,6,3,5,2,5,5,3,5,2,no, , ,5, , ,6, , ,6, , ,1,no, ,no, ,4,no,8,1,1,no, ,no, , , , , ,1,2,2,4,1,7,2,4, , ,3, , ,6, , ,2,3,4,2,3,3,1,1,3,2,2, , ,1, , ,2, , ,no, , ,1,10,13, ,16,11, ,13,4, ,4,NY, , ,25, , , , , , ,27,1, 
2/18/2024 18:43:26,2/18/2024 18:46:47,100,201,1,2/18/2024 18:46:48,R_3teTZVZchHPlPDS,42.6406,-73.7906,EN,1,55,1,2,5,6,2,5,6,5,4,6,7,3,7,2,no, , ,7, , ,6, , ,3, , ,1,no, ,no, ,4,no,8,1,1,no, ,no, , , , , ,1,4,3,2,4,5,4,2, , ,3, , ,3, , ,3,2,3,1,2,2,3,2,1,4,1, , ,3, , ,4, , ,no, , ,1,10,13, ,16,10, ,13,4, ,4,NY, , ,25, , , , , , ,26,1, 
2/19/2024 0:42:52,2/19/2024 1:00:12,100,1040,1,2/19/2024 1:00:13,R_1a6shoq2KLoH5aV,34.0544,-118.2441,EN,1,59,1,4,3,4,2,5,4,2,3,6,3,3,7,7,no, , ,4, , ,3, , ,5, , ,2, , , , ,4,no,8,2,-99, , , , , , ,no,1,2,-99,-99,-99,-99,-99,-99, , , , , , , , , ,1,2,4,3,2,4,2,4,2,4,3, , ,2, , ,4, , ,no, , ,1,10,13, ,14,11, ,13,4, ,4,NY, , ,25, , , , , , ,26,1, 
2/19/2024 0:43:18,2/19/2024 1:00:19,100,1021,1,2/19/2024 1:00:19,R_7n9qjS22TJP5Top,34.0544,-118.2441,EN,1,60,1,3,5,3,2,3,2,4,1,2,7,6,3,3,no, , ,6, , ,3, , ,3, , ,2, , , , ,4,no,8,2,-99, , , , , , ,no,1,2,-99,-99,-99,-99,-99,-99, , , , , , , , , ,2,3,3,2,2,2,3,3,2,2,2, , ,1, , ,2, , ,no, , ,1,10,13, ,14,9, ,13,4, ,4,NY, , ,25, , , , , , ,26,1, 
2/19/2024 0:43:32,2/19/2024 1:00:34,100,1022,1,2/19/2024 1:00:34,R_6g5RXeYjRouba2X,34.0544,-118.2441,EN,1,62,1,2,3,3,6,1,6,5,4,4,1,5,3,4,no, , ,7, , ,2, , ,3, , ,2, , , , ,3,no,8,2,-99, , , , , , ,no,1,2,-99,-99,-99,-99,-99,-99, , , , , , , , , ,4,2,3,1,2,1,3,4,1,3,2, , ,4, , ,2, , ,no, , ,1,10,13, ,14,11, ,13,4, ,4,NY, , ,25, , , , , , ,26,1, 
2/19/2024 0:44:32,2/19/2024 1:00:24,100,952,1,2/19/2024 1:00:25,R_7ouSzoIv0CtKlXT,34.0544,-118.2441,EN,1,61,1,5,4,7,5,3,2,5,3,3,3,2,6,2,no, , ,1, , ,2, , ,2, , ,2, , , , ,4,no,8,2,-99, , , , , , ,no,1,2,-99,-99,-99,-99,-99,-99, , , , , , , , , ,3,3,3,2,4,1,4,2,2,3,3, , ,1, , ,3, , ,no, , ,1,10,13, ,14,10, ,13,4, ,4,NY, , ,25, , , , , , ,26,1, 
2/18/2024 19:48:47,2/18/2024 19:53:53,100,306,1,2/18/2024 19:53:54,R_19xKd6XtG5D0w0N,42.6406,-73.7906,EN,1,56,1,6,7,6,7,6,1,5,6,6,4,4,3,4,no, , ,4, , ,6, , ,5, , ,1, , , , ,4, , ,2,-99, , , , , , ,no,1,2,-99,-99,-99,-99,-99,-99, , , , , , , , , ,2,1,4,3,3,3,3,4,3,4,3, , ,1, , ,3, , , , , ,2,10,13, ,14,8, ,13,4, ,4,no, , ,25, , , , , , ,26,1, 
2/18/2024 19:48:50,2/18/2024 19:53:58,100,308,1,2/18/2024 19:53:59,R_1dMPnp4hfP6bsZO,42.6406,-73.7906,EN,1,57,1,2,6,6,4,6,3,5,2,2,6,3,4,3,no, , ,7, , ,6, , ,3, , ,1, , , , ,4, , ,2,-99, , , , , , ,no,1,2,-99,-99,-99,-99,-99,-99, , , , , , , , , ,3,4,2,3,3,4,3,3,1,2,3, , ,2, , ,1, , , , , ,2,10,13, ,14,9, ,13,4, ,4,no, , ,25, , , , , , ,26,1, 
2/18/2024 19:48:52,2/18/2024 19:54:04,100,311,1,2/18/2024 19:54:04,R_5FOGrFjybRWYGLI,42.6406,-73.7906,EN,1,58,1,7,1,6,3,5,5,5,2,6,6,5,5,6,no, , ,6, , ,3, , ,7, , ,2, , , , ,4, , ,2,-99, , , , , , ,no,1,2,-99,-99,-99,-99,-99,-99, , , , , , , , , ,4,4,2,1,2,4,2,3,1,2,3, , ,3, , ,2, , , , , ,1,10,13, ,14,10, ,12,4, ,4,no, , ,25, , , , , , ,26,1, 
2/18/2024 19:48:56,2/18/2024 19:54:08,100,311,1,2/18/2024 19:54:09,R_5Kdu6mViJcuqT9z,42.6406,-73.7906,EN,1,59,1,4,7,5,3,3,2,3,3,3,5,2,5,6,no, , ,3, , ,2, , ,4, , ,2, , , , ,4, , ,2,-99, , , , , , ,no,1,2,-99,-99,-99,-99,-99,-99, , , , , , , , , ,3,3,1,2,3,3,4,2,3,2,4, , ,3, , ,2, , , , , ,1,10,13, ,14,10, ,13,4, ,4,no, , ,25, , , , , , ,26,1, 
2/21/2024 20:21:14,2/21/2024 20:34:18,100,783,1,2/21/2024 20:34:18,R_7Mycwd1xtwsCnwl,34.0544,-118.2441,EN,1,4,1,3,2,3,2,3,3,3,4,3,4,4,4,3, , , ,1, , ,1, , ,1, , ,2, , , , ,4,It will definitely have an impact. Increase hygiene management and epidemic prevention and hygiene,2,3,-99, , , , , , , , ,3,1,1,1,1,1,1,1, , ,1, , ,1, , ,4,4,4,4,4,4,4,4,4,4,4, , ,4, , ,4, , ,No impact, , ,1,12,13, ,13,9, ,12,4, ,5,More than one year,1,1,26, ,1,1,1, , ,26,1,1
3/3/2024 4:19:44,3/3/2024 6:06:45,100,6420,1,3/3/2024 6:06:45,R_3e8PGeoYfHldCOT,34.0544,-118.2441,EN,1,4,1,7,7,6,7,7,7,7,7,7,7,7,7,7,Educational Resources,5, ,7,Security Question,0,7,housing issue,0,-99,Childcare issues,0,1,housing issue, , , ,4,Yes, ,1,1, , , , , , , , ,1,6,6,7,7,7,6,7, , ,7, , ,6, , ,4,4,4,4,4,4,4,4,4,4,4, , ,4, , ,4, , , , , ,1,11,13, ,16,10, ,12,4, ,5,More than 20 years,20,4,25, , , , , , ,26,1,4
2/21/2024 1:14:43,2/21/2024 1:23:27,100,524,1,2/21/2024 1:23:28,R_15tgyZhlpQoTxkt,34.0544,-118.2441,EN,1,4,1,7,7,7,7,7,7,7,7,7,7,7,7,7, , , ,4, , ,4, , ,4, , ,1, , , , ,2, , ,1,1, , , , , , , , ,1,1,2,3,2,3,3,2, , ,2, , ,1, , ,4,3,3,2,4,4,4,4,4,4,4, , ,3, , ,4, , , , , ,1,10,12, ,17,11, ,12,4, ,5,More than 20 years,20,4,26, ,1, , , , ,26,1,4
3/3/2024 2:14:33,3/3/2024 2:25:49,100,675,1,3/3/2024 2:25:49,R_1co3AFU7KH7Npmk,37.1835,-121.7714,EN,1,57,1,3,4,4,4,4,4,4,4,4,4,4,4,4,not have, , ,1, , ,1, , ,1, , ,2, , , , ,7, , ,1,1, , ,be satisfied,2, , , , ,1,7,7,7,7,7,7, , , , , , , , , ,4,4,4,4,4,4,4,4,4,4,-99, , ,-99, , ,-99, , ,make no difference, , ,1,10,13, ,16,11, ,13,4, ,4,I was born here., , ,25, , , , , , ,26,1, 
2/21/2024 1:20:26,2/21/2024 2:13:55,100,3209,1,2/21/2024 2:13:57,R_11cBAnSXs4PJ5XG,39.632,-84.2634,EN,1,78,1,4,4,5,2,3,2,3,5,3,4,1,3,5,Food related needsI think it did me good and this good made me very happy,3, ,1, , ,1, , ,1, , ,1,"The community regularly carries out charity picking experience activities to give mature vegetables to the elderly, retired cadres and people in need in the community.",13,"Establish public Spaces within immigrant communities, such as parks or community gathering squares, so that foreign immigrants can fully engage with ""local"" society at different times and occasions.", ,7,"I think COVID-19 has had a negative impact on my personal mental health, and it has damaged my physical health, which makes me feel bad inside.",3,1,1,"I have used the medical center in my community, which provides basic medical services such as outpatient consultations, vaccinations and physical examinations, which is convenient for me.", ,"I think my experience is good, it's good for me.",2, , , , ,1,6,6,4,5,5,4, , , , , , , , , ,4,4,4,4,3,3,3,4,4,4,-99, , ,-99, , ,-99, , ,"I'm sorry, that's a good question. Please let me think about it.", , ,2,11,13, ,16,11, ,12,4, ,5,from birth, , ,26,1,1, , , , ,26,1, 
3/2/2024 23:59:21,3/3/2024 0:48:43,100,2962,1,3/3/2024 0:48:44,R_6FDnLmf6Mk6c1Dk,37.1835,-121.7714,EN,1,75,1,7,7,7,7,5,7,6,6,5,7,4,3,7,Gonggongfa, , ,1, , ,1, , ,5, , ,1,The community can give it to me according to my situation., ,"When I have difficulties, I will seek the help of the community, and the community will give me timely support and help.",4,7,"The epidemic has seriously affected my health. My community needs are to help me and help me contact the hospital and medical staff. The community was in a hurry, and helped me contact the hospital and medical staff as quickly as possible, and I was treated in time.",3,1,2, , , , , , ,"Because I am young and healthy,I didn't think it was necessary when I was not sick. Later, because I was weak, I could only ask the community.I didn't have any concerns that hindered me before, but I just felt that I didn't",1,1,6,7,6,7,7,6,5, , ,5, , ,6, , ,4,4,4,4,4,4,4,4,4,4,-99, , ,-99, , ,-99, , ,"During the epidemic period, the traditional service mode of public libraries was restricted, such as lending service and entity activities. However, the epidemic has also prompted public libraries to accelerate the digital transformation and continue to provide services to users through online resource provision and virtual activities. In addition, public libraries can also play the role of information dissemination and education during the epidemic period, and provide the public with reliable epidemic information and related knowledge.
1. Strengthen digital services: continue to promote the construction and provision of digital resources, including e-books, online databases, digital exhibitions, etc., in order to meet users' needs for distance learning and entertainment. 2. Provide online activities and training: use the network platform to hold virtual lectures, online courses, book clubs and other activities to provide users with opportunities for learning and communication. 3. Strengthen community cooperation: cooperate with local community organizations, schools and enterprises to jointly carry out educational projects, cultural activities and community services, and expand the influence and service scope of the library. 4. Pay attention to users' needs: understand the special needs of users during the epidemic and provide targeted services, such as mental health support and career development guidance.", , ,1,10,12, ,12,9, ,12,5, ,4,four,4,1,26, ,1, , , , ,26,1,1
2/13/2024 12:03:28,2/13/2024 12:12:48,100,560,1,2/13/2024 12:12:49,R_3JKORPwj0dyzp0J,39.8335,-84.8983,EN,1,99,1,3,7,7,7,7,7,5,7,7,7,7,5,7,People's welfare has been given up on by politicians in this state,2, , , , ,-99, , ,-99, , ,-99,"I couldn't drive for a while. Was never able to utilize the bus system because of the times of day I worked, also had to use taxis during this time.",10, , ,4,"Definitely. The economy is in wild shambles for the average person. Money is tight, prices are obscene, an unforseen cost will bankrupt someone out of their house or job. Medical and psychological assistance are behind massive waiting lines.",4,3,-99, , , , , , , , ,1,4,7,7,7,7,7, , , , , , , , , ,4,4,4,4,4,4,4,4,4,4,-99, , ,-99, , ,-99, , , , , ,2,11,14, ,12,12, ,12,4, ,4,Five years,5,1,26, ,1, , , , ,26,1,1
2/21/2024 20:59:46,2/21/2024 21:06:10,100,383,1,2/21/2024 21:06:10,R_1u1wqSQIRYOFQgV,34.0544,-118.2441,EN,1,57,1,6,5,7,7,4,5,2,2,5,3,1,7,1,Because there are homeless people nearby, , , , , ,-99, , ,-99, , ,2, , , , ,4,"Very big influence, I can't help it", ,1,2, , , , , , ,Because I didn't know these services existed.,4,1,6,7,6,3,3,2,3,seek, ,6,sanitary towel, ,7,Quiet environment, ,3,2,4,2,1,4,2,3,4,4,-99, , ,-99, , ,-99, , , , , ,1,13,13, ,14,11, ,13,4, ,5,five years,5,1,26,1,1, , , , ,26,1,1
2/21/2024 7:09:50,2/21/2024 7:12:26,100,156,1,2/21/2024 7:12:26,R_1S2g2Y4GfFuAH1e,37.1835,-121.7714,EN,1,56,1,4,3,4,3,4,4,5,3,4,3,4,4,4, , , ,3, , ,2, , ,3, , ,1, , , , ,3, , ,1,1, , , , , , , , ,1,2,4,5,4,3,5,2, , ,2, , ,4, , ,4,3,2,2,1,1,1,4,2,3,2, , ,3, , ,3, , , , , ,1,10,12, ,12,8, ,13,8, ,4,Collinsville, , ,26, , , , , , ,26,1, 
2/14/2024 4:52:22,2/14/2024 5:04:14,100,711,1,2/14/2024 5:04:15,R_1w0I7rOjEy36LmN,39.8335,-84.8983,EN,1,99,1,4,4,2,2,4,2,4,4,4,4,4,4,4,Lack of follow up by professionals on kids that should be in school but are not,5,1, , , ,-99, , ,-99, , ,2, , , , ,5, , ,3,-99, , , , , , , , ,1,7,7,4,7,7,7, , , , , , , , , ,4,4,4,4,4,4,4,4,4,4,-99, , ,-99, , ,-99, , ,I don’t think so, , ,1,14,13, ,15,14,Retired,14,4, ,5,All my life, , ,26, ,1, , ,1,Home,26,1, 
2/21/2024 10:25:42,2/21/2024 10:46:42,100,1260,1,2/21/2024 10:46:43,R_7whPUiA7pQ2N4Ia,38.4934,-86.0139,EN,1,71,1,3,2,5,6,1,1,6,2,7,7,5,2,1,One of the two that I listed as having great needs was Mental Health Issues and Services Where I live there is a huge amount of stigma surrounding mental health issues There is support for substance abuse issues but there is no dedicated womens shelter for women going through domestic violence and there are not a lot of options if any for therapy and psychiatric care,8,2, , , ,-99, , ,-99, , ,1,"I have experienced the fact that there is a lack of nutrition education in Jackson county. Most people here count mashed potatoes as a vegetable and don't see anything wrong with that. 
I have experienced the issues with availability of child care. There aren't a lot of reputable places in Jackson county for kids under school age, and it was hard to find someone for my daughter. 
I have experienced the lack of health care. The pharmacy that will take my insurance is out of one of my medications and does not know when it will be refilled. 
I have experienced mental health issues. There is a lot of stigma in Jackson county and the general public seems to be uneducated or wrongly educated about mental illness outside of substance abuse. There aren't many therapy services or psychiatrists. There is also no dedicated women's shelter for women escaping domestic violence. 
There is no public transportation in Jackson county, and my household can only afford one car. 
I have experienced a lack of social connection here, since everything is so rural and there's not a lot to do.",3,"I have tried educating my husband's family about proper nutrition. I have not used any resources except the internet. 
With availability of child care, I went to the public library and asked if they had any recommendations. They were not too helpful. 
I try to be open about my experience with mental illness in an attempt to combat stigma. When I feel that someone is wrong, I tell them if I feel comfortable doing so. There aren't really any local resources I have found to support me.
As far as social connection goes, a board game store opened a few years ago in town and I will sometimes go there on board game or MTG nights.",2,4,"I am not too familiar with how the COVID pandemic has impacted this community, but I do know that masks are still offered at doctors offices and the library. People here seemed to think that Covid was a hoax and did not take it too seriously",8,3,-99, , , , , , , , ,1,7,7,4,7,7,7, , , , , , , , , ,4,4,2,4,4,3,2,4,4,4,-99, , ,-99, , ,-99, , ,It has not. I see libraries about the same now as I did before, , ,1,10,13, ,14,9, ,14,4, ,5,A little over two years,2,1,26,1,1,1, , , ,26,1,1
3/4/2024 7:29:39,3/4/2024 7:38:04,100,505,1,3/4/2024 7:38:05,R_5E42o9LwdlveSox,38.9582,-85.8875,EN,1,56,1,5,4,5,6,6,5,7,5,6,4,4,4,5, , , , , , ,-99, , ,-99, , ,1, , , , ,5, , ,1,1, , , , , , , , ,1,4,4,5,6,6,5, , , , , , , , , ,3,4,3,4,3,3,3,4,3,4,-99, , ,-99, , ,-99, , , , , ,1,11,12, ,16,11, ,12,4, ,5,9 years,9,2,26,1,1, , , , ,26,1,2
2/13/2024 22:07:29,2/13/2024 22:09:23,100,113,1,2/13/2024 22:09:24,R_1gZyJGfvwIbEfum,39.4234,-76.7762,EN,1,99,1,4,5,4,6,4,5,6,4,4,5,6,6,6, , , , , , ,-99, , ,-99, , ,2, , , , ,7, , ,1,1, , , , , , , , ,1,6,7,7,6,7,5, , , , , , , , , ,4,4,4,2,1,4,4,4,3,4,-99, , ,-99, , ,-99, , , , , ,1,13,13, ,14,12, ,12,7, ,5,9  years,9,2,26,1,1,1, , , ,26,1,2
2/19/2024 5:07:19,2/19/2024 5:11:14,100,235,1,2/19/2024 5:11:15,R_76lruQ0bXk6tnZD,37.7548,-84.2985,EN,1,63,1,2,1,4,1,4,4,2,2,4,2,1,3,4, , , , , , ,-99, , ,-99, , ,1, , , , ,3, , ,1,1, , , , , , , , ,1,2,3,4,2,1,3,1,NA, ,1,NA, ,1,NA, ,3,1,4,3,2,3,1,2,3,1,-99, , ,-99, , ,-99, , , , , ,2,16,15, ,12,11, ,14,6, ,6,9,9,2,26,1,1, , , , ,26,1,2
2/19/2024 6:16:15,2/19/2024 6:21:03,100,288,1,2/19/2024 6:21:04,R_6HZeFJCrAV0EqBJ,37.7403,-86.7435,EN,1,82,1,5,1,3,7,7,3,5,4,3,4,1,4,4, , , , , , ,-99, , ,-99, , ,2, , , , ,5, , ,1,1, , , , , , , , ,3,6,2,6,3,4,2, , , , , , , , , ,2,4,3,3,2,4,4,1,3,2,-99, , ,-99, , ,-99, , , , , ,2,12,12, ,11,9, ,13,6, ,6,9,9,2,25, , , , , , ,26,1,2
2/23/2024 8:22:46,2/23/2024 8:27:47,100,300,1,2/23/2024 8:27:48,R_1q2F5dAcaXd97K5,37.751,-97.822,EN,1,99,1,6,6,5,4,6,7,6,4,6,5,6,4,6, , , , , , ,-99, , ,-99, , ,2, , , , ,4, , ,2,-99, , , , , , , , ,3,6,3,3,6,4,3, , , , , , , , , ,3,4,2,2,3,4,1,3,1,3,-99, , ,-99, , ,-99, , , , , ,1,12,12, ,10,12, ,12,4, ,4,9,9,2,26,1, , , , , ,26,1,2
2/21/2024 6:50:48,2/21/2024 7:04:19,100,811,1,2/21/2024 7:04:20,R_3R4JWgK6La4fISa,37.1835,-121.7714,EN,1,65,1,4,5,4,3,5,3,5,7,6,5,4,7,5,The intensity of digital constructing is gradually increasing and the corresponding demand for talents is also increasing,12,2, , , ,-99, , ,-99, , ,2, , , , ,3, , ,1,1, , , , , , , , ,1,4,6,5,6,3,5, , , , , , , , , ,4,4,4,4,4,4,4,4,3,4,-99, , ,-99, , ,-99, , , , , ,1,11,12, ,10,8, ,12,4, ,4,8 years,8,2,26, ,1, ,1, , ,26,1,2
2/23/2024 16:31:07,2/23/2024 16:52:03,100,1255,1,2/23/2024 16:52:04,R_6KtXweA8Xva4gVj,40.5366,-85.6579,EN,1,67,1,4,5,4,6,6,3,5,7,6,5,6,4,3,Health care difficult to find doctors taking new patients as many are leaving to bigger cities and replaced with nurse practitioner Insurance needs as stated assistance seems to be decreasing due to making too much income,8,1, ,Internet service rates a 6 as there are very few providers who keep raising their prices and assistance for services will expire in April,0,-99, , ,-99, , ,1,Had to take employers insurance as I was told I made too much money to continue getting HiP and now I can't afford prescriptions as they aren't covered by employer,8,Was turned down for insurance so quit buying my prescriptions,4,3,Has not impacted me,8,3,-99, , , , , , , , ,3,5,2,4,6,6,2, , , , , , , , , ,4,4,4,4,2,2,3,4,4,4,-99, , ,-99, , ,-99, , ,Has not impacted my expectations of a public library, , ,2,13,12, ,16,12, ,12,4, ,4,8 years,8,2,26,1,1, , , , ,26,1,2
2/22/2024 1:24:17,2/22/2024 1:26:24,100,126,1,2/22/2024 1:26:25,R_7hYJrrSMkYPw4UN,34.0544,-118.2441,EN,1,64,1,5,5,4,5,5,4,5,5,5,5,5,5,5, , , ,4, , ,5, , ,4, , ,1, , , , ,5, , ,1,1, , , , , , , , ,1,5,5,5,5,5,5, , , , , , , , , ,3,3,3,2,3,2,3,3,3,2,-99, , ,-99, , ,-99, , , , , ,1,11,12, ,16,11, ,12,4, ,5,8 years,8,2,26,1,1, , , , ,26,1,2
3/4/2024 7:19:24,3/4/2024 7:28:12,100,528,1,3/4/2024 7:28:13,R_3MsPdMFZmo0zAfG,41.4934,-87.3548,EN,1,4,1,5,4,5,6,4,4,5,5,5,6,4,5,6, , , , , , ,-99, , ,-99, , ,2, , , , ,5, , ,1,1, , , , , , , , ,1,6,4,7,5,5,6, , , , , , , , , ,3,2,3,4,3,4,3,4,4,4,-99, , ,-99, , ,-99, , , , , ,1,11,12, ,16,11, ,12,4, ,5,8 years,8,2,26,1,1,1, , , ,26,1,2
2/14/2024 23:24:21,2/14/2024 23:25:58,100,97,1,2/14/2024 23:25:59,R_3Hnsfx1BMl93Jnt,39.0005,-76.9712,EN,1,69,1,3,3,1,3,2,2,4,4,3,3,2,2,4, , , , , , ,-99, , ,-99, , ,2, , , , ,1, , ,1,1, , , , , , , , ,2,-99,-99,-99,-99,-99,-99, , , , , , , , , ,1,2,1,1,1,2,2,1,1,2,-99, , ,-99, , ,-99, , , , , ,1,13,12, ,11,9, ,12,5, ,7,8  years,8,2,26, ,1,1,1, , ,26,1,2
2/14/2024 23:52:03,2/14/2024 23:53:42,100,99,1,2/14/2024 23:53:43,R_70ZufzJcQIRPLXP,34.2666,-118.7643,EN,1,66,1,7,7,4,4,6,6,6,5,5,5,6,5,7, , , , , , ,-99, , ,-99, , ,2, , , , ,7, , ,1,1, , , , , , , , ,1,7,6,7,6,4,6,1, , ,1, , ,1, , ,3,4,3,4,4,4,3,3,3,4,-99, , ,-99, , ,-99, , , , , ,1,13,13, ,17,11, ,12,7, ,5,8  years,8,2,26,1,1,1,1, , ,26,1,2
2/14/2024 23:58:55,2/15/2024 0:00:34,100,98,1,2/15/2024 0:00:34,R_67MvOb6rc4XerV7,33.8303,-118.3795,EN,1,71,1,5,7,6,6,6,6,5,4,7,7,4,5,4, , , , , , ,-99, , ,-99, , ,2, , , , ,7, , ,1,1, , , , , , , , ,1,7,7,6,7,7,6, , , , , , , , , ,4,4,4,4,3,3,3,4,4,4,1, , ,1, , ,1, , , , , ,1,12,13, ,14,10, ,12,5, ,5,8  years,8,2,26,1,1,1, , , ,26,1,2
2/13/2024 20:57:54,2/13/2024 20:59:57,100,123,1,2/13/2024 20:59:57,R_7jTZBTdCDEKobjl,39.3888,-76.4988,EN,1,92,1,5,5,6,7,4,4,6,6,6,5,5,5,7, , , , , , ,-99, , ,-99, , ,2, , , , ,7, , ,1,1, , , , , , , , ,1,5,6,6,7,5,4, , , , , , , , , ,3,3,3,2,3,3,3,3,3,4,-99, , ,-99, , ,-99, , , , , ,1,11,12, ,14,9, ,12,6, ,5,8   years,8,2,26,1,1,1,1, , ,26,1,2
2/21/2024 0:45:39,2/21/2024 1:01:36,100,957,1,2/21/2024 1:01:37,R_6KBzx9euIUvFcaJ,34.0544,-118.2441,EN,1,68,1,6,5,3,5,5,6,4,7,5,6,4,5,6,Medical and health careI think it's so important,8,4,5,secure,0,6,landscaping, ,5,neatness, ,1,"Our neighborhood is quite safe, but the degree of cleanliness is not high.", , , ,5,"Still have an impact, dare not go out, buy food and daily necessities is very inconvenient.",5,1,2, , , , , , ,It's inconvenient because we have a baby at home,3,1,6,7,4,6,4,6, , , , , , , , , ,4,4,3,4,3,3,3,4,4,2,-99, , ,-99, , ,-99, , , , , ,1,11,12, ,14,9, ,12,4, ,5,8,8,2,26,1,1, , , , ,26,1,2
2/14/2024 3:04:13,2/14/2024 3:07:39,100,205,1,2/14/2024 3:07:39,R_1GWicY2way9uwGe,38.2027,-83.4435,EN,1,62,1,6,4,1,6,5,5,6,4,1,5,2,3,4, , , ,2, , ,5, , ,4, , ,1, , , , ,2, , ,2,-99, , , , , , , , ,1,2,5,2,7,6,7,4, , ,3, , ,5, , ,3,1,3,2,2,3,2,1,3,4,1, , ,3, , ,4, , , , , ,2,15,15, ,14,10, ,15,8, ,5,8,8,2,25, , , , , , ,26,1,2
2/14/2024 3:45:39,2/14/2024 3:48:59,100,199,1,2/14/2024 3:48:59,R_5C208go9SWH7C6Z,38.0936,-84.5009,EN,1,71,1,3,3,4,5,6,4,1,2,3,6,5,4,2, , , ,3, , ,4, , ,1, , ,1, , , , ,1, , ,2,-99, , , , , , , , ,1,3,3,6,6,5,4,2, , ,4, , ,4, , ,1,2,3,3,2,3,3,1,3,1,2, , ,1, , ,4, , , , , ,2,12,14, ,13,11, ,13,10, ,7,8,8,2,26,1, , , , , ,26,1,2
2/14/2024 4:15:14,2/14/2024 4:18:55,100,220,1,2/14/2024 4:18:55,R_6OTrddVjiKK6M8j,38.3048,-85.5865,EN,1,98,1,7,1,4,5,3,2,7,5,6,2,5,5,1, , , ,2, , ,2, , ,2, , ,1, , , , ,5, , ,1,1, , , , , , , , ,1,2,4,3,6,6,6,5, , ,7, , ,2, , ,3,2,1,3,3,2,1,2,2,3,1, , ,1, , ,3, , , , , ,1,12,13, ,11,12, ,15,5, ,8,8,8,2,26, , , ,1, , ,26,1,2
2/19/2024 4:49:02,2/19/2024 4:52:34,100,212,1,2/19/2024 4:52:35,R_7NtchSnRAK8rwQz,38.9924,-84.6462,EN,1,97,1,3,5,3,2,4,7,6,1,4,5,6,6,4, , , , , , ,-99, , ,-99, , ,2, , , , ,6, , ,1,2, , , , , , , , ,1,6,2,3,4,5,4, , , , , , , , , ,3,2,4,3,3,1,3,3,2,2,-99, , ,-99, , ,-99, , , , , ,2,11,12, ,17,9, ,14,7, ,7,8,8,2,25, , , , , , ,26,1,2
2/19/2024 5:02:02,2/19/2024 5:06:10,100,247,1,2/19/2024 5:06:11,R_6dEKPKMBNRnGo17,38.2406,-85.8156,EN,1,94,1,2,2,2,1,3,2,4,6,4,5,2,5,5, , , , , , ,-99, , ,-99, , ,1, , , , ,5, , ,2,-99, , , , , , , , ,1,5,2,5,5,3,3, , , , , , , , , ,1,3,2,4,3,3,3,3,1,2,-99, , ,-99, , ,-99, , , , , ,1,12,13, ,12,9, ,14,5, ,5,8,8,2,25, , , , , , ,26,1,2
2/19/2024 5:29:01,2/19/2024 5:32:09,100,187,1,2/19/2024 5:32:09,R_3YbvJ2KLZmV4wRL,37.9824,-84.4797,EN,1,77,1,2,7,1,3,5,3,2,3,2,6,6,2,7, , , , , , ,-99, , ,-99, , ,2, , , , ,4, , ,1,1, , , , , , , , ,2,-99,-99,-99,-99,-99,-99, , , , , , , , , ,1,2,2,3,3,3,3,3,2,1,-99, , ,-99, , ,-99, , , , , ,2,13,13, ,11,12, ,14,4, ,5,8,8,2,25, , , , , , ,26,1,2
2/19/2024 5:34:11,2/19/2024 5:37:18,100,187,1,2/19/2024 5:37:19,R_5wWZU0DHePkhq37,38.0858,-85.651,EN,1,93,1,6,2,3,7,7,3,3,4,2,2,4,6,5, , , , , , ,-99, , ,-99, , ,2, , , , ,3, , ,1,1, , , , , , , , ,3,5,2,6,5,4,5, , , , , , , , , ,3,1,4,3,3,4,3,3,2,1,-99, , ,-99, , ,-99, , , , , ,1,14,14, ,16,8, ,14,8, ,7,8,8,2,25, , , , , , ,26,1,2
2/19/2024 5:38:19,2/19/2024 5:42:48,100,269,1,2/19/2024 5:42:48,R_6pLWMOVpqPM7pN9,37.7538,-87.0779,EN,1,83,1,1,1,6,7,2,3,7,4,3,3,5,2,4, , , , , , ,-99, , ,-99, , ,2, , , , ,3, , ,1,1, , , , , , , , ,1,6,2,5,3,6,5, , , , , , , , , ,2,2,2,2,3,2,1,2,1,1,-99, , ,-99, , ,-99, , , , , ,1,13,14, ,11,11, ,15,8, ,5,8,8,2,25, , , , , , ,26,1,2
2/19/2024 5:50:53,2/19/2024 5:55:36,100,283,1,2/19/2024 5:55:37,R_38ImpBzTJXoY60n,38.3955,-84.2906,EN,1,68,1,6,4,1,3,6,2,7,5,3,2,6,5,1, , , , , , ,-99, , ,-99, , ,2, , , , ,2, , ,1,1, , , , , , , , ,2,-99,-99,-99,-99,-99,-99, , , , , , , , , ,3,3,2,3,3,1,3,2,3,1,-99, , ,-99, , ,-99, , , , , ,1,12,12, ,9,12, ,13,10, ,4,8,8,2,26,1,1, , , , ,26,1,2
2/19/2024 6:07:43,2/19/2024 6:10:49,100,185,1,2/19/2024 6:10:50,R_6CHgcLVBGel6Qjr,37.737,-85.2108,EN,1,62,1,4,4,2,3,2,2,6,1,4,3,6,5,4, , , , , , ,-99, , ,-99, , ,2, , , , ,3, , ,1,1, , , , , , , , ,2,-99,-99,-99,-99,-99,-99, , , , , , , , , ,1,4,1,3,3,3,3,3,1,2,-99, , ,-99, , ,-99, , , , , ,2,13,13, ,10,12, ,15,6, ,5,8,8,2,25, , , , , , ,26,1,2
2/19/2024 6:26:56,2/19/2024 6:33:03,100,367,1,2/19/2024 6:33:04,R_5nTIQmi4PMCMOPH,38.0012,-84.5325,EN,1,81,1,1,4,2,2,7,3,2,3,1,5,3,2,6, , , , , , ,-99, , ,-99, , ,1, , , , ,5, , ,2,-99, , , , , , , , ,3,6,2,6,4,4,4, , , , , , , , , ,3,1,3,2,3,2,2,3,3,2,-99, , ,-99, , ,-99, , , , , ,1,16,12, ,13,10, ,16,6, ,6,8,8,2,26,1,1, , , , ,26,1,2
2/19/2024 6:49:15,2/19/2024 7:03:54,100,879,1,2/19/2024 7:03:55,R_6E0jeYx47wQHnk9,38.1866,-85.6529,EN,1,65,1,4,2,7,6,3,6,2,4,5,4,2,5,3, , , , , , ,-99, , ,-99, , ,1, , , , ,6, , ,2,-99, , , , , , , , ,1,6,4,4,2,6,4, , , , , , , , , ,1,4,4,2,2,3,3,4,2,3,-99, , ,-99, , ,-99, , , , , ,2,11,12, ,17,10, ,13,5, ,8,8,8,2,25, , , , , , ,26,1,2
2/19/2024 6:49:15,2/19/2024 7:06:25,100,1030,1,2/19/2024 7:06:26,R_6agQDKwYnlllR3H,37.2983,-83.1912,EN,1,95,1,1,5,4,4,7,3,6,6,4,4,5,5,1, , , , , , ,-99, , ,-99, , ,2, , , , ,3, , ,1,1, , , , , , , , ,1,6,5,1,6,6,4,1,NA, ,1,NA, ,1,NA, ,2,4,4,3,2,2,3,1,2,2,-99, , ,-99, , ,-99, , , , , ,1,10,12, ,9,8, ,15,8, ,4,8,8,2,26,1, , , , , ,26,1,2
2/23/2024 8:22:49,2/23/2024 8:27:32,100,282,1,2/23/2024 8:27:32,R_7Kqk8gpd2SWXTQ5,38.4667,-83.2653,EN,1,68,1,4,6,5,6,6,6,4,4,7,6,5,4,5, , , , , , ,-99, , ,-99, , ,1, , , , ,3, , ,1,1, , , , , , , , ,1,6,4,4,5,5,3, , , , , , , , , ,3,2,3,3,3,3,2,2,4,2,-99, , ,-99, , ,-99, , , , , ,2,14,13, ,13,9, ,12,4, ,6,8,8,2,26,1, , ,1, , ,26,1,2
2/25/2024 10:26:51,2/25/2024 10:32:59,100,368,1,2/25/2024 10:33:00,R_3JntAkJtwphe3qF,40.759,-111.8876,EN,1,71,1,6,3,4,3,5,5,4,3,4,3,5,2,4, , , ,6, , ,7, , ,5, , ,1, , , , ,6, , ,1,1, , , , , , , , ,1,7,5,6,6,7,6,6, , ,7, , ,5, , ,3,4,4,4,3,3,4,4,3,4,4, , ,4, , ,3, , , , , ,1,11,12, ,16,11, ,12,6, ,5,8,8,2,26,1,1, ,1, , ,26,1,2
2/14/2024 3:13:07,2/14/2024 3:27:21,100,854,1,2/14/2024 3:27:22,R_3LtXJzpWqcUsNBf,38.3574,-85.613,EN,1,85,1,5,7,2,5,1,2,6,3,4,6,3,3,2, , , ,4, , ,1, , ,2, , ,1, , , , ,4, , ,2,-99, , , , , , , , ,1,2,7,5,5,6,5,3, , ,5, , ,3, , ,1,1,4,2,2,3,2,3,3,3,3, , ,4, , ,3, , , , , ,1,13,16, ,12,10, ,12,4, ,4,74, , ,25, , , , , , ,26,1, 
2/13/2024 21:30:56,2/13/2024 21:32:45,100,108,1,2/13/2024 21:32:45,R_1fV4BCgpTGUpvgr,34.0284,-117.2872,EN,1,68,1,5,7,7,6,6,4,6,4,6,5,5,7,7, , , , , , ,-99, , ,-99, , ,2, , , , ,7, , ,1,1, , , , , , , , ,1,3,5,3,7,7,2,1, , ,1, , ,1, , ,4,3,3,3,3,3,3,3,4,4,-99, , ,-99, , ,-99, , , , , ,1,11,13, ,17,12, ,12,6, ,5,7 years,7,2,26,1,1,1,1, , ,26,1,2
2/13/2024 21:57:43,2/13/2024 21:59:36,100,113,1,2/13/2024 21:59:37,R_32fmPmiL0e7uD6N,37.751,-97.822,EN,1,93,1,4,4,5,5,5,6,6,4,5,6,6,5,5, , , , , , ,-99, , ,-99, , ,2, , , , ,7, , ,1,1, , , , , , , , ,1,6,7,7,6,5,3, , , , , , , , , ,3,3,3,4,3,4,4,4,4,3,-99, , ,-99, , ,-99, , , , , ,1,13,13, ,17,11, ,12,4, ,7,7 years,7,2,26,1,1,1,1, , ,26,1,2
3/4/2024 7:39:55,3/4/2024 7:45:56,100,361,1,3/4/2024 7:45:57,R_6gb1aG1WrYGYYmZ,40.5366,-85.6579,EN,1,62,1,5,3,4,5,5,4,5,6,5,4,3,4,5, , , , , , ,-99, , ,-99, , ,2, , , , ,4, , ,1,2, , , , , , , , ,1,4,5,4,5,5,5, , , , , , , , , ,3,3,2,4,3,4,3,3,4,4,-99, , ,-99, , ,-99, , , , , ,2,11,13, ,17,11, ,12,4, ,5,7 years,7,2,26,1,1, , , , ,26,1,2
2/24/2024 18:44:17,2/24/2024 19:06:05,100,1308,1,2/24/2024 19:06:05,R_6kkeyOFAwTtj8lB,39.8335,-84.8983,EN,1,99,1,7,7,6,7,7,5,7,7,6,7,6,5,6,Financial struggles,2, ,6,Affordable and free indoor community activities for teens,5,7,"Trades programs for pre-teens and teenagers. Things like construction, plumbing, landscaping, self sufficiency skills. Apprenticeship programs.",1,5,Family programs that promote team building skills,6,2, , , , ,3,Most of the community programs and businesses that families and friends could go to together were shut down and closed permanently. Things have been slow to return,5,3,-99, , , , , , , , ,3,4,4,6,7,7,7, , , , , , , , , ,4,4,4,4,4,4,4,4,4,4,-99, , ,-99, , ,-99, , ,During the pandemic yes their services were severely impacted. Since returning to regular operations the programming has consistently been improving and I'm proud of all the work they have done., , ,1,13,13, ,12,9, ,16,8, ,5,7 1/2 years,7,2,26,1,1,1, , , ,26,1,2
2/13/2024 22:31:29,2/13/2024 22:34:57,100,207,1,2/13/2024 22:34:57,R_67Ir5eFK8yXI6VN,29.0039,-82.1887,EN,1,67,1,6,4,6,5,6,5,6,6,5,4,6,4,4, , , , , , ,-99, , ,-99, , ,2, , , , ,7, , ,1,1, , , , , , , , ,1,5,6,7,7,6,6, , , , , , , , , ,3,3,4,3,4,4,3,3,4,4,-99, , ,-99, , ,-99, , , , , ,1,11,12, ,17,8, ,12,6, ,5,7   years,7,2,26,1,1,1, , , ,26,1,2
2/19/2024 5:02:04,2/19/2024 5:06:05,100,240,1,2/19/2024 5:06:05,R_5k56ilmdLPMwETr,38.1608,-85.7807,EN,1,59,1,6,5,4,6,4,6,6,5,3,3,7,2,7, , , , , , ,-99, , ,-99, , ,1, , , , ,3, , ,1,1, , , , , , , , ,1,2,4,6,4,3,1,1,NA, ,1,NA, ,1,NA, ,2,3,2,4,3,3,2,2,2,3,-99, , ,-99, , ,-99, , , , , ,1,11,13, ,10,10, ,12,5, ,5,7,7,2,26,1, , , , , ,26,1,2
2/19/2024 5:07:17,2/19/2024 5:11:19,100,241,1,2/19/2024 5:11:19,R_6QRSGdhdjRBBNJN,37.019,-86.4537,EN,1,82,1,2,3,5,5,1,7,5,1,3,5,3,4,1, , , , , , ,-99, , ,-99, , ,1, , , , ,6, , ,2,-99, , , , , , , , ,1,5,2,5,4,5,3, , , , , , , , , ,3,1,1,2,3,1,3,3,2,1,-99, , ,-99, , ,-99, , , , , ,1,11,13, ,12,11, ,13,4, ,6,7,7,2,26,1, ,1, , , ,26,1,2
2/19/2024 5:29:00,2/19/2024 5:32:12,100,192,1,2/19/2024 5:32:13,R_7U1Wivre59q9Rdf,38.0052,-84.423,EN,1,91,1,3,5,4,4,5,2,6,6,6,5,6,2,1, , , , , , ,-99, , ,-99, , ,2, , , , ,5, , ,1,2, , , , , , , , ,2,-99,-99,-99,-99,-99,-99, , , , , , , , , ,2,2,3,2,2,4,3,3,4,2,-99, , ,-99, , ,-99, , , , , ,1,15,13, ,10,11, ,16,5, ,5,7,7,2,25, , , , , , ,26,1,2
2/19/2024 5:38:20,2/19/2024 5:41:56,100,216,1,2/19/2024 5:41:57,R_63xbuz1TMu3yINj,37.4868,-83.2913,EN,1,67,1,6,3,3,2,5,7,5,6,5,6,7,6,5, , , , , , ,-99, , ,-99, , ,2, , , , ,5, , ,1,1, , , , , , , , ,1,6,2,4,6,5,3, , , , , , , , , ,2,2,2,1,1,1,3,3,3,4,-99, , ,-99, , ,-99, , , , , ,1,14,14, ,11,10, ,13,7, ,7,7,7,2,26,1, ,1, , , ,26,1,2
2/19/2024 6:07:40,2/19/2024 6:11:12,100,212,1,2/19/2024 6:11:13,R_3fPoJdFIIZmCH5f,38.0896,-85.8491,EN,1,69,1,3,7,5,2,3,2,4,6,3,3,3,4,5, , , , , , ,-99, , ,-99, , ,2, , , , ,2, , ,1,1, , , , , , , , ,2,-99,-99,-99,-99,-99,-99, , , , , , , , , ,3,4,3,1,2,4,2,3,3,4,-99, , ,-99, , ,-99, , , , , ,1,12,12, ,13,12, ,15,7, ,9,7,7,2,26,1,1, , , , ,26,1,2
2/19/2024 6:33:47,2/19/2024 6:40:01,100,373,1,2/19/2024 6:40:01,R_7r0a0lQuB7lvdIU,37.5783,-84.2741,EN,1,92,1,5,4,7,4,6,6,4,2,3,6,6,6,2, , , , , , ,-99, , ,-99, , ,2, , , , ,2, , ,1,2, , , , , , , , ,1,6,2,6,4,4,3, , , , , , , , , ,2,4,2,3,3,2,3,1,2,4,-99, , ,-99, , ,-99, , , , , ,1,13,12, ,10,12, ,12,8, ,6,7,7,2,25, , , , , , ,26,1,2
2/21/2024 1:55:31,2/21/2024 2:10:00,100,868,1,2/21/2024 2:10:01,R_1S76ImN1GteJCRX,34.0544,-118.2441,EN,1,65,1,7,6,5,5,6,6,6,6,6,6,7,6,6, , , ,5, , ,4, , ,5, , ,1,Shopping and accommodation needs,15,Find ways from multiple sources and go shopping in farther places, ,4,"Influence,", ,1,1,In terms of work and life, ,I feel very good, , , , , ,1,7,7,7,7,6,7, , , , , , , , , ,4,4,4,4,4,4,4,4,4,4,-99, , ,-99, , ,-99, , ,No effect, , ,1,11,12, ,16,11, ,12,4, ,5,6years,6,2,26,1,1, , , , ,26,1,2
2/25/2024 6:57:32,2/25/2024 7:10:46,100,794,1,2/25/2024 7:10:47,R_6OOyRwsJYv2MVqh,40.5743,-85.6741,EN,1,67,1,6,5,6,6,5,5,6,7,7,7,6,6,6,Mental health,9, , ,Half way houses to help and educate those returning to society,3,-99,Getting and helping young people to stay in school and offer jobs or something to transition to being adults.  Instead of here's a diploma good luck,6,-99, , ,1,Family members needing mental health care and it is extremely lacking,9,Just tried to deal with on our own,4,2,Yes no one has any motivation to work anymore,3,3,-99, , , , , , , , ,1,4,5,5,5,6,5, , , , , , , , , ,4,4,4,4,4,4,4,4,4,4,-99, , ,-99, , ,-99, , ,No not really, , ,1,15,13, ,15,11, ,13,4, ,5,65 years,65,5,26, ,1, , , , ,26,1,10
2/23/2024 14:44:07,2/23/2024 16:26:07,100,6119,1,2/23/2024 16:26:07,R_1bIfWh4a1i1L7qD,40.5104,-85.8283,EN,1,67,1,7,7,4,5,7,1,5,7,7,2,4,5,2,Health Care Many doctors have left and now we do not have enough We have only two obstetricians for the entire county,8,1,7,Drug abuse,0,-99, , ,-99, , ,1,Health Care I had to find healthcare in Wabash County after having lost five primary care providers in 10 years,8,I drive out of county for all of my medical procedures,4,1,It has not impacted me
I see no lasting impact from it on our community except that churches still suffer from attendance problems,8,1,2, , , , , , ,They give care packages which I do not need,1,3,4,4,5,7,7,3,7,Library access for county residents, , , , , , , ,4,4,3,4,3,2,3,4,4,3,-99, , ,-99, , ,-99, , ,No, , ,1,14,13, ,17,14,Retired,14,4, ,5,64 years,64,5,26,1,1, , , , ,26,1,10
3/14/2024 20:52:49,3/14/2024 21:06:33,100,823,1,3/14/2024 21:06:34,R_7d3854OGqY3bCcF,40.5692,-85.6623,EN,1,67,1,4,7,5,6,1,1,5,6,4,6,4,4,4,Transportation because lack of a well running consistent and daily public transport causes patients to miss appointments for healthcare and work and interviews and ability to drive to the grocery stores that are further away causing them to shop at higher priced gas stations,10,4, , , ,-99, , ,-99, , ,2, , , , ,3,It impacted me by not being able to find childcare for my son who was less than one year old during COVID as a few daycares closed for good or were not able to accept children under 1,2,1,2, , , , , , ,I haven’t personally needed the social service they provide but I have referred my patients to use them,1,1,4,7,4,7,7,4, , , , , , , , , ,2,4,4,4,3,2,4,4,2,4,-99, , ,-99, , ,-99, , ,No, , ,2,11,13, ,16,11, ,12,4, ,5,6 years,6,2,26,1,1, , , , ,26,1,2
2/29/2024 13:08:16,2/29/2024 13:18:11,100,595,1,2/29/2024 13:18:12,R_7Ys8P4wdCUn9ST6,42.7293,-84.5548,EN,1,70,1,4,6,6,5,4,4,4,5,7,6,4,4,5,Mental Health and substance abuse is a huge issue I think there is not enough resources available to the public and if there is the wait  is very long,9, , ,Transportation expansion is needed,0,-99, , ,-99, , ,2, , , , ,2,Yes I lost my job there are not enough high paying jobs for people and housing is scarce,4,1,2, , , , , , ,I don't think the Libra communicates the availability of these programs,2,1,5,5,5,6,7,6, , , , , , , , , ,4,4,4,2,4,2,4,4,3,3,-99, , ,-99, , ,-99, , ,No, , ,1,12,13, ,14,14,Human services,14,4, ,7,6 years,6,2,26,1,1,1, , , ,26,1,2
2/19/2024 3:57:13,2/19/2024 4:01:17,100,243,1,2/19/2024 4:01:17,R_52s11f84XAy0B6p,37.752,-87.1514,EN,1,64,1,3,5,5,4,6,3,4,6,5,3,5,5,3, , , , , , ,-99, , ,-99, , ,2, , , , ,7, , ,1,1, , , , , , , , ,1,5,2,7,6,4,4,1, , ,6, , ,5, , ,1,2,2,2,2,2,1,1,2,3,-99, , ,-99, , ,-99, , , , , ,1,11,13, ,12,9, ,13,5, ,5,6 years,6,2,26, , , ,1, , ,26,1,2
2/20/2024 11:30:30,2/20/2024 11:42:24,93,713,0,2/27/2024 11:42:27,R_4fAUW1zEVxsj474, , ,EN,1,61,1,6,7,6,5,4,4,5,5,6,7,6,5,6, , , , , , ,-99, , ,-99, , ,2, , , , ,6, , ,1,1, , , , , , , , ,1,6,5,4,5,7,7, , , , , , , , , ,3,3,4,3,2,3,4,3,2,3,-99, , ,-99, , ,-99, , , , , ,1,11,12, ,13,12, ,12,4, ,5,6 years,6,2,26,1, , , , , ,26,1,2
2/13/2024 21:28:13,2/13/2024 21:30:21,100,127,1,2/13/2024 21:30:21,R_30vMVnflgw9n7dW,33.9249,-117.4592,EN,1,66,1,7,6,5,4,5,6,4,4,4,7,6,7,6, , , , , , ,-99, , ,-99, , ,2, , , , ,7, , ,1,1, , , , , , , , ,1,6,6,5,6,7,6, , , , , , , , , ,2,2,2,4,4,2,3,3,3,3,-99, , ,-99, , ,-99, , , , , ,1,10,12, ,13,9, ,12,5, ,4,6  years,6,2,26,1,1,1,1, , ,26,1,2
2/13/2024 21:45:06,2/13/2024 21:47:11,100,125,1,2/13/2024 21:47:12,R_1GcRRa739NLMROL,38.8341,-76.7974,EN,1,56,1,4,5,7,5,6,7,4,6,6,6,5,7,6, , , , , , ,-99, , ,-99, , ,2, , , , ,7, , ,1,1, , , , , , , , ,1,5,6,7,7,6,6, , , , , , , , , ,4,2,3,3,4,4,2,3,2,4,-99, , ,-99, , ,-99, , , , , ,1,11,13, ,13,12, ,13,7, ,5,6   years,6,2,26,1,1,1,1, , ,26,1,2
2/13/2024 22:03:53,2/13/2024 22:08:44,100,290,1,2/13/2024 22:08:44,R_71haaPQFi9PbXbP,34.0544,-118.2441,EN,1,4,1,3,1,5,2,4,7,2,2,5,2,7,3,2, , , ,3, , ,2, , ,4, , ,1,na, ,NA, ,6,NA, ,1,1,NA, ,NA, , , , , ,1,4,5,7,3,4,6,6,NA, ,5,NA, ,3,NA, ,2,2,2,1,3,1,4,4,3,1,2,NA, ,1,NA, ,3,NA, ,NA, , ,1,12,13, ,16,12, ,12,4, ,5,6,6,2,25, , , , , , ,26,1,2
2/14/2024 3:04:10,2/14/2024 3:07:43,100,212,1,2/14/2024 3:07:43,R_1mGenWSduUA3sop,37.752,-87.1514,EN,1,66,1,3,1,5,2,3,2,3,6,4,5,2,6,1, , , ,2, , ,3, , ,7, , ,1, , , , ,3, , ,3,-99, , , , , , , , ,1,3,4,3,1,2,4,4, , ,6, , ,6, , ,3,4,3,2,1,2,3,2,2,3,2, , ,3, , ,4, , , , , ,1,13,13, ,16,10, ,15,9, ,8,6,6,2,25, , , , , , ,26,1,2
2/14/2024 5:04:39,2/14/2024 5:14:29,100,589,1,2/14/2024 5:14:30,R_1SxFmkYeA7WeNwh,37.5783,-84.2741,EN,1,99,1,5,5,1,5,7,6,4,3,3,5,3,1,4, , , ,2, , ,7, , ,1, , ,2, , , , ,3, , ,1,2, , , , , , , , ,3,4,5,5,4,5,3,2, , ,3, , ,5, , ,2,2,1,2,3,3,3,3,3,2,4, , ,2, , ,4, , , , , ,2,13,12, ,9,10, ,13,9, ,9,6,6,2,25, , , , , , ,26,1,2
2/19/2024 4:49:00,2/19/2024 4:52:37,100,217,1,2/19/2024 4:52:38,R_5GJfqvkNmXp1lVT,36.9365,-84.0901,EN,1,89,1,3,6,4,7,6,5,6,1,3,7,3,1,5, , , , , , ,-99, , ,-99, , ,1, , , , ,5, , ,1,2, , , , , , , , ,2,-99,-99,-99,-99,-99,-99, , , , , , , , , ,3,3,1,2,4,3,1,3,2,2,-99, , ,-99, , ,-99, , , , , ,1,12,13, ,16,8, ,14,5, ,6,6,6,2,26,1, , , , , ,26,1,2
2/19/2024 4:57:12,2/19/2024 5:01:08,100,235,1,2/19/2024 5:01:08,R_7c0MTSOFuMGmBZT,37.751,-97.822,EN,1,98,1,3,3,3,4,3,3,7,3,5,4,3,4,6, , , , , , ,-99, , ,-99, , ,1, , , , ,4, , ,3,-99, , , , , , , , ,1,7,3,2,6,3,5,1,NA, ,1,NA, ,1,NA, ,3,3,1,2,3,3,2,1,1,3,-99, , ,-99, , ,-99, , , , , ,1,12,13, ,10,9, ,16,9, ,5,6,6,2,25, , , , , , ,26,1,2
2/19/2024 5:12:11,2/19/2024 5:15:38,100,206,1,2/19/2024 5:15:38,R_5C3my7D9yU5bTV9,38.0858,-85.651,EN,1,96,1,5,4,5,1,4,7,3,5,4,4,6,3,4, , , , , , ,-99, , ,-99, , ,2, , , , ,6, , ,1,2, , , , , , , , ,1,6,2,6,3,4,4, , , , , , , , , ,1,3,2,4,2,3,4,3,2,2,-99, , ,-99, , ,-99, , , , , ,1,13,12, ,9,10, ,14,4, ,9,6,6,2,25, , , , , , ,26,1,2
2/19/2024 5:29:04,2/19/2024 5:32:05,100,180,1,2/19/2024 5:32:05,R_3cc1MUCiFIZ0jHX,38.0896,-85.8491,EN,1,66,1,2,6,6,3,2,5,6,2,5,7,5,6,7, , , , , , ,-99, , ,-99, , ,1, , , , ,3, , ,1,1, , , , , , , , ,1,6,3,4,4,2,5, , , , , , , , , ,3,3,2,3,2,4,4,3,3,1,-99, , ,-99, , ,-99, , , , , ,2,13,12, ,9,9, ,13,11, ,8,6,6,2,26, , , ,1, , ,26,1,2
2/19/2024 5:38:22,2/19/2024 5:41:52,100,209,1,2/19/2024 5:41:52,R_61jjVRIiYjy6k3h,37.751,-97.822,EN,1,64,1,3,3,4,1,5,3,2,7,4,6,5,4,3, , , , , , ,-99, , ,-99, , ,2, , , , ,4, , ,1,1, , , , , , , , ,1,3,5,5,4,2,3, , , , , , , , , ,1,3,3,1,4,2,1,2,2,4,-99, , ,-99, , ,-99, , , , , ,2,16,14, ,14,10, ,13,6, ,5,6,6,2,26,1,1, , , , ,26,1,2
2/19/2024 5:50:55,2/19/2024 5:53:12,100,137,1,2/19/2024 5:53:13,R_3ZfJ0EXxh1z48jn,38.0198,-84.5766,EN,1,63,1,2,1,2,3,2,1,6,5,7,2,1,1,3, , , , , , ,-99, , ,-99, , ,2, , , , ,3, , ,1,1, , , , , , , , ,2,-99,-99,-99,-99,-99,-99, , , , , , , , , ,3,3,2,2,1,3,4,4,2,2,-99, , ,-99, , ,-99, , , , , ,2,15,13, ,16,12, ,13,4, ,4,6,6,2,26, ,1, ,1, , ,26,1,2
2/19/2024 6:22:05,2/19/2024 6:25:37,100,212,1,2/19/2024 6:25:38,R_67iYBGfmaJjI6WF,38.0463,-85.5608,EN,1,58,1,6,4,5,2,1,4,4,1,3,6,5,5,5, , , , , , ,-99, , ,-99, , ,2, , , , ,2, , ,1,1, , , , , , , , ,2,-99,-99,-99,-99,-99,-99, , , , , , , , , ,2,2,2,4,1,3,2,2,4,4,-99, , ,-99, , ,-99, , , , , ,2,14,13, ,12,11, ,13,6, ,8,6,6,2,25, , , , , , ,26,1,2
2/19/2024 6:40:25,2/19/2024 6:42:53,100,148,1,2/19/2024 6:42:53,R_536YYvVn8yXHcY0,36.1872,-115.131,EN,1,61,1,1,2,1,4,2,5,2,3,6,2,7,5,5, , , , , , ,-99, , ,-99, , ,2, , , , ,3, , ,1,1, , , , , , , , ,1,3,4,2,6,6,4, , , , , , , , , ,4,4,4,2,3,3,2,4,2,3,-99, , ,-99, , ,-99, , , , , ,1,16,13, ,14,13, ,12,5, ,5,6,6,2,26,1,1, , , , ,26,1,2
2/23/2024 23:14:50,2/23/2024 23:23:01,100,491,1,2/23/2024 23:23:01,R_3MvkDErL4YxH2QF,40.5743,-85.6741,EN,1,67,1,6,7,6,6,6,3,3,3,6,5,6,2,3,Transportation,10, , , , ,-99, , ,-99, , ,1,Transportation. Housing,10, , ,2,Yes I never really left the house again,1,2,-99, , , , , , ,Anxiety,3,1,4,5,2,4,2,2, , , , , , , , , ,1,2,1,2,2,1,1,2,3,2,-99, , ,-99, , ,-99, , ,No, , ,2,12,13, ,15,14,Ssi,16,4, ,4,5years,5,1,26, ,1, , , , ,26,1,1
2/13/2024 10:42:24,2/13/2024 12:18:07,100,5742,1,2/13/2024 12:18:07,R_2Ev4ZzRZ3U595Fv,12.996,7.6049,EN,1,81,1,5,5,5,5,6,4,5,7,5,4,5,4,4,Health care
This is the most important of all for the well being of individuals in the community,8,4,6,Very good Waters, ,5,Stable electricity, ,5,Good Job opportunities,0,1,Water,1,I didn't address the issue., ,6,"Yes, it has...It lead to distruption of essential services.",2,2,-99, , , , , , ,Couldn't get access to it,3,1,6,5,4,5,4,5,5, , ,4, , ,5, , ,4,4,1,2,2,3,4,3,4,3,3, , ,3, , ,3, , ,"Yes, restriction of movement", , ,1,11,13, ,16,11, ,12,5, ,5,5years,5,1,26, ,1, , , , ,26,1,1
2/14/2024 22:39:44,2/14/2024 22:41:47,100,122,1,2/14/2024 22:41:48,R_3KD9F6fAp4l3fbv,25.8906,-80.1784,EN,1,83,1,1,1,4,4,4,1,5,3,3,1,4,3,5, , , , , , ,-99, , ,-99, , ,2, , , , ,2, , ,1,1, , , , , , , , ,2,-99,-99,-99,-99,-99,-99, , , , , , , , , ,3,2,2,3,1,2,1,2,3,1,-99, , ,-99, , ,-99, , , , , ,1,16,12, ,14,9, ,12,6, ,5,55  years,55,5,26, ,1,1,1, , ,26,1,10
2/13/2024 20:24:16,2/13/2024 20:26:22,100,126,1,2/13/2024 20:26:23,R_54YBaEOEYtkWu0V,41.2884,-95.9972,EN,1,95,1,4,5,5,6,6,7,4,4,3,3,7,2,5, , , , , , ,-99, , ,-99, , ,2, , , , ,7, , ,1,1, , , , , , , , ,1,6,5,6,7,7,7, , , , , , , , , ,3,3,3,3,2,3,3,3,4,4,-99, , ,-99, , ,-99, , , , , ,1,16,12, ,17,9, ,14,5, ,5,55   years,55,5,26,1,1,1,1, , ,26,1,10
2/25/2024 10:41:54,2/25/2024 11:05:20,100,1406,1,2/25/2024 11:05:21,R_51jgLXdlJBPRKQm,40.5025,-86.1462,EN,1,65,1,3,4,5,5,2,3,6,7,4,6,4,5,7, , , ,4, , ,6, , ,7, , ,1,"Health services: Community residents may need easily accessible health services, including medical institutions, clinics, and emergency medical facilities. This may also include preventive care, health education and mental health support.",8,"Community involvement and advocacy: Community members are encouraged to participate in community affairs, government decision-making, and community advocacy activities to promote democratic participation and community development. This can be facilitated through community forums, civic education programs, or community organizations.", ,6,Food and basic living needs: The epidemic may affect people's food and basic living needs. Here are some suggestions: Ensure the stability and safety of the food supply chain and provide adequate food stocks. Food assistance and distribution services for needy families. Support local farmers and small businesses to promote local food production and supply.,2,2,-99, , , ,1, , ,He helped me a lot, ,1,4,6,7,6,6,5,5, , ,5, , ,5, , ,3,4,1,3,4,3,1,4,3,3,4, , ,2, , ,2, , ,"Supporting learning and distance learning: As the pandemic causes schools and educational institutions to close or switch to distance learning, public libraries can play an important role in supporting the learning and teaching needs of students and teachers. Libraries can provide learning resources, reference materials, online courses, and tutoring support to help students and teachers adapt to a distance learning environment.", , ,1,13,13, ,13,9, ,13,4, ,5,55,55,5,26, ,1, ,1, , ,26,1,10
2/13/2024 20:52:28,2/13/2024 20:54:26,100,118,1,2/13/2024 20:54:27,R_79EGH1hGZ6MKc5b,36.1175,-95.8196,EN,1,58,1,3,3,4,3,5,2,6,2,7,6,6,3,2, , , , , , ,-99, , ,-99, , ,1, , , , ,7, , ,1,1, , , , , , , , ,1,4,6,7,6,6,5, , , , , , , , , ,3,3,4,2,4,4,3,3,3,2,-99, , ,-99, , ,-99, , , , , ,1,16,13, ,17,11, ,12,4, ,5,54  years,54,5,26,1,1,1,1, , ,26,1,10
2/23/2024 14:50:45,2/23/2024 15:00:14,100,569,1,2/23/2024 15:00:14,R_1IaeWkyADdumCG2,40.5743,-85.6741,EN,1,67,1,5,4,6,7,3,2,2,7,7,7,7,5,1,Housing Affordable for low income and disabled,4, , , , ,-99, , ,-99, , ,1,Affordable housing,4, , ,1,No.,8,3,-99, , , , , , , , ,1,5,6,7,6,7,7, , , , , , , , , ,4,4,4,4,4,4,2,4,4,4,-99, , ,-99, , ,-99, , , , , ,2,13,13, ,15,14,SSI,14,10, ,7,53yrs,53,5,26, ,1, , ,1,Tablet,26,1,10
2/23/2024 22:39:59,2/23/2024 22:54:59,100,900,1,2/23/2024 22:55:00,R_1E7h7oM4jDbBrpj,40.5743,-85.6741,EN,1,67,1,7,6,2,6,2,3,7,6,5,5,4,3,3,Crime has gotten extremely bad in Grant County especially shootings and the amount of guns in general,1,2,7,Daycare options and assistance with daycare for infants for working parents,0,7,Higher paying jobs,0,7,More accessible and afforable SAFE housing,0,1,Federal assistance programs requirements impossible to fulfill due to lack of daycare options,7,My daughter lost food stamp benefits due to lack of childcare options.  She is currently not working and living with parents,4,4, ,5,3,-99, , , , , , , , ,1,6,6,6,6,6,6, , , , , , , , , ,4,2,3,3,4,4,2,2,4,4,-99, , ,-99, , ,-99, , ,No, , ,2,13,13, ,15,14,Social Security and Veterans Benefits,14,4, ,5,52 years,52,5,26, , , , ,1,Home computer,26,1,10
2/13/2024 23:09:26,2/13/2024 23:11:28,100,121,1,2/13/2024 23:11:28,R_5MTdSktYitxGn6h,40.7005,-73.2407,EN,1,59,1,5,6,5,7,4,4,5,6,4,6,6,6,7, , , , , , ,-99, , ,-99, , ,2, , , , ,6, , ,1,1, , , , , , , , ,1,6,6,6,5,6,7, , , , , , , , , ,4,3,4,4,3,4,3,4,4,3,-99, , ,-99, , ,-99, , , , , ,1,13,12, ,16,11, ,12,7, ,5,51 years,51,5,26,1,1,1,1, , ,26,1,10
2/13/2024 23:45:38,2/13/2024 23:47:28,100,110,1,2/13/2024 23:47:29,R_3L6MDHvevBWSlBD,33.7485,-84.3871,EN,1,62,1,5,5,7,5,7,6,5,5,6,4,4,5,5, , , , , , ,-99, , ,-99, , ,2, , , , ,6, , ,1,1, , , , , , , , ,1,6,6,5,6,7,6, , , , , , , , , ,3,4,3,4,3,4,4,4,4,3,-99, , ,-99, , ,-99, , , , , ,1,13,12, ,16,10, ,12,6, ,5,51 years,51,5,26,1,1,1,1, , ,26,1,10
2/13/2024 18:49:32,2/13/2024 18:51:34,100,122,1,2/13/2024 18:51:34,R_6UnGJpSeAjGAzZf,43.5721,-90.1348,EN,1,56,1,7,6,6,7,7,6,6,5,6,5,7,7,6, , , , , , ,-99, , ,-99, , ,2, , , , ,6, , ,1,1, , , , , , , , ,1,6,7,6,7,6,7, , , , , , , , , ,4,3,3,3,3,4,3,3,4,3,-99, , ,-99, , ,-99, , , , , ,1,13,12, ,16,11, ,12,4, ,5,50 years,50,5,26,1,1,1,1, , ,26,1,10
2/13/2024 22:55:44,2/13/2024 22:58:05,100,141,1,2/13/2024 22:58:06,R_5VEh7pHnBRC0Xgc,37.2507,-121.836,EN,1,60,1,7,5,5,4,5,6,7,4,5,7,5,4,4, , , , , , ,-99, , ,-99, , ,2, , , , ,6, , ,1,1, , , , , , , , ,1,7,6,5,6,7,6, , , , , , , , , ,4,3,4,4,4,4,4,3,3,3,-99, , ,-99, , ,-99, , , , , ,1,13,12, ,16,10, ,12,4, ,5,50 years,50,5,26,1,1,1,1, , ,26,1,10
2/13/2024 23:25:50,2/13/2024 23:27:49,100,119,1,2/13/2024 23:27:50,R_6qwGVJz69pKFiA3,25.7838,-80.1823,EN,1,66,1,5,5,6,5,6,5,6,6,5,4,6,5,5, , , , , , ,-99, , ,-99, , ,2, , , , ,6, , ,1,1, , , , , , , , ,1,7,6,7,6,5,6, , , , , , , , , ,3,4,4,3,3,4,4,3,4,4,-99, , ,-99, , ,-99, , , , , ,1,13,12, ,16,8, ,12,4, ,5,50 years,50,5,26,1,1,1,1, , ,26,1,10
2/13/2024 23:35:17,2/13/2024 23:37:25,100,127,1,2/13/2024 23:37:25,R_17fAFvON5BBfQu2,27.2545,-82.5423,EN,1,67,1,6,4,5,6,6,5,5,7,5,5,5,7,5, , , , , , ,-99, , ,-99, , ,2, , , , ,6, , ,1,1, , , , , , , , ,1,7,5,6,7,6,6, , , , , , , , , ,4,3,4,3,4,3,3,4,3,4,-99, , ,-99, , ,-99, , , , , ,1,13,12, ,17,11, ,12,4, ,5,50 years,50,5,26,1,1,1,1, , ,26,1,10
2/14/2024 4:16:52,2/14/2024 4:18:37,100,105,1,2/14/2024 4:18:38,R_3Ik3tcoZ4DeIwg1,33.8266,-84.6007,EN,1,69,1,7,5,6,6,7,4,4,5,5,4,6,4,4, , , , , , ,-99, , ,-99, , ,2, , , , ,6, , ,1,1, , , , , , , , ,1,7,6,7,6,6,6, , , , , , , , , ,3,3,3,4,3,3,4,3,3,4,-99, , ,-99, , ,-99, , , , , ,1,13,12, ,16,11, ,12,5, ,5,50 years,50,5,26,1,1,1,1, , ,26,1,10
2/13/2024 20:18:57,2/13/2024 20:21:01,100,123,1,2/13/2024 20:21:01,R_5HH2e14pEBOqbWy,39.0005,-76.9712,EN,1,68,1,1,1,2,2,2,2,1,1,2,2,1,2,1, , , , , , ,-99, , ,-99, , ,2, , , , ,1, , ,1,1, , , , , , , , ,1,3,2,3,2,3,1, , , , , , , , , ,2,1,2,2,2,2,1,3,1,2,-99, , ,-99, , ,-99, , , , , ,1,15,12, ,17,8, ,12,4, ,5,50   years,50,5,26,1,1,1,1, , ,26,1,10
2/13/2024 20:21:35,2/13/2024 20:23:50,100,135,1,2/13/2024 20:23:51,R_3lK6bJ3T8s9IMvw,38.6273,-76.9859,EN,1,100,1,4,5,4,6,5,6,6,7,7,6,6,5,5, , , , , , ,-99, , ,-99, , ,2, , , , ,7, , ,1,1, , , , , , , , ,1,7,6,6,6,7,7, , , , , , , , , ,4,2,4,3,2,3,3,4,3,4,-99, , ,-99, , ,-99, , , , , ,1,16,12, ,17,8, ,15,4, ,5,50   years,50,5,26,1,1,1,1, , ,26,1,10
3/1/2024 17:47:12,3/1/2024 17:57:28,100,616,1,3/1/2024 17:57:29,R_5VxYuTS6nTvgDIf,40.5366,-85.6579,EN,1,67,1,6,6,5,4,3,2,7,6,7,4,7,2,3,Mental health,9, , , , ,-99, , ,-99, , ,1,Lack of child care options and lack of mental health counseling options or marriage counseling options.,7,Still looking for options.,4,3,Isolated more,1,2,-99, , , , , , ,I don’t know about the services,4,1,6,7,4,4,7,4, , , , , , , , , ,4,4,4,4,1,1,1,4,3,2,-99, , ,-99, , ,-99, , ,No, , ,1,11,13, ,17,11, ,13,4, ,5,5 years,5,1,26,1,1, , , , ,26,1,1
2/24/2024 14:48:44,2/24/2024 15:06:17,100,1053,1,2/24/2024 15:06:17,R_3EtKYaEeQTUEmiz,40.7157,-74,EN,1,4,1,5,5,6,7,7,5,4,6,6,5,5,4,3,Housing
Education,4, ,7,Good education,0,7,We need agricultural support,4,6,We also need good health care services,0,2, , , , ,2,Yes it has and also on the community.

Most of the community residents are middle and low class personnel and the pandemic has caused more poverty and end of business to many.,4,3,-99, , , , , , , , ,1,6,7,5,6,5,7,5,Housing or mortgage companies, , , , , , , ,4,4,4,4,4,4,4,4,4,4,-99, , ,-99, , ,-99, , ,"I really can't say, but I believe the pandemic most have affected their plans for the community", , ,2,11,12, ,15,10, ,12,5, ,5,5 years,5,1,26,1,1, , , , ,26,1,1
3/4/2024 11:11:21,3/4/2024 11:26:47,100,925,1,3/4/2024 11:26:48,R_1CMVAM48behz2JI,10,8,EN,1,57,1,5,5,7,4,6,4,6,7,7,5,5,3,3,Food insecurity because many household are living below poverty line,3,2, ,Health issues,0,6,Transportation,0,5, , ,1,Increase in prices of food,2, , ,2,"Yes, I am struggling to pay my rent",4,3,-99, , , , , , , , ,1,5,5,3,6,4,5, , , , , , , , , ,4,4,4,4,4,4,4,4,4,4,-99,Mo, ,4,No, ,4, , ,Yes... I can't pay my rent in time, , ,1,12,12, ,16,8, ,13,8, ,4,5 years,5,1,26, ,1, , , , ,26,1,1
3/3/2024 5:07:50,3/3/2024 5:57:46,100,2996,1,3/3/2024 5:57:47,R_5VryUoJwGng6p7o,37.1835,-121.7714,EN,1,57,1,4,5,5,6,6,5,5,5,5,6,5,5,5,Education and housing needs are essential,5,4, ,without, ,5,Not, ,4, , ,1,community mental health education,9,Multi-faceted, ,5,"Yes, there are many aspects", ,1,1,many-sided, , good非常,2, , , , ,1,4,5,5,5,5,5,4, , ,5, , ,5, , ,3,3,4,3,3,4,4,4,4,4,3, , ,3, , ,4, , ,Not have, , ,1,11,12, ,14,10, ,12,4, ,5,5 years,5,1,26,1,1,1,1, , ,26,1,1
3/3/2024 4:49:05,3/3/2024 4:53:37,100,272,1,3/3/2024 4:53:38,R_3Kx2aD2bSyc5iUA,37.1835,-121.7714,EN,1,57,1,2,3,2,3,3,4,4,3,4,4,4,4,4, , , ,3, , ,3, , ,4, , ,2, , , , ,5, , ,1,1, , , , , , , , ,1,5,5,6,6,5,6,3, , ,3, , ,6, , ,3,3,3,4,4,3,4,4,4,3,3, , ,3, , ,3, , , , , ,1,11,12, ,16,11, ,12,4, ,5,5 years,5,1,26,1,1, , , , ,26,1,1
3/4/2024 7:39:53,3/4/2024 7:45:56,100,362,1,3/4/2024 7:45:56,R_3WDtoQlSUflhwbO,41.624,-85.8254,EN,1,59,1,6,4,6,6,7,5,6,6,5,4,4,5,6, , , , , , ,-99, , ,-99, , ,1, , , , ,5, , ,1,1, , , , , , , , ,1,4,3,5,5,6,5, , , , , , , , , ,3,3,4,2,3,4,4,3,4,3,-99, , ,-99, , ,-99, , , , , ,1,11,13, ,17,11, ,12,4, ,5,5 years,5,1,26,1,1,1, , , ,26,1,1
2/14/2024 23:02:05,2/14/2024 23:03:59,100,114,1,2/14/2024 23:04:00,R_6Grp8JMUk05Lodb,39.922,-79.8366,EN,1,93,1,3,5,6,6,3,2,5,3,4,5,2,7,5, , , , , , ,-99, , ,-99, , ,2, , , , ,6, , ,1,1, , , , , , , , ,1,5,7,6,5,5,6,1, , ,1, , ,1, , ,4,3,3,3,3,4,4,4,3,4,-99, , ,-99, , ,-99, , , , , ,1,13,13, , ,9, ,12,5, ,5,5  years,5,1,26,1,1,1, , , ,26,1,1
2/21/2024 5:08:51,2/21/2024 5:22:10,100,799,1,2/21/2024 5:22:11,R_1DkbPnJ4cs5obhE,47.6144,-122.3447,EN,1,4,1,7,7,7,7,7,5,5,7,7,7,7,7,7,no, , ,6, , ,7, , ,7, , ,2, , , , ,5,not yet,8,1,2, , , , , , ,There's not much time.,3,1,6,7,6,7,7,7,1, , ,1, , ,1, , ,4,4,4,4,4,4,4,4,4,4,1, , ,1, , ,1, , ,no, , ,1,12,12, ,12,12, ,13,10, ,5,5,5,1,26,1,1,1,1, , ,26,1,1
2/19/2024 6:33:49,2/19/2024 6:39:42,100,352,1,2/19/2024 6:39:42,R_5OXqjfcUjx6UHYd,37.5426,-82.2085,EN,1,69,1,5,4,3,4,2,4,4,5,7,3,2,3,4, , , , , , ,-99, , ,-99, , ,2, , , , ,3, , ,1,2, , , , , , , , ,1,6,2,2,6,6,4, , , , , , , , , ,2,2,3,2,4,2,2,3,1,1,-99, , ,-99, , ,-99, , , , , ,1,16,13, ,10,13, ,12,6, ,6,5,5,1,25, , , , , , ,26,1,1
2/21/2024 23:47:55,2/21/2024 23:52:52,100,296,1,2/21/2024 23:52:52,R_1JEMhBxug4VjvIn,43.1806,-77.5948,EN,1,92,1,4,4,4,4,4,4,4,4,4,4,4,4,4, , , , , , ,-99, , ,-99, , ,2, , , , ,6,新冠疫情导致了全球范围内对医疗资源的大量需求，尤其是在疫情初期。医院面临患者激增的压力，医疗系统需要迅速适应以提供充足的护理。这包括增加重症监护病房（ICU）的能力、使用呼吸机和其他生命支持设备，以及确保有足够的个人防护装备（PPE）供医护人员使用。

此外，疫情期间，社区需求也发生了变化。例如，许多常规医疗服务不得不推迟或改为远程进行，以便为新冠患者腾出空间和资源。同时，心理健康支持的需求增加，因为隔离措施和疫情带来的不确定性给许多人带来了心理压力。

为了应对这些挑战，各国政府、卫生组织和医疗机构采取了一系列措施：

1. 加强公共卫生措施：包括推广戴口罩、保持社交距离、勤洗手和提高疫苗接种率。
2. 增加医疗资源：如建立临时医院和方舱医院，以及通过国际合作共享医疗设备和物资。
3. 远程医疗：推广使用视频会议和在线平台进行远程诊断和咨询，以减少面对面接触。
4. 心理健康支持：提供心理咨询服务，开展针对疫情引起的焦虑和抑郁的干预项目。
5. 研究与创新：加速疫苗和治疗方法的研发，以及对病毒传播方式和预防措施的研究。

通过这些措施，医疗系统能够更好地应对新冠疫情带来的挑战，并逐步恢复正常的医疗服务。随着疫情的演变，这些策略也在不断地调整和改进。,3,1,2, , , , , , ,Not used, ,1,7,7,7,7,7,7, , , , , , , , , ,4,4,4,4,4,4,4,4,4,4,-99, , ,-99, , ,-99, , ,远离他人, , ,1,11,13, ,14,12, ,12,4, ,5,5,5,1,26,1,1, , , , ,26,1,1
2/21/2024 23:48:03,2/21/2024 23:52:47,100,284,1,2/21/2024 23:52:48,R_7DiNtD5yJ2F4s9W,38.4207,-121.3623,EN,1,61,1,4,4,4,4,4,4,4,4,4,4,4,4,4, , , , , , ,-99, , ,-99, , ,2, , , , ,6,新冠疫情导致了全球范围内对医疗资源的大量需求，尤其是在疫情初期。医院面临患者激增的压力，医疗系统需要迅速适应以提供充足的护理。这包括增加重症监护病房（ICU）的能力、使用呼吸机和其他生命支持设备，以及确保有足够的个人防护装备（PPE）供医护人员使用。

此外，疫情期间，社区需求也发生了变化。例如，许多常规医疗服务不得不推迟或改为远程进行，以便为新冠患者腾出空间和资源。同时，心理健康支持的需求增加，因为隔离措施和疫情带来的不确定性给许多人带来了心理压力。

为了应对这些挑战，各国政府、卫生组织和医疗机构采取了一系列措施：

1. 加强公共卫生措施：包括推广戴口罩、保持社交距离、勤洗手和提高疫苗接种率。
2. 增加医疗资源：如建立临时医院和方舱医院，以及通过国际合作共享医疗设备和物资。
3. 远程医疗：推广使用视频会议和在线平台进行远程诊断和咨询，以减少面对面接触。
4. 心理健康支持：提供心理咨询服务，开展针对疫情引起的焦虑和抑郁的干预项目。
5. 研究与创新：加速疫苗和治疗方法的研发，以及对病毒传播方式和预防措施的研究。

通过这些措施，医疗系统能够更好地应对新冠疫情带来的挑战，并逐步恢复正常的医疗服务。随着疫情的演变，这些策略也在不断地调整和改进。,3,1,2, , , , , , ,No demand at the moment,1,1,6,6,6,6,6,6, , , , , , , , , ,4,4,4,4,4,4,4,4,4,4,-99, , ,-99, , ,-99, , ,远离人群, , ,1,11,13, ,14,12, ,12,4, ,5,5,5,1,26,1,1, , , , ,26,1,1
2/22/2024 0:00:40,2/22/2024 0:05:03,100,263,1,2/22/2024 0:05:04,R_7wiPHQ51m1Vq4Zb,36.2957,-76.9966,EN,1,63,1,4,4,4,4,4,4,4,4,4,4,4,4,4, , , , , , ,-99, , ,-99, , ,2, , , , ,6,新冠疫情导致了全球范围内对医疗资源的大量需求，尤其是在疫情初期。医院面临患者激增的压力，医疗系统需要迅速适应以提供充足的护理。这包括增加重症监护病房（ICU）的能力、使用呼吸机和其他生命支持设备，以及确保有足够的个人防护装备（PPE）供医护人员使用。

此外，疫情期间，社区需求也发生了变化。例如，许多常规医疗服务不得不推迟或改为远程进行，以便为新冠患者腾出空间和资源。同时，心理健康支持的需求增加，因为隔离措施和疫情带来的不确定性给许多人带来了心理压力。

为了应对这些挑战，各国政府、卫生组织和医疗机构采取了一系列措施：

1. 加强公共卫生措施：包括推广戴口罩、保持社交距离、勤洗手和提高疫苗接种率。
2. 增加医疗资源：如建立临时医院和方舱医院，以及通过国际合作共享医疗设备和物资。
3. 远程医疗：推广使用视频会议和在线平台进行远程诊断和咨询，以减少面对面接触。
4. 心理健康支持：提供心理咨询服务，开展针对疫情引起的焦虑和抑郁的干预项目。
5. 研究与创新：加速疫苗和治疗方法的研发，以及对病毒传播方式和预防措施的研究。

通过这些措施，医疗系统能够更好地应对新冠疫情带来的挑战，并逐步恢复正常的医疗服务。随着疫情的演变，这些策略也在不断地调整和改进。,3,1,2, , , , , , ,Not used, ,1,7,7,7,7,7,7, , , , , , , , , ,4,4,4,4,4,4,4,4,4,4,-99, , ,-99, , ,-99, , ,在家办公, , ,1,12,13, ,14,12, ,12,4, ,5,5,5,1,26,1,1, , , , ,26,1,1
2/24/2024 20:43:23,2/24/2024 20:52:53,100,570,1,2/24/2024 20:52:54,R_1pYsATJnk2JzApd,41.9704,-87.7036,EN,1,55,1,4,1,1,5,3,7,3,1,7,4,2,4,2, , , ,5, , ,7, , ,5, , ,1, , , , ,5, , ,1,1, , , , , , , , ,1,3,4,3,3,1,3,1, , ,3, , ,5, , ,2,4,1,2,3,1,2,1,1,1,2, , ,4, , ,3, , , , , ,1,11,13, ,12,10, ,12,4, ,5,5,5,1,26,1,1, , , , ,26,1,1
2/24/2024 22:13:00,2/24/2024 22:16:59,100,239,1,2/24/2024 22:17:00,R_3mb2ogbsqjz39BD,37.1835,-121.7714,EN,1,57,1,4,2,5,5,5,3,4,3,4,5,3,4,5, , , ,4, , ,4, , ,5, , ,1, , , , ,6, , ,1,1, , , , , , , , ,1,3,3,3,3,3,3,3, , ,3, , ,4, , ,4,4,4,4,4,4,4,4,4,4,4, , ,4, , ,4, , , , , ,1,13,13, ,14,12, ,14,4, ,5,5,5,1,26, ,1, , , , ,26,1,1
3/3/2024 0:37:10,3/3/2024 0:53:21,100,970,1,3/3/2024 0:53:22,R_1vgDUDTBJrtHM7T,34.0544,-118.2441,EN,1,64,1,5,4,5,6,5,5,3,5,6,4,4,4,3, , , , , , ,-99, , ,-99, , ,1,"The community can meet basic needs, but it still needs to be continuously improved.", , , ,5,Community material reserves need to be improved.,5,1,1,Understand the service methods of the community, ,Overall satisfactory,2, , , , ,1,5,5,6,7,6,7, , , , , , , , , ,4,4,4,4,4,4,4,4,4,4,-99, , ,-99, , ,-99, , ,No, , ,1,11,12, ,13,10, ,12,4, ,5,5,5,1,26,1,1,1,1, , ,26,1,1
2/13/2024 23:18:25,2/13/2024 23:20:37,100,131,1,2/13/2024 23:20:37,R_3BRxaIhOsG6VnZo,29.646,-95.8023,EN,1,84,1,5,6,4,6,7,6,5,5,6,6,5,7,7, , , , , , ,-99, , ,-99, , ,2, , , , ,6, , ,1,1, , , , , , , , ,1,6,7,6,6,5,6, , , , , , , , , ,4,3,4,4,3,3,3,4,4,4,-99, , ,-99, , ,-99, , , , , ,1,13,12, ,16,12, ,12,4, ,5,49 years,49,5,26,1,1,1,1, , ,26,1,10
2/25/2024 12:58:32,2/25/2024 13:20:07,100,1295,1,2/25/2024 13:20:08,R_1qre9K89XOl8aGt,41.7017,-86.2913,EN,1,62,1,6,4,4,1,3,6,4,3,6,7,4,6,5, , , ,5, , ,2, , ,4, , ,1,Public health and disease control,8,"Community residents may require public health services and disease prevention and control measures, including vaccinations, health counseling, and infectious disease surveillance.", ,4,"Culture and the Arts: Provide cultural events, art exhibitions, performances, and art education programs that promote cultural diversity, creativity, and artistic expression in the community. This can be done through museums, galleries, cultural centres or arts organisations.",7,1,1, , , , , , , , ,1,6,4,7,4,5,5,6, , ,4, , ,6, , ,4,2,3,3,2,3,4,3,2,4,4, , ,2, , ,4, , ,"Use different media channels, such as social media, television, radio, etc., to widely disseminate health information and the latest epidemic developments. Work with health professionals and local authorities to provide accurate health advice and guidance.", , ,1,12,12, ,14,11, ,13,4, ,5,49,49,5,26, ,1, , , , ,26,1,10
2/13/2024 19:09:30,2/13/2024 19:11:28,100,117,1,2/13/2024 19:11:29,R_6dJTbbvjN4t5AQM,32.7368,-96.9068,EN,1,92,1,5,6,5,6,5,4,6,6,6,4,7,4,6, , , , , , ,-99, , ,-99, , ,2, , , , ,6, , ,1,1, , , , , , , , ,1,6,7,6,5,6,7, , , , , , , , , ,3,4,4,4,3,4,4,3,3,3,-99, , ,-99, , ,-99, , , , , ,1,13,12, ,16,10, ,12,4, ,5,48 years,48,5,26,1,1,1,1, , ,26,1,10
2/13/2024 19:50:00,2/13/2024 19:52:00,100,120,1,2/13/2024 19:52:01,R_3DST9NHKoi4lub7,37.751,-97.822,EN,1,99,1,4,5,6,5,6,5,5,6,6,6,4,6,5, , , , , , ,-99, , ,-99, , ,2, , , , ,6, , ,1,1, , , , , , , , ,1,6,5,7,6,5,6, , , , , , , , , ,3,3,4,4,3,4,3,3,4,4,-99, , ,-99, , ,-99, , , , , ,1,13,13, ,16,10, ,12,4, ,5,48 years,48,5,26,1,1,1,1, , ,26,1,10
2/13/2024 22:23:37,2/13/2024 22:25:26,100,109,1,2/13/2024 22:25:27,R_3luW7if9F6G1Rxn,29.4085,-95.2499,EN,1,61,1,5,6,6,5,6,7,5,7,4,4,7,5,6, , , , , , ,-99, , ,-99, , ,2, , , , ,6, , ,1,1, , , , , , , , ,1,6,6,7,7,6,6, , , , , , , , , ,4,3,3,4,3,4,4,4,4,3,-99, , ,-99, , ,-99, , , , , ,1,13,13, ,16,10, ,12,4, ,5,48 years,48,5,26,1,1,1,1, , ,26,1,10
2/13/2024 22:28:05,2/13/2024 22:29:47,100,101,1,2/13/2024 22:29:47,R_51Tyyt2Spog3vLF,42.2931,-83.2548,EN,1,66,1,5,5,7,6,5,5,6,6,6,4,7,6,7, , , , , , ,-99, , ,-99, , ,2, , , , ,6, , ,1,1, , , , , , , , ,1,7,6,6,7,7,6, , , , , , , , , ,4,4,4,4,4,4,4,3,3,4,-99, , ,-99, , ,-99, , , , , ,1,13,13, ,16,10, ,12,6, ,5,48 years,48,5,26,1,1,1,1, , ,26,1,10
2/15/2024 0:01:01,2/15/2024 0:02:55,100,114,1,2/15/2024 0:02:56,R_6MSQ2UiGTowmeRG,40.3833,-111.9895,EN,1,96,1,5,6,5,6,7,5,6,5,5,7,6,4,4, , , , , , ,-99, , ,-99, , ,2, , , , ,7, , ,1,1, , , , , , , , ,1,7,6,6,7,7,7, , , , , , , , , ,4,4,4,4,4,3,3,4,4,4,-99, , ,-99, , ,-99, , , , , ,1,16,12, ,17,10, ,12,4, ,5,48  years,48,5,26, ,1,1,1, , ,26,1,10
2/25/2024 9:55:35,2/25/2024 10:22:28,100,1612,1,2/25/2024 10:22:28,R_3gRAfaFLmjeynnz,41.5883,-87.4593,EN,1,63,1,3,6,6,3,7,4,5,6,3,6,4,2,3, , , ,3, , ,2, , ,4, , ,1,"Cultural diversity needs: Community residents may need initiatives that support and respect different cultural backgrounds and values, including cultural celebrations, multilingual services, and opportunities for cross-cultural exchange.",13,"Crime prevention: carry out crime prevention programs, community patrols, security training, etc., to help community members improve safety awareness and their ability to protect themselves. This can be done through police departments, community safety organizations, or community leaders.", ,3,"Risk of social support and isolation: Outbreaks can lead to increased feelings of social isolation and isolation. Here are some suggestions: Organize virtual social events and online community gatherings to promote social connections and reduce feelings of isolation. Focus on vulnerable groups such as the elderly, people with disabilities and those living in remote areas, providing additional social support and resources. Encourage the creation of neighborhood help and support networks to help community members help and care for each other.",1,1,1,Mental health needs, ,Being very satisfied helps me a lot,2, , , , ,1,5,2,4,5,2,4,2, , ,4, , ,4, , ,2,3,3,4,4,2,4,2,3,3,1, , ,3, , ,1, , ,"Coordination and resource sharing: During the pandemic, public libraries can enhance coordination and resource sharing to better meet the needs of their readers.", , ,1,12,13, ,13,12, ,12,5, ,5,48,48,5,26,1, , , , , ,26,1,10
2/25/2024 11:31:46,2/25/2024 12:00:59,100,1752,1,2/25/2024 12:00:59,R_1z5o1H4pB84iiMF,38.3085,-85.816,EN,1,66,1,6,4,4,3,3,4,2,6,4,2,2,3,3, , , ,5, , ,3, , ,4, , ,1,Housing needs,4,"Community residents may need affordable housing options, including renting and buying opportunities. This may involve the provision of affordable housing, social housing schemes and housing assistance.", ,3,"Community cooperation and volunteer support: Community solidarity and cooperation are key to fighting the pandemic. Here are some suggestions. Community residents are encouraged to participate in volunteer activities such as shopping assistance, drug delivery, social support and psychological support. Coordinate community resources and establish partnerships to ensure effective resource allocation and mutual assistance mechanisms. Promote community participation and decision-making, and listen to residents' opinions and suggestions through community meetings, online platforms and feedback mechanisms.",1,1,1,Multicultural needs, ,Quite satisfied,2, , , , ,1,4,4,5,3,4,5,6, , ,4, , ,6, , ,2,3,1,1,2,3,4,2,2,2,1, , ,2, , ,4, , ,"Cultural heritage and diversity: Public libraries are custodians of cultural heritage and diversity. During the pandemic, libraries can continue to collect, preserve and display cultural materials and works of art to promote understanding and respect for cultural diversity. In addition, the library can organize cultural events, art exhibitions, and celebrations to celebrate the multicultural identity of the community.", , ,1,12,12, ,13,9, ,13,5, ,5,48,48,5,26,1, , , , , ,26,1,10
2/23/2024 16:44:25,2/23/2024 16:57:30,100,785,1,2/23/2024 16:57:31,R_7rMGFs5IVYV2HHY,40.5743,-85.6741,EN,1,67,1,4,4,1,1,3,3,5,5,5,3,3,3,2,Mental health is tied to a lot of the crime in our community,9, , , , ,-99, , ,-99, , ,2, , , , ,5,Yes....people got too used to keeping to themselves and now lack or lost social skills,1,1,2, , , , , , ,Not needed,1,1,7,7,5,6,7,5, , , , , , , , , ,4,4,4,4,4,4,4,4,4,4,-99, , ,-99, , ,-99, , , , , ,2,13,13, ,15,11, ,12,4, ,5,47 years,47,5,26,1,1, , , , ,26,1,10
2/13/2024 19:19:23,2/13/2024 19:21:23,100,119,1,2/13/2024 19:21:23,R_5dB2WVIefdNuRwF,35.1893,-86.1098,EN,1,90,1,4,6,5,5,6,7,5,4,6,4,4,6,6, , , , , , ,-99, , ,-99, , ,2, , , , ,6, , ,1,1, , , , , , , , ,1,6,7,6,7,6,6, , , , , , , , , ,3,3,4,4,4,4,3,4,3,4,-99, , ,-99, , ,-99, , , , , ,1,13,12, ,16,8, ,12,6, ,5,47 years,47,5,26,1,1,1,1, , ,26,1,10
2/13/2024 19:59:08,2/13/2024 20:00:57,100,108,1,2/13/2024 20:00:57,R_6ZJRygF32WnXiaY,33.93,-117.9477,EN,1,81,1,5,6,5,4,7,6,5,7,5,5,7,6,6, , , , , , ,-99, , ,-99, , ,2, , , , ,6, , ,1,1, , , , , , , , ,1,6,7,7,7,7,6, , , , , , , , , ,3,3,4,3,4,4,3,3,4,3,-99, , ,-99, , ,-99, , , , , ,1,13,12, ,16,10, ,12,6, ,5,47 years,47,5,26,1,1,1,1, , ,26,1,10
2/13/2024 22:46:20,2/13/2024 22:48:15,100,114,1,2/13/2024 22:48:16,R_7BXGpocpSZnX0pg,29.8772,-95.6938,EN,1,69,1,6,4,5,5,4,5,4,5,6,5,5,5,6, , , , , , ,-99, , ,-99, , ,2, , , , ,6, , ,1,1, , , , , , , , ,1,6,7,7,6,6,7, , , , , , , , , ,4,3,4,3,3,3,4,4,4,4,-99, , ,-99, , ,-99, , , , , ,1,13,12, ,16,10, ,12,4, ,5,47 years,47,5,26,1,1,1,1, , ,26,1,10
2/14/2024 0:07:49,2/14/2024 0:10:09,100,140,1,2/14/2024 0:10:10,R_1R4n9XITyeoSO4t,32.9071,-97.4257,EN,1,60,1,6,5,7,5,4,4,7,6,7,6,6,4,4, , , , , , ,-99, , ,-99, , ,2, , , , ,6, , ,1,1, , , , , , , , ,1,7,6,5,6,7,6, , , , , , , , , ,3,4,3,4,3,4,4,3,4,4,-99, , ,-99, , ,-99, , , , , ,1,13,13, ,16,10, ,12,4, ,5,47 years,47,5,26,1,1,1,1, , ,26,1,10
2/14/2024 5:27:03,2/14/2024 5:28:42,100,99,1,2/14/2024 5:28:42,R_13jNODqwuIdkynv,35.971,-80.0079,EN,1,65,1,6,5,5,7,5,5,5,7,7,7,5,5,5, , , , , , ,-99, , ,-99, , ,2, , , , ,6, , ,1,1, , , , , , , , ,1,7,6,6,6,5,6, , , , , , , , , ,4,3,3,3,3,3,4,3,4,4,-99, , ,-99, , ,-99, , , , , ,1,13,13, ,16,11, ,12,4, ,5,47 years,47,5,26,1,1,1,1, , ,26,1,10
2/14/2024 23:53:08,2/14/2024 23:54:43,100,95,1,2/14/2024 23:54:44,R_1fiSPOmwQm2MOaz,34.6323,-89.8855,EN,1,94,1,5,4,4,7,6,6,6,6,7,7,5,6,4, , , , , , ,-99, , ,-99, , ,2, , , , ,6, , ,1,1, , , , , , , , ,1,6,7,7,6,6,6, , , , , , , , , ,4,3,3,3,4,3,4,3,3,4,-99, , ,-99, , ,-99, , , , , ,1,13,13, ,16,11, ,12,5, ,5,47 years,47,5,26,1,1,1,1, , ,26,1,10
2/15/2024 0:34:53,2/15/2024 0:36:38,100,105,1,2/15/2024 0:36:38,R_5MAPxa8gXYuxn4l,34.1649,-119.172,EN,1,66,1,4,5,6,6,5,5,4,7,7,6,6,7,6, , , , , , ,-99, , ,-99, , ,2, , , , ,6, , ,1,1, , , , , , , , ,1,6,7,7,6,6,7, , , , , , , , , ,4,4,3,3,4,4,4,4,4,4,-99, , ,-99, , ,-99, , , , , ,1,13,12, ,16,10, ,12,4, ,5,47 years,47,5,26,1,1,1,1, , ,26,1,10
2/13/2024 22:38:14,2/13/2024 22:42:22,100,247,1,2/13/2024 22:42:22,R_3InqACVA4BHKtdD,40.8122,-81.4208,EN,1,100,1,3,6,3,4,4,5,6,4,5,5,3,7,4, , , , , , ,-99, , ,-99, , ,2, , , , ,7, , ,1,1, , , , , , , , ,1,5,6,6,5,2,5,1, , ,1, , ,1, , ,3,3,4,3,4,3,3,3,4,4,-99, , ,-99, , ,-99, , , , , ,1,15,12, ,17,9, ,12,6, ,5,47   years,47,5,26,1,1,1, , , ,26,1,10
2/25/2024 13:25:38,2/25/2024 13:30:29,91,291,0,3/3/2024 13:30:33,R_78uVTON15uSA1Gh, , ,EN,1,67,1,4,6,4,2,3,7,2,2,6,4,7,3,5, , , ,4, , ,3, , ,6, , ,1,Community traffic safety,10,"The need to ensure the safety of roads and transport systems, including traffic planning, traffic lights and safety awareness education.", ,5,Strengthen traffic safety publicity and law enforcement to ensure that people obey traffic rules and maintain a safe distance when traveling.,5,1,1, , , , , , , , ,1,4,3,7,4,6,4,6, , ,5, , ,3, , ,3,2,2,4,4,2,4,2,3,3,3, , ,4, , ,3, , ,"Innovative service models: During the pandemic, public libraries had to find innovative service models to accommodate social distancing and restrictions. Some libraries are starting to offer contactless services such as book pickup appointments, mailing services, and virtual reference services. Through these innovative service models, libraries can continue to provide resources and support to the community while ensuring the safety of users and staff.", , ,1,13,13, ,17,11, ,12,4, ,5,47,47,5,26,1, , , , , , ,1,10
2/13/2024 19:01:44,2/13/2024 19:03:50,100,125,1,2/13/2024 19:03:51,R_6CfRbf92oS9hhLw,35.1212,-85.3034,EN,1,62,1,6,6,5,7,6,6,4,5,4,5,5,7,7, , , , , , ,-99, , ,-99, , ,2, , , , ,6, , ,1,1, , , , , , , , ,1,6,7,7,6,7,6, , , , , , , , , ,4,4,3,4,3,3,4,4,3,3,-99, , ,-99, , ,-99, , , , , ,1,13,12, , ,11, ,12,4, ,5,46 years,46,5,26,1,1,1,1, , ,26,1,10
2/13/2024 19:38:08,2/13/2024 19:40:09,100,120,1,2/13/2024 19:40:09,R_5ccEutTXVRon3R2,39.7582,-75.5606,EN,1,82,1,5,7,5,7,6,4,6,5,7,5,6,6,6, , , , , , ,-99, , ,-99, , ,2, , , , ,6, , ,1,1, , , , , , , , ,1,6,6,7,7,7,6, , , , , , , , , ,3,3,3,3,4,3,3,3,3,3,-99, , ,-99, , ,-99, , , , , ,1,13,12, ,16,10, ,12,4, ,5,46 years,46,5,26,1,1,1,1, , ,26,1,10
2/13/2024 19:42:50,2/13/2024 19:44:49,100,118,1,2/13/2024 19:44:49,R_3gNt2z7E2h8Sgmx,40.9476,-73.8624,EN,1,92,1,5,4,5,4,5,6,7,5,5,4,6,5,7, , , , , , ,-99, , ,-99, , ,2, , , , ,6, , ,1,1, , , , , , , , ,1,7,6,6,7,6,6, , , , , , , , , ,4,4,3,3,4,3,4,4,3,3,-99, , ,-99, , ,-99, , , , , ,1,13,13, ,16,11, ,12,4, ,5,46 years,46,5,26,1,1,1,1, , ,26,1,10
2/13/2024 22:51:01,2/13/2024 22:53:01,100,119,1,2/13/2024 22:53:01,R_74R98mYU1mHPsmB,39.6327,-75.6998,EN,1,62,1,5,5,5,6,5,5,5,6,4,6,6,6,5, , , , , , ,-99, , ,-99, , ,2, , , , ,6, , ,1,1, , , , , , , , ,1,7,6,6,7,7,6, , , , , , , , , ,3,4,3,3,4,3,3,4,4,3,-99, , ,-99, , ,-99, , , , , ,1,13,13, ,16,11, ,12,4, ,5,46 years,46,5,26,1,1,1,1, , ,26,1,10
2/13/2024 22:19:21,2/13/2024 22:21:06,100,104,1,2/13/2024 22:21:06,R_3qWeVyXYS1zR9Ax,40.6947,-74.2688,EN,1,87,1,6,6,5,6,6,6,6,5,4,7,6,5,6, , , , , , ,-99, , ,-99, , ,2, , , , ,7, , ,1,1, , , , , , , , ,1,5,6,7,7,6,6, , , , , , , , , ,4,3,3,4,4,4,3,3,3,4,-99, , ,-99, , ,-99, , , , , ,1,15,13, ,17,8, ,12,4, ,5,46   years,46,5,26,1,1,1, , , ,26,1,10
2/13/2024 22:12:14,2/13/2024 22:14:09,100,115,1,2/13/2024 22:14:10,R_3ASzwM23f5Nbw6R,38.7142,-90.2759,EN,1,71,1,5,5,7,5,5,6,4,6,5,5,7,7,6, , , , , , ,-99, , ,-99, , ,2, , , , ,7, , ,1,1, , , , , , , , ,1,6,6,5,7,6,6, , , , , , , , , ,4,3,3,3,4,4,3,4,4,3,-99, , ,-99, , ,-99, , , , , ,1,14,12, ,16,10, ,12,5, ,5,45  years,45,5,26,1,1,1, , , ,26,1,9
2/13/2024 21:40:17,2/13/2024 21:42:13,100,115,1,2/13/2024 21:42:13,R_7Je0d9MzOT2hPzg,39.9486,-75.2339,EN,1,89,1,4,7,7,6,5,5,5,6,6,5,5,4,5, , , , , , ,-99, , ,-99, , ,2, , , , ,7, , ,1,1, , , , , , , , ,1,5,6,7,7,6,4, , , , , , , , , ,4,3,3,2,3,3,2,3,3,3,-99, , ,-99, , ,-99, , , , , ,2,15,13, ,16,9, ,12,5, ,5,45   years,45,5,26,1,1,1,1, , ,26,1,9
2/14/2024 1:36:54,2/14/2024 2:01:25,100,1470,1,2/14/2024 2:01:26,R_6E6Gy0o4UoGmhkQ,34.1371,-117.6599,EN,1,57,1,5,5,5,3,4,6,3,3,4,4,4,3,5, , , ,5, , ,5, , ,5, , ,1, , , , ,5, , ,1,1, , , , , , , , ,2,-99,-99,-99,-99,-99,-99, , , , , , , , , ,2,3,4,4,2,2,3,3,2,3,3, , ,3, , ,4, , , , , ,1,13,12, ,16,12, ,12,8, ,5,45,45,5,26,1,1, , , , ,26,1,9
2/14/2024 1:37:37,2/14/2024 2:01:41,100,1443,1,2/14/2024 2:01:41,R_6Mu1YShXZYSfMVL,40.0865,-74.9825,EN,1,88,1,6,5,6,5,4,3,3,3,5,3,3,3,5, , , ,5, , ,4, , ,5, , ,1, , , , ,6, , ,2,-99, , , , , , , , ,2,-99,-99,-99,-99,-99,-99, , , , , , , , , ,2,2,4,3,3,2,4,2,4,2,3, , ,3, , ,4, , , , , ,1,13,12, ,16,11, ,12,4, ,5,45,45,5,26,1,1, , , , ,26,1,9
2/14/2024 2:03:08,2/14/2024 2:07:26,100,257,1,2/14/2024 2:07:27,R_6LZLzRnef4tJsut,43.5376,-96.6818,EN,1,64,1,3,4,2,3,3,3,5,5,3,4,5,4,2, , , ,4, , ,4, , ,5, , ,2, , , , ,6, , ,2,-99, , , , , , , , ,2,-99,-99,-99,-99,-99,-99, , , , , , , , , ,2,3,2,2,2,3,2,3,3,2,3, , ,3, , ,4, , , , , ,1,13,13, ,14,12, ,12,4, ,5,45,45,5,26,1,1, , , , ,26,1,9
2/14/2024 2:03:15,2/14/2024 2:07:42,100,267,1,2/14/2024 2:07:42,R_64eHNHxpphGhxHu,38.9507,-94.6824,EN,1,89,1,6,2,5,6,5,5,5,3,5,3,5,5,7, , , ,5, , ,5, , ,6, , ,2, , , , ,6, , ,2,-99, , , , , , , , ,1,5,7,6,6,2,3,4, , ,3, , ,5, , ,3,3,3,3,2,2,2,3,3,2,4, , ,3, , ,4, , , , , ,1,13,12, ,16,12, ,12,4, ,5,45,45,5,26,1,1, , , , ,26,1,9
2/25/2024 8:59:46,2/25/2024 9:21:56,100,1330,1,2/25/2024 9:21:57,R_6GBSdgnlCYRDwql,41.151,-85.125,EN,1,58,1,2,6,5,2,2,3,3,6,5,3,3,6,4, , , ,4, , ,4, , ,6, , ,1,"Youth and child needs: Community residents may need safe recreational and educational facilities for youth and children, such as parks, playgrounds, sports facilities, and preschool institutions.",13,"Health care: Establish health care centers or provide mobile health services to provide basic health care services, health consultations and free or low-cost medicines to community members. This can be done through partner medical institutions, public health departments, or non-profit medical organizations.", ,5,"The special needs of vulnerable groups: The pandemic is likely to have a greater impact on vulnerable groups, including the elderly, people with disabilities, the homeless and migrants. Here are some suggestions: Provide special support and services to meet the basic needs of vulnerable people, such as food, housing and health care.
Ensure that vulnerable groups have access to vaccinations and medical resources.
Pay more attention to domestic violence and mental health problems and provide corresponding support and assistance.",2,1,2, , , , , , ,I'm using something else,1,1,6,5,5,3,6,5,4, , ,2, , ,4, , ,4,4,3,4,3,3,4,3,2,3,4, , ,1, , ,2, , ,"Mental health support: The epidemic has had a negative impact on people's mental health. Public libraries can provide support and resources in this area to help readers maintain their mental health. For example:
Mental health resources: Mental health resources such as self-help books, online mental health tools and guidance are available to help readers deal with anxiety, stress and emotional issues. Support services: Mental health support services, such as online counseling or referral services, are available to help readers who need professional support.", , ,1,13,13, ,11,10, ,13,5, ,5,45,45,5,26,1,1, , , , ,26,1,9
2/25/2024 9:22:58,2/25/2024 9:45:47,100,1369,1,2/25/2024 9:45:48,R_6GE9CKLags4edXU,41.0909,-85.1605,EN,1,58,1,2,6,4,4,2,3,6,3,6,4,3,5,3, , , ,4, , ,6, , ,3, , ,1,Community participation and decision-making needs: Community residents may want opportunities to participate in decision-making and community planning to ensure that their voices are heard and that they can jointly shape the future of the community.,13,"Youth Activities: Organize youth activities, community clubs or summer camps to provide a safe environment and beneficial recreational activities that promote youth development and social interaction. This can be organized by schools, youth centers, or community organizations.", ,5,Economic support and job security: The pandemic could result in many people losing their jobs or earning less. Here are some suggestions: Provide financial aid and relief to help those affected by the economy. Support and promote entrepreneurship and self-employment opportunities. Provide vocational training and skills development opportunities to help people adapt to new job market demands.,4,1,1,Housing demand, ,My experience was generally satisfactory,2, , , , ,1,5,2,5,6,3,5,2, , ,3, , ,6, , ,2,1,3,4,2,3,3,1,3,2,1, , ,2, , ,3, , ,Safety measures and hygiene standards: Public libraries need to adopt necessary safety measures and hygiene standards to protect the health of patrons and staff during the pandemic., , ,1,13,12, ,10,10, ,13,5, ,5,45,45,5,26, ,1, , , , ,27,1,9
2/25/2024 10:41:44,2/25/2024 11:05:20,100,1416,1,2/25/2024 11:05:20,R_5ImjCF7WKRh8gSH,41.6459,-87.4714,EN,1,79,1,4,4,3,4,5,4,6,5,5,4,1,4,5, , , ,4, , ,5, , ,4, , ,1,"Employment Opportunities: Community residents may need employment opportunities and career development support to provide a stable source of income and financial independence. This may include entrepreneurial support, training opportunities and employment agency services.",2,"Environmental protection: Organize environmental cleaning activities, sustainability projects and environmental education to promote environmental awareness and sustainable development in the community. This can be driven by environmental organisations, community groups or local government departments.", ,1,"Community communication and information delivery: Timely and accurate communication of information is critical to community response. Here are some suggestions: Establish effective communication channels, including community notices, websites, social media, etc., to provide community members with the latest outbreak information and guidance. Provide multilingual and easy-to-understand information to ensure that the message is widely communicated and understood.
Eliminate false information and rumors, and provide reliable sources and authoritative information.",5,1,1, , ,
I'm satisfied. He helped me a lot,2, , , , ,1,3,4,3,4,5,1,3, , , , , ,5, , ,2,3,4,1,4,4,3,3,3,1,3, , ,3, , ,2, , ,"Addressing the Digital divide: The issue of the digital divide -- unequal access to digital technology and information -- has become more prominent during the pandemic. Public libraries can play a role in helping those without proper equipment, connectivity or digital skills gain access to digital resources and technical training. This can be achieved through the provision of public computers, Wi-Fi access points, digital training courses and technical support to ensure that people who are not excluded by the digital divide can also benefit from library services.", , ,1,12,13, ,13,10, ,13,5, ,5,45,45,5,26, ,1, , , , ,26,1,9
2/25/2024 11:31:46,2/25/2024 12:01:00,100,1753,1,2/25/2024 12:01:00,R_6r0uuWbjAdURkwt,40.2116,-85.4273,EN,1,63,1,6,6,4,7,5,6,7,3,6,6,6,7,5, , , ,3, , ,6, , ,7, , ,1,Culture and the Arts,13,"Community residents may want cultural and artistic activities, such as museums, art exhibitions, concerts, and theater performances. This can facilitate cultural exchange, provide entertainment opportunities and support artists and creative industries.", ,7,"Public health advocacy and education: Advocacy and education are key to stopping the spread of the outbreak. Here are some suggestions: Conduct public health campaigns to provide accurate and reliable information, answer frequently asked questions, and dispel rumors and misinformation. Provide community members with educational materials and training on virus transmission routes, preventive measures and symptom recognition. Promote personal hygiene practices, such as frequent hand washing, proper wearing of masks and avoiding large crowds.",3,1,1,Participation and governance, ,Quite satisfied,2, , , , ,1,6,3,6,6,4,3,5, , ,4, , ,5, , ,2,2,3,3,2,4,4,2,4,2,4, , ,3, , ,3, , ,"Social connections and ties: Public libraries play an important role as social connections and ties in the community. Public libraries can provide a safe public space for people to meet, communicate and share when social activities are restricted during the pandemic. By organizing activities such as community events, book clubs, lectures and exhibitions, libraries can promote community cohesion and interaction.", , ,1,13,12, ,11,11, ,13,5, ,5,45,45,5,26, ,1, , , , ,26,1,9
2/13/2024 19:33:12,2/13/2024 19:35:27,100,135,1,2/13/2024 19:35:28,R_3As4HjVOtXl1Rex,39.953,-83.0767,EN,1,95,1,7,6,5,4,6,6,7,6,5,5,6,5,6, , , , , , ,-99, , ,-99, , ,2, , , , ,6, , ,1,1, , , , , , , , ,1,7,6,7,7,6,6, , , , , , , , , ,4,3,4,3,3,3,3,3,3,3,-99, , ,-99, , ,-99, , , , , ,1,12,12, ,16,11, ,12,4, ,5,44 years,44,5,26,1,1,1,1, , ,26,1,9
2/13/2024 20:49:46,2/13/2024 20:51:58,100,132,1,2/13/2024 20:51:59,R_5rvc6Pq9XygQ0jc,42.437,-82.99,EN,1,97,1,5,5,3,6,1,5,2,4,6,4,3,1,4, , , , , , ,-99, , ,-99, , ,2, , , , ,1, , ,1,1, , , , , , , , ,2,-99,-99,-99,-99,-99,-99, , , , , , , , , ,3,3,2,2,3,1,1,2,2,2,-99, , ,-99, , ,-99, , , , , ,1,15,12, ,16,10, ,12,5, ,7,44   years,44,5,26,1,1,1,1, , ,26,1,9
2/13/2024 22:17:00,2/13/2024 22:18:56,100,115,1,2/13/2024 22:18:57,R_6BscKG4trmxYJeR,43.3238,-73.6772,EN,1,99,1,4,5,4,4,4,5,5,6,3,6,3,4,4, , , , , , ,-99, , ,-99, , ,2, , , , ,7, , ,1,1, , , , , , , , ,1,5,5,6,7,6,4, , , , , , , , , ,3,3,3,3,3,3,4,4,4,3,-99, , ,-99, , ,-99, , , , , ,1,15,13, ,17,10, ,12,4, ,5,44   years,44,5,26,1,1,1, , , ,26,1,9
2/27/2024 11:36:32,2/27/2024 11:55:27,100,1134,1,2/27/2024 11:55:27,R_5Naf1zpYh5vwt5L,41.5837,-85.8633,EN,1,90,1,6,3,4,1,4,3,2,3,5,3,2,3,3,Public safety is important because public safety affects the safety of many people,1,4, , , ,-99, , ,-99, , ,2, , , , ,6,"The epidemic had a great impact on me and caused my mental health to be very bad. At that time, I really needed the community to provide me with psychological counseling and ways to alleviate my mental condition",3,2,-99, , , , , , ,I don't need,1,2,-99,-99,-99,-99,-99,-99, , , , , , , , , ,4,2,2,1,4,2,2,3,4,3,-99, , ,-99, , ,-99, , ,It doesn't affect me., , ,2,12,13, ,16,12, ,12,4, ,5,44,44,5,26,1,1, ,1, , ,26,1,9
2/25/2024 9:56:11,2/25/2024 10:22:28,100,1576,1,2/25/2024 10:22:28,R_1QoREmfik3Ayaz7,38.9582,-85.8875,EN,1,66,1,3,6,3,7,5,3,6,3,3,7,4,4,6, , , ,4, , ,5, , ,2, , ,1,Community participation and decision-making needs: Community residents may want opportunities to participate in decision-making and community planning to ensure that their voices are heard and that they can jointly shape the future of the community.,13,"Disability support: Provide assistive facilities, accessible transportation, vocational training and social support for people with disabilities to promote their independence and inclusion in the community. This can be provided through disability organizations, rehabilitation centers, or social service agencies.", ,5,Food and basic living needs: The epidemic may affect people's food and basic living needs. Here are some suggestions: Ensure the stability and safety of the food supply chain and provide adequate food stocks. Food assistance and distribution services for needy families. Support local farmers and small businesses to promote local food production and supply.,2,1,1,Disaster preparedness and response needs, ,It helps me a lot,2, , , , ,1,4,2,5,1,5,3,2, , ,3, , ,3, , ,2,2,4,2,3,2,4,2,4,1,4, , ,1, , ,1, , ,Safety measures and hygiene standards: Public libraries need to adopt necessary safety measures and hygiene standards to protect the health of patrons and staff during the pandemic., , ,1,13,13, ,13,10, ,12,5, ,5,44,44,5,26, ,1, , , , ,26,1,9
2/25/2024 11:06:50,2/25/2024 11:30:02,100,1391,1,2/25/2024 11:30:02,R_5JnhsIgaIagHJfu,41.7011,-86.872,EN,1,84,1,1,6,2,5,5,5,6,3,3,5,6,6,7, , , ,4, , ,3, , ,5, , ,1,"Social services: Community residents may need a variety of social services, such as child care centers, long-term care facilities, disability services, and family assistance. These services can help meet the basic needs of residents and provide support and assistance.",7,"Mental health support: Psychological counseling, support groups, mental health education and crisis intervention services are provided to help community members deal with mental health issues. This can be provided through mental health facilities, community clinics, or non-profit mental health organizations.", ,3,Economic support and job security: The pandemic may lead to increased economic hardship and unemployment.,4,1,1, , ,It was very helpful and very satisfying,2, , , , ,1,5,5,4,3,5,6,3, , ,5, , ,3, , ,4,2,3,3,1,2,4,3,2,2,2, , ,4, , ,3, , ,"Cultural heritage and diversity: Public libraries are custodians of cultural heritage and diversity. During the pandemic, libraries can continue to collect, preserve and display cultural materials and works of art to promote understanding and respect for cultural diversity. In addition, the library can organize cultural events, art exhibitions, and celebrations to celebrate the multicultural identity of the community.", , ,1,12,12, ,13,9, ,13,4, ,5,44,44,5,26,1, , , , , ,26,1,9
2/26/2024 18:13:54,2/26/2024 18:24:06,100,611,1,2/26/2024 18:24:07,R_57OmjSi2yR3AktX,39.8335,-84.8983,EN,1,99,1,3,5,5,7,6,5,6,7,7,5,7,4,3,Mental health,9, , , , ,-99, , ,-99, , ,1,"Mental health, financial, educational",9,Meridian health services
SNAP
HIP,1,2,Isolation
Medical problems 
Mental health problems increased,1,3,-99, , , , , , , , ,1,6,5,6,7,7,4,7,Books, ,7,Dvds, , , , ,4,4,4,4,3,4,3,4,3,4,4,Quiet rooms, ,4,Classes, ,-99, , , , , ,1,12,12, ,14,14,SSI,14,4, ,4,43 years,43,5,26, ,1,1, , , ,26,1,9
2/14/2024 4:44:19,2/14/2024 4:45:50,100,91,1,2/14/2024 4:45:50,R_681GnE41Rg1jpIZ,34.0716,-118.0111,EN,1,65,1,5,7,6,5,4,5,5,6,6,6,4,5,5, , , , , , ,-99, , ,-99, , ,2, , , , ,6, , ,1,1, , , , , , , , ,1,7,6,5,6,7,6, , , , , , , , , ,4,4,4,4,3,4,4,4,4,3,-99, , ,-99, , ,-99, , , , , ,1,12,13, ,16,10, ,12,4, ,5,43 years,43,5,26,1,1,1,1, , ,26,1,9
2/14/2024 22:06:51,2/14/2024 22:09:00,100,129,1,2/14/2024 22:09:01,R_3WvcNvZRS1giHv3,41.6432,-83.6753,EN,1,57,1,2,3,4,4,1,3,2,2,1,1,1,3,4, , , , , , ,-99, , ,-99, , ,2, , , , ,2, , ,1,1, , , , , , , , ,2,-99,-99,-99,-99,-99,-99, , , , , , , , , ,1,4,3,1,2,2,3,3,3,3,-99, , ,-99, , ,-99, , , , , ,1,15,12, ,13,8, ,12,4, ,5,43  years,43,5,26,1,1,1,1, , ,26,1,9
2/14/2024 22:09:28,2/14/2024 22:12:17,100,169,1,2/14/2024 22:12:18,R_6lDEdrw965JUMXN,32.7507,-97.2095,EN,1,58,1,2,2,6,5,6,6,2,7,3,5,4,5,3, , , , , , ,-99, , ,-99, , ,2, , , , ,7, , ,1,1, , , , , , , , ,1,5,6,6,7,5,5, , , , , , , , , ,3,4,2,3,2,4,4,3,2,2,-99, , ,-99, , ,-99, , , , , ,1,15,12, ,17,10, ,12,4, ,7,43  years,43,5,26,1,1,1,1, , ,26,1,9
2/13/2024 22:02:32,2/13/2024 22:04:24,100,111,1,2/13/2024 22:04:25,R_6fPldHE0v8J8eVr,39.5691,-75.163,EN,1,70,1,5,6,7,5,7,4,6,6,6,5,6,6,6, , , , , , ,-99, , ,-99, , ,2, , , , ,7, , ,1,1, , , , , , , , ,1,6,7,6,6,5,5, , , , , , , , , ,4,3,4,4,3,4,4,4,3,4,-99, , ,-99, , ,-99, , , , , ,1,13,13, ,17,10, ,12,4, ,5,43   years,43,5,26,1,1,1,1, , ,26,1,9
2/13/2024 19:21:49,2/13/2024 19:23:56,100,126,1,2/13/2024 19:23:57,R_35xIEmPVRstw6qd,26.1617,-97.9956,EN,1,83,1,5,6,6,5,5,6,4,4,5,5,6,4,6, , , , , , ,-99, , ,-99, , ,2, , , , ,6, , ,1,1, , , , , , , , ,1,6,7,6,7,6,6, , , , , , , , , ,3,3,4,3,4,4,4,4,3,4,-99, , ,-99, , ,-99, , , , , ,1,12,13, ,16,11, ,12,6, ,5,42 years,42,5,26,1,1,1,1, , ,26,1,9
2/13/2024 23:32:52,2/13/2024 23:34:48,100,116,1,2/13/2024 23:34:49,R_1kb3h1toBqblP5B,39.7384,-75.6656,EN,1,64,1,5,6,5,4,5,5,4,4,5,7,7,6,7, , , , , , ,-99, , ,-99, , ,2, , , , ,7, , ,1,1, , , , , , , , ,1,6,6,6,7,6,5, , , , , , , , , ,4,3,4,4,3,3,4,4,4,4,-99, , ,-99, , ,-99, , , , , ,1,12,13, ,16,11, ,12,5, ,5,42 years,42,5,26,1,1,1,1, , ,26,1,9
2/14/2024 0:05:25,2/14/2024 0:07:27,100,122,1,2/14/2024 0:07:28,R_7jlI9EBabymMmlU,40.674,-73.9701,EN,1,63,1,7,5,5,6,7,6,6,6,7,4,6,4,7, , , , , , ,-99, , ,-99, , ,2, , , , ,6, , ,1,1, , , , , , , , ,1,7,7,5,6,6,7, , , , , , , , , ,4,3,4,4,4,3,4,3,3,3,-99, , ,-99, , ,-99, , , , , ,1,12,13, ,16,11, ,12,8, ,5,42 years,42,5,26,1,1,1,1, , ,26,1,9
2/14/2024 5:10:00,2/14/2024 5:11:35,100,95,1,2/14/2024 5:11:36,R_6uNru5oXWazxn9f,40.8431,-73.2809,EN,1,92,1,7,5,6,7,7,6,6,5,6,6,4,5,7, , , , , , ,-99, , ,-99, , ,2, , , , ,6, , ,1,1, , , , , , , , ,1,7,7,6,7,6,6, , , , , , , , , ,3,3,3,4,3,4,4,4,3,3,-99, , ,-99, , ,-99, , , , , ,1,12,12, ,16,10, ,12,6, ,5,42 years,42,5,26,1,1,1,1, , ,26,1,9
2/14/2024 5:30:50,2/14/2024 5:32:28,100,98,1,2/14/2024 5:32:29,R_1P79JXt8gsMhwn4,34.0282,-117.0372,EN,1,62,1,6,6,5,5,7,5,6,6,5,5,6,4,6, , , , , , ,-99, , ,-99, , ,2, , , , ,6, , ,1,1, , , , , , , , ,1,7,7,7,6,5,6, , , , , , , , , ,3,4,3,4,4,4,4,4,4,3,-99, , ,-99, , ,-99, , , , , ,1,12,12, ,16,10, ,12,4, ,5,42 years,42,5,26,1,1,1,1, , ,26,1,9
2/27/2024 11:36:32,2/27/2024 11:55:26,100,1133,1,2/27/2024 11:55:27,R_3ysDSfrPj8nmukO,40.864,-85.6104,EN,1,61,1,3,2,5,5,7,6,3,3,6,4,3,4,2,Education is very important and I want my child to have a good education,5,4, , , ,-99, , ,-99, , ,2, ,4, , ,5,"The COVID-19 pandemic has had a great impact on me. When I learned about the COVID-19 pandemic, I immediately asked the community to close down public facilities",5,2,-99, , , , , , ,I don't really like going to the library,1,2,-99,-99,-99,-99,-99,-99, , , , , , , , , ,3,4,2,1,1,3,2,3,2,3,-99, , ,-99, , ,-99, , ,Have no effect on, , ,2,12,12, ,17,11, ,12,5, ,5,42,42,5,26,1,1, , , , ,26,1,9
2/25/2024 9:22:58,2/25/2024 9:45:47,100,1369,1,2/25/2024 9:45:48,R_6NxhLWIU4udwPm7,41.6062,-87.2593,EN,1,64,1,2,4,4,4,4,5,3,3,6,4,5,6,4, , , ,5, , ,6, , ,3, , ,1,"Cultural diversity needs: Community residents may need initiatives that support and respect different cultural backgrounds and values, including cultural celebrations, multilingual services, and opportunities for cross-cultural exchange.",13,"Employment Assistance: Provides job training, career counseling and job opportunities information to help community members secure stable employment opportunities. This can be provided through career service centers, job training institutions, or non-profit organizations.", ,6,"Mental health support: The pandemic has had a broad impact on people's mental health. Here are some suggestions: Provide mental health resources and support services such as online counseling, hotlines, and virtual support groups. Promote positive mental health practices such as exercise, meditation, and staying socially connected. Provide information and guidance to community members to help them cope with anxiety and stress.",3,1,1,TraYouth and children needs, ,The experience given to me was very good,2, , , , ,1,2,5,3,3,6,2,2, , ,3, , ,5, , ,4,1,3,3,2,3,4,4,3,1,4, , ,1, , ,3, , ,"Remote services and virtual resources: As the pandemic limits travel and face-to-face contact, public libraries need to increase the availability of remote services and virtual resources.", , ,1,12,12, ,14,8, ,12,5, ,5,42,42,5,26, ,1, , , , ,27,1,9
2/13/2024 23:00:47,2/13/2024 23:02:42,100,115,1,2/13/2024 23:02:43,R_66ng0HKFLDRNIdg,36.296,-76.2435,EN,1,89,1,5,5,6,5,7,7,5,6,5,6,5,7,6, , , , , , ,-99, , ,-99, , ,2, , , , ,6, , ,1,1, , , , , , , , ,1,6,5,6,7,6,5, , , , , , , , , ,3,3,4,4,3,3,4,4,3,4,-99, , ,-99, , ,-99, , , , , ,1,12,12, ,16,11, ,12,5, ,5,41 years,41,5,26,1,1,1,1, , ,26,1,9
2/13/2024 23:03:01,2/13/2024 23:04:57,100,115,1,2/13/2024 23:04:57,R_55sEaDEu1qE8i7e,32.9247,-96.8917,EN,1,86,1,5,4,6,5,5,5,6,5,5,6,5,6,4, , , , , , ,-99, , ,-99, , ,2, , , , ,6, , ,1,1, , , , , , , , ,1,7,6,7,6,5,6, , , , , , , , , ,4,4,4,4,4,3,3,4,4,4,-99, , ,-99, , ,-99, , , , , ,1,12,13, ,16,12, ,12,6, ,5,41 years,41,5,26,1,1,1,1, , ,26,1,9
2/13/2024 23:23:23,2/13/2024 23:25:28,100,124,1,2/13/2024 23:25:28,R_6BwPiFXnjYM9DLb,44.6707,-93.2588,EN,1,99,1,5,6,5,5,6,5,4,5,5,4,7,6,5, , , , , , ,-99, , ,-99, , ,2, , , , ,6, , ,1,1, , , , , , , , ,1,5,6,7,6,6,7, , , , , , , , , ,3,4,4,3,4,4,3,3,4,3,-99, , ,-99, , ,-99, , , , , ,1,12,12, ,16,10, ,12,6, ,5,41 years,41,5,26,1,1,1,1, , ,26,1,9
2/13/2024 23:43:24,2/13/2024 23:45:11,100,107,1,2/13/2024 23:45:11,R_5HIF85AjxuQGQ2c,29.943,-95.2596,EN,1,96,1,6,4,5,7,6,5,6,5,6,6,6,7,5, , , , , , ,-99, , ,-99, , ,2, , , , ,6, , ,1,1, , , , , , , , ,1,5,6,6,6,7,6, , , , , , , , , ,4,3,3,3,3,3,3,4,4,4,-99, , ,-99, , ,-99, , , , , ,1,12,12, ,16,11, ,12,5, ,5,41 years,41,5,26,1,1,1,1, , ,26,1,9
2/14/2024 4:40:05,2/14/2024 4:41:37,100,92,1,2/14/2024 4:41:38,R_1nCQwWByZkFPguJ,39.1487,-78.2637,EN,1,69,1,6,7,6,7,6,6,5,4,5,5,5,7,4, , , , , , ,-99, , ,-99, , ,2, , , , ,6, , ,1,1, , , , , , , , ,1,7,6,6,6,5,6, , , , , , , , , ,4,4,3,3,3,3,3,4,4,4,-99, , ,-99, , ,-99, , , , , ,1,12,13, ,16,10, ,12,4, ,5,41 years,41,5,26,1,1,1,1, , ,26,1,9
2/14/2024 4:41:56,2/14/2024 4:43:59,100,123,1,2/14/2024 4:44:00,R_7Wa7zFfBh99HP7H,33.7344,-84.0986,EN,1,68,1,6,4,6,6,6,4,6,4,6,5,4,5,6, , , , , , ,-99, , ,-99, , ,2, , , , ,6, , ,1,1, , , , , , , , ,1,7,6,6,7,7,6, , , , , , , , , ,4,3,4,4,4,3,4,4,3,3,-99, , ,-99, , ,-99, , , , , ,1,12,13, ,16,11, ,12,6, ,5,41 years,41,5,26,1,1,1,1, , ,26,1,9
2/14/2024 4:46:07,2/14/2024 4:48:33,100,146,1,2/14/2024 4:48:34,R_16dqdbJQNbFLj9f,40.8018,-72.8675,EN,1,70,1,5,5,6,7,5,5,7,7,5,7,6,6,6, , , , , , ,-99, , ,-99, , ,2, , , , ,6, , ,1,1, , , , , , , , ,1,7,6,6,7,7,6, , , , , , , , , ,3,3,4,4,4,3,3,3,3,4,-99, , ,-99, , ,-99, , , , , ,1,12,13, ,16,11, ,12,5, ,5,41 years,41,5,26,1,1,1,1, , ,26,1,9
2/14/2024 4:48:50,2/14/2024 4:50:25,100,94,1,2/14/2024 4:50:25,R_3hloYRmMhwzoBrD,29.0306,-95.3307,EN,1,62,1,6,7,6,4,5,7,7,6,5,5,6,7,7, , , , , , ,-99, , ,-99, , ,2, , , , ,6, , ,1,1, , , , , , , , ,1,7,6,7,7,6,6, , , , , , , , , ,3,3,3,3,3,3,4,4,3,4,-99, , ,-99, , ,-99, , , , , ,1,12,13, ,16,8, ,12,4, ,5,41 years,41,5,26,1,1,1,1, , ,26,1,9
2/14/2024 4:50:42,2/14/2024 4:52:16,100,93,1,2/14/2024 4:52:16,R_7MKFmS1I7hOGj47,41.1607,-80.0841,EN,1,65,1,4,5,6,5,4,4,6,4,4,5,6,7,6, , , , , , ,-99, , ,-99, , ,2, , , , ,6, , ,1,1, , , , , , , , ,1,7,6,7,6,5,6, , , , , , , , , ,3,4,3,3,4,3,4,4,3,4,-99, , ,-99, , ,-99, , , , , ,1,12,12, ,17,11, ,12,4, ,5,41 years,41,5,26,1,1,1,1, , ,26,1,9
2/14/2024 4:52:33,2/14/2024 4:54:05,100,91,1,2/14/2024 4:54:05,R_3EbqID8Sxjykicz,42.3344,-83.1756,EN,1,63,1,7,5,6,5,6,5,4,5,5,6,7,4,6, , , , , , ,-99, , ,-99, , ,2, , , , ,6, , ,1,1, , , , , , , , ,1,7,6,7,6,6,6, , , , , , , , , ,3,3,4,4,4,3,3,4,3,4,-99, , ,-99, , ,-99, , , , , ,1,12,12, ,16,10, ,12,6, ,5,41 years,41,5,26,1,1,1,1, , ,26,1,9
2/14/2024 4:54:23,2/14/2024 4:56:03,100,100,1,2/14/2024 4:56:04,R_65J7aW8LxvyCry9,39.0353,-94.4636,EN,1,65,1,6,6,6,5,7,5,5,5,7,7,4,6,7, , , , , , ,-99, , ,-99, , ,2, , , , ,6, , ,1,1, , , , , , , , ,1,7,6,6,6,7,7, , , , , , , , , ,3,3,4,3,3,4,4,4,3,3,-99, , ,-99, , ,-99, , , , , ,1,12,13, ,16,11, ,12,5, ,5,41 years,41,5,26,1,1,1,1, , ,26,1,9
2/14/2024 4:58:11,2/14/2024 4:59:42,100,91,1,2/14/2024 4:59:43,R_1esJ8dpPq5kvwme,29.8331,-95.7498,EN,1,61,1,6,5,6,5,4,6,6,5,7,5,6,7,6, , , , , , ,-99, , ,-99, , ,2, , , , ,6, , ,1,1, , , , , , , , ,1,6,7,7,6,6,6, , , , , , , , , ,4,3,4,4,4,4,3,3,3,4,-99, , ,-99, , ,-99, , , , , ,1,12,12, ,16,11, ,12,4, ,5,41 years,41,5,26,1,1,1,1, , ,26,1,9
2/14/2024 5:00:00,2/14/2024 5:01:39,100,98,1,2/14/2024 5:01:39,R_54BmDqZmIVHFxue,34.8679,-118.3412,EN,1,96,1,7,7,5,6,5,5,6,7,6,6,6,6,5, , , , , , ,-99, , ,-99, , ,2, , , , ,6, , ,1,1, , , , , , , , ,1,7,6,7,6,6,6, , , , , , , , , ,4,3,3,4,3,4,3,3,4,3,-99, , ,-99, , ,-99, , , , , ,1,12,12, ,16,11, ,12,4, ,5,41 years,41,5,26,1,1,1,1, , ,26,1,9
2/14/2024 5:01:56,2/14/2024 5:03:39,100,103,1,2/14/2024 5:03:39,R_72GxxQeepEf0bPT,33.4724,-82.0889,EN,1,96,1,7,6,6,7,6,5,7,6,4,7,6,6,7, , , , , , ,-99, , ,-99, , ,2, , , , ,6, , ,1,1, , , , , , , , ,1,7,6,7,6,6,6, , , , , , , , , ,3,3,3,3,3,3,4,4,4,3,-99, , ,-99, , ,-99, , , , , ,1,12,12, ,16,11, ,12,4, ,5,41 years,41,5,26,1,1,1,1, , ,26,1,9
2/14/2024 5:13:36,2/14/2024 5:15:08,100,92,1,2/14/2024 5:15:08,R_32CSZXxIAZ6FLWV,30.2183,-81.5621,EN,1,67,1,5,6,5,6,6,4,5,5,4,7,6,7,5, , , , , , ,-99, , ,-99, , ,2, , , , ,6, , ,1,1, , , , , , , , ,1,7,6,7,7,6,6, , , , , , , , , ,4,4,4,4,3,3,3,4,4,4,-99, , ,-99, , ,-99, , , , , ,1,12,12, ,16,10, ,12,6, ,5,41 years,41,5,26,1,1,1,1, , ,26,1,9
2/14/2024 5:15:25,2/14/2024 5:16:59,100,93,1,2/14/2024 5:17:00,R_5nTPMtn52CUuytr,37.2983,-83.1912,EN,1,65,1,6,5,5,5,6,6,6,5,7,4,5,5,6, , , , , , ,-99, , ,-99, , ,2, , , , ,6, , ,1,1, , , , , , , , ,1,7,6,7,6,6,6, , , , , , , , , ,3,4,4,4,3,3,3,3,4,3,-99, , ,-99, , ,-99, , , , , ,1,12,12, ,17,11, ,12,4, ,5,41 years,41,5,26,1,1,1,1, , ,26,1,9
2/14/2024 5:17:15,2/14/2024 5:18:53,100,98,1,2/14/2024 5:18:54,R_17PyDQBE5Rm4qyL,33.9277,-118.2034,EN,1,71,1,6,5,5,6,5,5,5,6,6,4,5,5,6, , , , , , ,-99, , ,-99, , ,2, , , , ,6, , ,1,1, , , , , , , , ,1,7,6,7,7,6,6, , , , , , , , , ,3,4,3,4,3,4,4,3,3,3,-99, , ,-99, , ,-99, , , , , ,1,12,12, ,16,8, ,12,4, ,5,41 years,41,5,26,1,1,1,1, , ,26,1,9
2/14/2024 5:19:10,2/14/2024 5:20:48,100,98,1,2/14/2024 5:20:48,R_3vYvkRmuhSJxaS6,30.3328,-97.7005,EN,1,97,1,6,5,7,7,6,7,6,5,6,5,6,6,5, , , , , , ,-99, , ,-99, , ,2, , , , ,6, , ,1,1, , , , , , , , ,1,7,7,6,6,7,6, , , , , , , , , ,4,4,4,4,4,4,4,3,3,3,-99, , ,-99, , ,-99, , , , , ,1,12,12, ,16,11, ,12,4, ,5,41 years,41,5,26,1,1,1,1, , ,26,1,9
2/14/2024 5:25:11,2/14/2024 5:26:45,100,94,1,2/14/2024 5:26:45,R_5R2gbvswcPybcgH,34.1147,-117.3845,EN,1,71,1,5,5,6,6,5,5,6,5,5,4,6,6,7, , , , , , ,-99, , ,-99, , ,2, , , , ,6, , ,1,1, , , , , , , , ,1,7,7,6,7,6,5, , , , , , , , , ,4,4,3,3,3,4,3,4,3,4,-99, , ,-99, , ,-99, , , , , ,1,12,13, ,16,11, ,12,5, ,5,41 years,41,5,26,1,1,1,1, , ,26,1,9
2/14/2024 23:54:59,2/14/2024 23:56:37,100,97,1,2/14/2024 23:56:37,R_18FARYGMhrQRF9n,34.1706,-118.2823,EN,1,85,1,5,7,6,5,6,4,5,5,6,5,6,5,7, , , , , , ,-99, , ,-99, , ,2, , , , ,6, , ,1,1, , , , , , , , ,1,6,7,7,6,6,6, , , , , , , , , ,4,4,3,4,4,4,4,4,3,3,-99, , ,-99, , ,-99, , , , , ,1,12,13, ,16,11, ,12,6, ,5,41 years,41,5,26,1,1,1,1, , ,26,1,9
2/14/2024 23:56:56,2/14/2024 23:58:42,100,105,1,2/14/2024 23:58:42,R_5odUEG90Ad6vpYo,39.9597,-75.1995,EN,1,85,1,4,5,4,5,4,4,5,6,5,5,7,6,7, , , , , , ,-99, , ,-99, , ,2, , , , ,6, , ,1,1, , , , , , , , ,1,6,7,7,6,7,6, , , , , , , , , ,3,3,4,4,4,4,4,3,4,3,-99, , ,-99, , ,-99, , , , , ,1,12,12, ,16,11, ,12,4, ,5,41 years,41,5,26,1,1,1,1, , ,26,1,9
2/13/2024 22:00:03,2/13/2024 22:02:02,100,119,1,2/13/2024 22:02:03,R_5Mrtl2q8DbFaFAi,33.5137,-83.8699,EN,1,96,1,5,5,6,6,6,3,3,4,6,6,7,5,5, , , , , , ,-99, , ,-99, , ,2, , , , ,7, , ,1,1, , , , , , , , ,1,7,6,6,5,6,7, , , , , , , , , ,3,3,3,2,3,3,2,4,2,4,-99, , ,-99, , ,-99, , , , , ,1,15,12, ,17,8, ,12,6, ,5,41  years,41,5,26,1,1,1,1, , ,26,1,9
2/13/2024 20:13:40,2/13/2024 20:16:04,100,144,1,2/13/2024 20:16:05,R_7dumvTO1d8Jmd9e,28.2402,-82.7,EN,1,68,1,4,2,3,1,3,2,1,3,2,1,4,2,4, , , , , , ,-99, , ,-99, , ,2, , , , ,1, , ,1,1, , , , , , , , ,1,3,1,2,3,1,4,1, , ,1, , ,1, , ,3,2,3,2,2,2,2,2,2,3,-99, , ,-99, , ,-99, , , , , ,1,14,12, ,16,10, ,12,7, ,5,41   years,41,5,26,1,1,1,1, , ,26,1,9
2/26/2024 7:45:56,2/26/2024 8:00:08,100,851,1,2/26/2024 8:00:09,R_3KpdUK423b5jZNA,41.7284,-86.2444,EN,1,77,1,3,2,6,4,4,3,7,4,4,2,4,1,5,Taking care of my family members is the most important thing to me,7,4, , , ,-99, , ,-99, , ,2, , , , ,5,I need the community to provide special care and help for the elderly and vulnerable groups,2,2,-99, , , , , , ,I don't need it.,1,2,-99,-99,-99,-99,-99,-99, , , , , , , , , ,3,1,3,3,2,3,1,2,3,3,3,Cultural activity, ,-99, , ,-99, , ,Communities need to provide health and mental health information resources related to the outbreak., , ,1,12,12, ,16,11, ,12,4, ,5,41,41,5,26,1,1, ,1, , ,26,1,9
2/13/2024 18:24:11,2/13/2024 18:26:57,100,165,1,2/13/2024 18:26:58,R_7zALgaLpwVrFHBn,33.8351,-117.8652,EN,1,67,1,6,6,6,7,7,7,5,5,5,5,7,7,6, , , , , , ,-99, , ,-99, , ,2, , , , ,5, , ,1,1, , , , , , , , ,1,6,6,6,7,6,6, , , , , , , , , ,3,4,3,3,4,4,3,4,4,4,-99, , ,-99, , ,-99, , , , , ,1,12,13, ,16,11, ,12,5, ,5,40 years,40,5,26,1,1,1,1, , ,26,1,8
2/13/2024 18:38:14,2/13/2024 18:40:25,100,130,1,2/13/2024 18:40:25,R_3y1m1GfxqXGWnR9,40.3356,-79.6185,EN,1,60,1,6,7,6,7,6,6,4,4,5,4,6,7,5, , , , , , ,-99, , ,-99, , ,2, , , , ,6, , ,1,1, , , , , , , , ,1,6,6,6,7,6,7, , , , , , , , , ,3,3,4,4,4,3,4,4,3,4,-99, , ,-99, , ,-99, , , , , ,1,12,12, ,16,11, ,12,4, ,5,40 years,40,5,26,1,1,1,1, , ,26,1,8
2/13/2024 19:11:47,2/13/2024 19:14:00,100,133,1,2/13/2024 19:14:01,R_58mmiyOTCqnQCqd,29.7467,-94.9638,EN,1,85,1,7,4,4,7,7,6,7,4,5,5,6,6,5, , , , , , ,-99, , ,-99, , ,2, , , , ,6, , ,1,1, , , , , , , , ,1,6,6,6,7,7,6, , , , , , , , , ,3,3,4,4,3,4,3,4,3,3,-99, , ,-99, , ,-99, , , , , ,1,12,12, ,16,8, ,12,7, ,5,40 years,40,5,26,1,1,1,1, , ,26,1,8
2/13/2024 22:09:06,2/13/2024 22:15:27,100,380,1,2/13/2024 22:15:27,R_3R43oTk8JH8XkJe,33.8719,-84.3912,EN,1,60,1,4,6,6,6,7,4,6,6,5,5,5,6,4, , , , , , ,-99, , ,-99, , ,2, , , , ,6, , ,1,1, , , , , , , , ,1,7,6,7,6,7,6, , , , , , , , , ,4,3,4,3,4,4,3,3,3,3,-99, , ,-99, , ,-99, , , , , ,1,12,13, ,16,11, ,12,5, ,5,40 years,40,5,26,1,1,1,1, , ,26,1,8
2/13/2024 22:58:29,2/13/2024 23:00:24,100,115,1,2/13/2024 23:00:25,R_6W7mKtVkrxFqko1,36.0322,-79.8588,EN,1,72,1,7,5,4,7,7,7,6,5,5,7,5,6,6, , , , , , ,-99, , ,-99, , ,2, , , , ,6, , ,1,1, , , , , , , , ,1,7,6,5,6,7,6, , , , , , , , , ,4,4,4,4,4,4,3,3,4,3,-99, , ,-99, , ,-99, , , , , ,1,12,12, ,16,11, ,12,4, ,5,40 years,40,5,26,1,1,1,1, , ,26,1,8
2/13/2024 23:05:16,2/13/2024 23:07:15,100,118,1,2/13/2024 23:07:15,R_7PSMgnQ33051gnf,37.2379,-121.7946,EN,1,96,1,5,5,5,6,5,6,6,6,4,6,5,7,6, , , , , , ,-99, , ,-99, , ,2, , , , ,6, , ,1,1, , , , , , , , ,1,7,6,6,5,6,7, , , , , , , , , ,4,3,4,4,3,4,3,3,4,3,-99, , ,-99, , ,-99, , , , , ,1,12,12, ,16,11, ,12,6, ,5,40 years,40,5,26,1,1,1,1, , ,26,1,8
2/13/2024 23:11:47,2/13/2024 23:13:38,100,110,1,2/13/2024 23:13:38,R_1Cfkm6SuDmD6KPL,34.1964,-118.3256,EN,1,100,1,4,5,6,5,5,5,5,7,5,6,6,6,4, , , , , , ,-99, , ,-99, , ,2, , , , ,6, , ,1,1, , , , , , , , ,1,6,7,6,5,6,7, , , , , , , , , ,4,4,3,3,3,3,3,4,4,4,-99, , ,-99, , ,-99, , , , , ,1,12,12, ,16,11, ,12,4, ,5,40 years,40,5,26,1,1,1,1, , ,26,1,8
2/13/2024 23:13:56,2/13/2024 23:15:51,100,114,1,2/13/2024 23:15:51,R_3GCf1XiF3FLZsmO,42.3471,-83.2899,EN,1,83,1,4,5,5,6,4,7,5,7,5,5,6,4,5, , , , , , ,-99, , ,-99, , ,2, , , , ,6, , ,1,1, , , , , , , , ,1,7,6,6,5,6,6, , , , , , , , , ,3,4,4,3,3,3,3,4,4,4,-99, , ,-99, , ,-99, , , , , ,1,12,13, ,16,11, ,12,6, ,5,40 years,40,5,26,1,1,1,1, , ,26,1,8
2/13/2024 23:20:56,2/13/2024 23:23:04,100,128,1,2/13/2024 23:23:05,R_1iswUDhAIHRulVl,33.5137,-83.8699,EN,1,98,1,6,7,7,4,5,4,4,6,6,5,5,6,4, , , , , , ,-99, , ,-99, , ,2, , , , ,6, , ,1,1, , , , , , , , ,1,6,7,6,7,6,5, , , , , , , , , ,4,3,3,4,4,4,4,4,3,4,-99, , ,-99, , ,-99, , , , , ,1,12,12, ,16,8, ,12,4, ,5,40 years,40,5,26,1,1,1,1, , ,26,1,8
2/13/2024 23:40:07,2/13/2024 23:41:49,100,102,1,2/13/2024 23:41:49,R_3KpSLmIRVyg5NFk,34.7292,-80.0928,EN,1,63,1,5,5,6,6,4,4,5,5,5,4,7,6,5, , , , , , ,-99, , ,-99, , ,2, , , , ,6, , ,1,1, , , , , , , , ,1,6,6,6,5,6,7, , , , , , , , , ,3,3,3,4,4,4,3,3,4,4,-99, , ,-99, , ,-99, , , , , ,1,12,13, ,16,11, ,12,5, ,5,40 years,40,5,26,1,1,1,1, , ,26,1,8
2/13/2024 23:56:33,2/13/2024 23:58:58,100,145,1,2/13/2024 23:58:58,R_3CelothIsFdhv66,29.69,-95.2564,EN,1,58,1,5,4,5,5,6,6,6,6,6,6,4,6,6, , , , , , ,-99, , ,-99, , ,2, , , , ,6, , ,1,1, , , , , , , , ,1,6,7,6,6,5,6, , , , , , , , , ,4,3,4,4,3,3,3,4,3,3,-99, , ,-99, , ,-99, , , , , ,1,12,12, ,16,11, ,12,4, ,5,40 years,40,5,26,1,1,1,1, , ,26,1,8
2/14/2024 4:33:40,2/14/2024 4:35:25,100,104,1,2/14/2024 4:35:26,R_62RoMQAYZ4SAYU1,35.2916,-80.8201,EN,1,67,1,5,7,6,7,5,6,4,6,5,4,7,6,7, , , , , , ,-99, , ,-99, , ,2, , , , ,6, , ,1,1, , , , , , , , ,1,5,5,4,6,5,7,5, , ,7, , ,7, , ,4,3,3,3,4,3,3,4,3,4,-99, , ,-99, , ,-99, , , , , ,1,12,13, ,16,11, ,12,6, ,5,40 years,40,5,26,1,1,1,1, , ,26,1,8
2/14/2024 4:38:19,2/14/2024 4:39:48,100,89,1,2/14/2024 4:39:49,R_1PnvduYhjvetQFh,25.8959,-80.309,EN,1,79,1,6,7,7,5,6,5,5,7,6,6,5,7,5, , , , , , ,-99, , ,-99, , ,2, , , , ,6, , ,1,1, , , , , , , , ,1,7,6,6,6,6,7, , , , , , , , , ,3,3,4,3,4,3,3,4,3,4,-99, , ,-99, , ,-99, , , , , ,1,12,13, ,16,10, ,12,5, ,5,40 years,40,5,26,1,1,1,1, , ,26,1,8
2/14/2024 5:21:04,2/14/2024 5:22:51,100,106,1,2/14/2024 5:22:51,R_1sbvNACYbobn2fE,41.2779,-84.3578,EN,1,68,1,5,5,7,6,6,6,7,7,7,6,7,5,5, , , , , , ,-99, , ,-99, , ,2, , , , ,6, , ,1,1, , , , , , , , ,1,7,7,6,7,7,6, , , , , , , , , ,3,4,3,4,4,4,3,4,4,4,-99, , ,-99, , ,-99, , , , , ,1,12,12, ,16,10, ,12,6, ,5,40 years,40,5,26,1,1,1,1, , ,26,1,8
2/14/2024 5:23:09,2/14/2024 5:24:54,100,105,1,2/14/2024 5:24:55,R_6wbDjESaAlwM7Co,39.4057,-87.4026,EN,1,98,1,6,5,6,6,6,5,6,5,5,5,6,7,7, , , , , , ,-99, , ,-99, , ,2, , , , ,6, , ,1,1, , , , , , , , ,1,7,7,7,6,6,6, , , , , , , , , ,4,4,4,3,4,3,4,3,3,4,-99, , ,-99, , ,-99, , , , , ,1,12,12, ,16,11, ,12,5, ,5,40 years,40,5,26,1,1,1,1, , ,26,1,8
2/14/2024 23:20:24,2/14/2024 23:22:16,100,112,1,2/14/2024 23:22:17,R_5CwDuh6eODVV2OD,34.1758,-86.829,EN,1,96,1,4,5,4,4,7,6,6,5,5,5,7,4,6, , , , , , ,-99, , ,-99, , ,2, , , , ,6, , ,1,1, , , , , , , , ,1,7,6,5,6,6,6, , , , , , , , , ,4,4,3,4,4,4,4,3,3,4,-99, , ,-99, , ,-99, , , , , ,1,12,12, ,16,10, ,12,5, ,5,40 years,40,5,26,1,1,1,1, , ,26,1,8
2/14/2024 23:24:19,2/14/2024 23:25:52,100,93,1,2/14/2024 23:25:53,R_63gaNbU5xk43rPG,40.6981,-73.7045,EN,1,97,1,6,5,6,7,4,5,4,5,7,5,6,4,5, , , , , , ,-99, , ,-99, , ,2, , , , ,6, , ,1,1, , , , , , , , ,1,7,7,7,6,5,6, , , , , , , , , ,4,4,3,4,3,4,4,3,4,4,-99, , ,-99, , ,-99, , , , , ,1,12,12, ,16,10, ,12,7, ,5,40 years,40,5,26,1,1,1,1, , ,26,1,8
2/14/2024 23:33:51,2/14/2024 23:35:36,100,104,1,2/14/2024 23:35:36,R_3mZYCCABHoq5onG,27.2621,-80.3835,EN,1,91,1,6,6,4,6,5,6,5,5,5,6,6,5,6, , , , , , ,-99, , ,-99, , ,2, , , , ,7, , ,1,1, , , , , , , , ,1,6,7,6,7,5,6, , , , , , , , , ,3,3,3,3,3,4,4,4,4,3,-99, , ,-99, , ,-99, , , , , ,1,12,13, ,16,11, ,12,4, ,5,40 years,40,5,26,1,1,1,1, , ,26,1,8
2/14/2024 23:51:10,2/14/2024 23:52:51,100,101,1,2/14/2024 23:52:51,R_3ManuwsaOvEdwPO,34.2773,-118.5001,EN,1,66,1,6,4,7,7,6,6,7,6,5,7,7,7,6, , , , , , ,-99, , ,-99, , ,2, , , , ,6, , ,1,1, , , , , , , , ,1,6,7,7,6,5,6, , , , , , , , , ,3,3,3,3,3,4,3,3,4,4,-99, , ,-99, , ,-99, , , , , ,1,12,12, ,16,11, ,12,4, ,5,40 years,40,5,26,1,1,1,1, , ,26,1,8
2/14/2024 23:59:03,2/15/2024 0:00:41,100,97,1,2/15/2024 0:00:41,R_5wsMawaSUwu9ksb,41.9609,-72.7957,EN,1,83,1,7,6,6,7,5,7,5,5,6,5,6,7,4, , , , , , ,-99, , ,-99, , ,2, , , , ,6, , ,1,1, , , , , , , , ,1,7,6,7,6,5,6, , , , , , , , , ,3,4,4,3,4,4,4,3,4,4,-99, , ,-99, , ,-99, , , , , ,1,12,12, ,16,11, ,12,6, ,5,40 years,40,5,26,1,1,1,1, , ,26,1,8
2/15/2024 0:04:12,2/15/2024 0:05:48,100,96,1,2/15/2024 0:05:49,R_7JssZlpJN5TyXJL,38.8224,-76.9466,EN,1,90,1,7,6,5,6,6,4,7,6,4,5,5,4,7, , , , , , ,-99, , ,-99, , ,2, , , , ,6, , ,1,1, , , , , , , , ,1,6,7,7,6,7,6, , , , , , , , , ,4,3,3,4,4,4,3,3,3,3,-99, , ,-99, , ,-99, , , , , ,1,12,13, ,16,11, ,12,5, ,5,40 years,40,5,26,1,1,1,1, , ,26,1,8
2/15/2024 0:12:19,2/15/2024 0:14:00,100,100,1,2/15/2024 0:14:01,R_6v38G3zU6AfbqZm,33.7215,-118.0509,EN,1,80,1,5,4,6,7,5,6,5,7,6,4,6,4,5, , , , , , ,-99, , ,-99, , ,2, , , , ,6, , ,1,1, , , , , , , , ,1,7,6,6,7,6,6, , , , , , , , , ,4,4,4,3,3,4,3,4,4,4,-99, , ,-99, , ,-99, , , , , ,1,12,13, ,16,11, ,12,5, ,5,40 years,40,5,26,1,1,1,1, , ,26,1,8
2/15/2024 0:22:51,2/15/2024 0:24:41,100,110,1,2/15/2024 0:24:41,R_7g7uXoHmQISA7B2,30.3214,-93.205,EN,1,87,1,5,4,7,6,5,4,7,6,6,4,6,4,6, , , , , , ,-99, , ,-99, , ,2, , , , ,6, , ,1,1, , , , , , , , ,1,7,7,6,5,6,7, , , , , , , , , ,3,3,4,4,3,3,4,4,3,4,-99, , ,-99, , ,-99, , , , , ,1,12,12, ,17,11, ,12,7, ,5,40 years,40,5,26,1,1,1,1, , ,26,1,8
2/15/2024 4:20:32,2/15/2024 4:22:03,100,91,1,2/15/2024 4:22:03,R_7RdW5x8RN5o9yU1,33.1371,-96.7488,EN,1,98,1,6,5,6,5,4,6,6,6,7,7,6,7,7, , , , , , ,-99, , ,-99, , ,2, , , , ,6, , ,1,1, , , , , , , , ,1,7,7,6,5,6,6, , , , , , , , , ,3,3,3,4,4,4,3,3,3,3,-99, , ,-99, , ,-99, , , , , ,1,12,12, ,16,10, ,12,4, ,5,40 years,40,5,26,1,1,1,1, , ,26,1,8
2/13/2024 19:12:17,2/13/2024 19:17:35,100,317,1,2/13/2024 19:17:35,R_7rHtThdZyyKSXRq,33.6416,-96.6146,EN,1,55,1,5,4,2,6,4,1,4,3,1,1,2,5,3, , , , , , ,-99, , ,-99, , ,1, , , , ,1, , ,1,1, , , , , , , , ,1,2,3,3,3,2,2, , , , , , , , , ,2,2,2,3,1,2,1,1,1,3,-99, , ,-99, , ,-99, , , , , ,1,13,13, ,17,11, ,12,4, ,5,40   years,40,5,26,1,1,1, , , ,26,1,8
2/13/2024 19:22:12,2/13/2024 19:24:45,100,152,1,2/13/2024 19:24:46,R_7Li1UEFmEeJHF2B,29.1052,-82.0955,EN,1,57,1,6,7,4,5,5,7,6,4,5,6,5,5,4, , , , , , ,-99, , ,-99, , ,2, , , , ,7, , ,1,1, , , , , , , , ,1,6,7,7,6,5,7, , , , , , , , , ,3,3,4,3,4,3,2,4,3,3,-99, , ,-99, , ,-99, , , , , ,1,16,12, ,17,13, ,14,4, ,5,40   years,40,5,26,1,1,1,1, , ,26,1,8
2/13/2024 19:38:19,2/13/2024 19:41:48,100,209,1,2/13/2024 19:41:49,R_16Dr6fR9kPUxKxP,31.2232,-92.3203,EN,1,60,1,4,5,5,3,4,4,4,3,6,6,5,2,2, , , , , , ,-99, , ,-99, , ,2, , , , ,7, , ,1,1, , , , , , , , ,1,7,7,6,6,6,7,1, , ,1, , ,1, , ,3,4,3,3,4,3,4,4,4,4,-99, , ,-99, , ,-99, , , , , ,1,15,12, ,17,11, ,12,4, ,4,40   years,40,5,26,1,1,1,1, , ,26,1,8
2/13/2024 20:11:02,2/13/2024 20:13:12,100,130,1,2/13/2024 20:13:13,R_6DT2BXBfPZGRrCo,33.683,-112.3518,EN,1,66,1,4,6,4,3,2,6,4,6,4,5,4,7,2, , , , , , ,-99, , ,-99, , ,2, , , , ,7, , ,1,1, , , , , , , , ,1,5,7,7,7,6,6, , , , , , , , , ,3,2,3,2,2,3,2,3,2,3,-99, , ,-99, , ,-99, , , , , ,1,13,13, ,16,11, ,12,4, ,7,40   years,40,5,26,1,1,1,1, , ,26,1,8
2/13/2024 20:47:17,2/13/2024 20:49:19,100,121,1,2/13/2024 20:49:19,R_6pmwp6krvCwRsvi,42.9155,-78.8822,EN,1,61,1,6,6,7,6,4,6,7,5,4,4,6,7,4, , , , , , ,-99, , ,-99, , ,2, , , , ,7, , ,1,1, , , , , , , , ,1,5,6,7,4,7,6, , , , , , , , , ,4,3,3,3,3,3,4,4,4,4,-99, , ,-99, , ,-99, , , , , ,1,15,12, ,14,8, ,13,5, ,5,40   years,40,5,26,1,1,1,1, , ,26,1,8
2/13/2024 21:08:17,2/13/2024 21:10:26,100,129,1,2/13/2024 21:10:27,R_6dGZiNAPPK7IWPj,40.9186,-73.8619,EN,1,4,1,5,6,7,7,6,5,5,7,4,4,6,7,7, , , , , , ,-99, , ,-99, , ,2, , , , ,7, , ,1,1, , , , , , , , ,1,5,6,7,7,6,6, , , , , , , , , ,4,4,3,3,4,3,4,3,3,3,-99, , ,-99, , ,-99, , , , , ,1,13,12, ,16,10, ,12,4, ,5,40   years,40,5,26,1,1,1,1, , ,26,1,8
2/13/2024 21:20:57,2/13/2024 21:24:20,100,202,1,2/13/2024 21:24:21,R_5Bs4UBy3cQgsH2V,41.6021,-93.6124,EN,1,66,1,4,5,5,5,4,5,7,6,6,6,5,6,5, , , , , , ,-99, , ,-99, , ,2, , , , ,2, , ,1,1, , , , , , , , ,2,-99,-99,-99,-99,-99,-99, , , , , , , , , ,2,2,1,3,2,2,3,2,2,2,-99, , ,-99, , ,-99, , , , , ,1,15,12, ,17,11, ,12,4, ,5,40   years,40,5,26,1,1,1,1, , ,26,1,8
2/13/2024 21:25:09,2/13/2024 21:27:45,100,156,1,2/13/2024 21:27:46,R_7elUumO66lH9Iy3,26.6492,-81.6167,EN,1,65,1,4,5,4,3,4,3,5,2,3,3,5,6,4, , , , , , ,-99, , ,-99, , ,2, , , , ,7, , ,1,1, , , , , , , , ,1,6,5,7,7,6,5,1, , ,1, , ,1, , ,3,3,4,4,3,3,4,4,3,3,-99, , ,-99, , ,-99, , , , , ,1,16,12, ,16,8, ,12,9, ,5,40   years,40,5,26,1,1,1,1, , ,26,1,8
2/13/2024 22:23:51,2/13/2024 22:25:56,100,124,1,2/13/2024 22:25:56,R_72ylq19kXv1iwet,41.8812,-87.8457,EN,1,67,1,2,1,4,3,1,3,3,3,3,3,3,3,3, , , , , , ,-99, , ,-99, , ,2, , , , ,2, , ,1,1, , , , , , , , ,2,-99,-99,-99,-99,-99,-99, , , , , , , , , ,3,2,1,2,2,3,2,2,3,2,-99, , ,-99, , ,-99, , , , , ,1,13,13, ,17,10, ,12,4, ,7,40   years,40,5,26,1,1,1, , , ,26,1,8
2/27/2024 11:36:32,2/27/2024 11:55:25,100,1132,1,2/27/2024 11:55:25,R_3EomWhzfeRVEznD,40.399,-86.8575,EN,1,72,1,4,1,6,5,4,2,7,5,3,5,4,3,4,Taking care of my family members is the most important thing to me because my family is everything to me,7,4, , , ,-99, , ,-99, , ,2, , , , ,6,"During the COVID-19 pandemic, I needed the community to completely sterilize my delivery before it could be used", ,2,-99, , , , , , ,It isn't necessary,1,2,-99,-99,-99,-99,-99,-99, , , , , , , , , ,3,1,3,4,2,1,2,1,3,3,-99, , ,-99, , ,-99, , ,I hope the library can hold online family activities to cheer my family up during the COVID-19 pandemic, , ,1,12,13, ,16,10, ,12,4, ,5,40,40,5,26,1,1, ,1, , ,26,1,8
2/25/2024 11:06:50,2/25/2024 11:30:01,100,1390,1,2/25/2024 11:30:01,R_794Ub94AM2dS2ZT,38.3085,-85.816,EN,1,93,1,2,5,7,3,4,5,5,6,6,4,5,5,4, , , ,2, , ,3, , ,5, , ,1,"Health services: Community residents may need easily accessible health services, including medical institutions, clinics, and emergency medical facilities. This may also include preventive care, health education and mental health support.",8,"Elder Care: Provides health services, long-term care, social activities and support to meet the specific needs of older adults. This can be done through senior centers, care facilities, or volunteer organizations.", ,6,Care for the elderly and vulnerable: The impact of the epidemic on the elderly and other vulnerable groups is more pronounced.,1,1,1, , ,Very satisfied,2, , , , ,1,3,5,6,3,6,6,4, , ,4, , ,3, , ,2,3,3,4,4,4,3,4,3,2,3, , ,4, , ,1, , ,"Social connections and ties: Public libraries play an important role as social connections and ties in the community. Public libraries can provide a safe public space for people to meet, communicate and share when social activities are restricted during the pandemic. By organizing activities such as community events, book clubs, lectures and exhibitions, libraries can promote community cohesion and interaction.", , ,1,13,12, ,13,11, ,13,4, ,5,40,40,5,26,1, , , , , ,26,1,8
2/25/2024 12:01:50,2/25/2024 12:29:50,100,1679,1,2/25/2024 12:29:51,R_1Mst41gxbu3ht66,39.8487,-86.3782,EN,1,75,1,5,5,3,6,4,4,3,5,7,3,5,4,5, , , ,3, , ,3, , ,7, , ,1,Culture and the Arts,13,"Community residents may need opportunities and support for cultural and artistic activities, including art exhibitions, concerts, theatre performances and cultural festivals.", ,6,Education support: The pandemic poses challenges for students and schools,6,2,-99, , , , , , ,It isn't necessary,1,1,4,6,7,3,6,6,4, , ,5, , ,2, , ,3,4,2,3,4,3,4,2,3,1,2, , ,4, , ,2, , ,"Emergency information and reliable resources: During an epidemic, public libraries can be an important channel for communities to access reliable information and resources. Libraries can provide information on outbreaks, health guidance and government policies to help people properly understand and respond to outbreaks. In addition, libraries can provide people with information and resources for other emergencies, such as natural disasters, emergency assistance and social services.", , ,1,12,13, ,13,11, ,12,5, ,5,40,40,5,26, ,1, , , , ,26,1,8
3/5/2024 7:04:29,3/5/2024 7:11:55,100,445,1,3/5/2024 7:11:56,R_1Bzv9pZI2KSRQSB,37.1835,-121.7714,EN,1,57,1,5,4,6,3,5,4,6,6,4,5,5,4,4, , , ,5, , ,3, , ,4, , ,2, , , , ,5,No shadow, ,2,-99, , , , , , ,"These services are not used.There is no reason to use these services, and there is no obstacle.",1,2,-99,-99,-99,-99,-99,-99, , , , , , , , , ,4,3,4,4,4,4,1,4,3,3,3, , ,3, , ,2, , ,not, , ,2,13,12, ,14,11, ,12,8, ,5,40,40,5,25, , , , , , ,27,1,8
3/4/2024 7:19:27,3/4/2024 7:28:13,100,526,1,3/4/2024 7:28:14,R_3FrD67n7okZKX2g,40.3044,-86.4689,EN,1,55,1,5,6,6,6,4,5,6,5,5,6,4,6,5, , , , , , ,-99, , ,-99, , ,2, , , , ,6, , ,1,1, , , , , , , , ,1,4,5,6,5,6,5, , , , , , , , , ,3,3,4,2,3,3,3,4,4,3,-99, , ,-99, , ,-99, , , , , ,1,10,13, ,17,12, ,12,4, ,4,4 years,4,1,26,1,1,1,1, , ,26,1,1
2/13/2024 10:11:05,2/13/2024 10:29:07,100,1081,1,2/13/2024 10:29:07,R_5V7ryzC4qNuGzWi,39.8335,-84.8983,EN,1,99,1,5,3,5,5,4,4,5,6,6,5,6,4,6,Health care and mental health Wayne county has one of the largest drug problems around Also if Reid Health does not come to an agreement with Anthem then their are over fortyfour thousand people that will have to travel fortyfive minutes out of town to find service provider that is in network It is ridiculous that I may not be able to go to a hospital that I work next to and live within four miles of,8,2,7,"Animal care. This county has, I believe, 5 animal shelters, yet there is an over population of animals running the streets and the last couple of year, the county contract to take in strays has had to go to a neighboring county.",2,-99, , ,-99, , ,1,Dealing with stray cats,1,I try to help with TNR program when it comes to cats. Try to catch stray dogs running around.,1,2,no,8,3,-99, , , , , , , , ,1,6,5,5,5,6,4, , , , , , , , , ,4,4,4,4,4,3,3,4,3,4,-99, , ,-99, , ,-99, , ,no, , ,2,11,12, ,17,11, ,12,4, ,4,4 months,4,1,26,1,1, , , , ,26,1,1
2/13/2024 20:54:52,2/13/2024 20:56:48,100,115,1,2/13/2024 20:56:49,R_16VrnNNkOWfoDTz,42.331,-83.3785,EN,1,86,1,4,3,3,7,6,6,5,4,3,3,6,2,2, , , , , , ,-99, , ,-99, , ,1, , , , ,7, , ,1,1, , , , , , , , ,1,4,6,7,6,5,6, , , , , , , , , ,2,4,3,2,3,4,2,2,4,4,-99, , ,-99, , ,-99, , , , , ,1,10,12, ,15,12, ,13,5, ,9,4  years,4,1,26,1,1,1,1, , ,26,1,1
2/13/2024 21:42:40,2/13/2024 21:44:38,100,117,1,2/13/2024 21:44:38,R_77qXYMqsKBQpr28,41.3484,-72.9117,EN,1,96,1,7,4,2,4,6,7,7,2,5,6,5,2,3, , , , , , ,-99, , ,-99, , ,2, , , , ,7, , ,1,1, , , , , , , , ,1,3,4,5,6,3,5,1, , ,1, , ,1, , ,3,4,3,3,3,4,3,3,4,4,-99, , ,-99, , ,-99, , , , , ,1,11,13, ,14,8, ,12,5, ,5,4   years,4,1,26,1,1,1,1, , ,26,1,1
2/19/2024 5:02:00,2/19/2024 5:06:14,100,254,1,2/19/2024 5:06:15,R_66mpLqvZQaFX2fh,37.751,-97.822,EN,1,99,1,4,5,3,3,4,2,4,4,4,5,2,3,6, , , , , , ,-99, , ,-99, , ,1, , , , ,3, , ,3,-99, , , , , , , , ,1,5,3,6,7,3,2,1,NA, ,1,NA, ,1,NA, ,3,2,1,3,1,2,1,4,2,2,-99, , ,-99, , ,-99, , , , , ,1,11,13, ,12,10, ,13,8, ,6,4,4,1,26,1, , , , , ,26,1,1
2/19/2024 5:12:11,2/19/2024 5:15:32,100,200,1,2/19/2024 5:15:32,R_6Kyk8QyuP3BiWP7,37.7325,-83.0298,EN,1,56,1,6,6,3,4,6,3,5,6,2,3,3,4,5, , , , , , ,-99, , ,-99, , ,1, , , , ,2, , ,1,1, , , , , , , , ,1,5,1,5,4,3,5, , , , , , , , , ,2,4,2,3,2,2,4,3,2,4,-99, , ,-99, , ,-99, , , , , ,2,11,12, ,16,8, ,15,10, ,6,4,4,1,26,1, ,1, , , ,26,1,1
3/3/2024 23:52:34,3/4/2024 0:16:35,100,1441,1,3/4/2024 0:16:36,R_1F3usyoXCK5eNgR,37.1835,-121.7714,EN,1,59,1,4,5,4,5,6,5,4,5,4,5,6,6,5, , , , , , ,-99, , ,-99, , ,2, , , , ,4, , ,1,1, , , , , , , , ,2,-99,-99,-99,-99,-99,-99, , , , , , , , , ,3,2,3,4,4,3,4,3,4,4,-99, , ,-99, , ,-99, , , , , ,1,11,12, ,14,12, ,12,4, ,4,4,4,1,26,1,1, , , , ,26,1,1
3/3/2024 2:22:29,3/3/2024 2:28:27,100,358,1,3/3/2024 2:28:28,R_5jhCTDNESlI0JWx,47.6144,-122.3447,EN,1,4,1,5,5,6,6,7,6,6,5,6,6,6,6,5, , , ,4, , ,5, , ,5, , ,1,yes, ,absence, ,1,Not much impact, ,1,1,absence, ,Feeling good,2, , , , ,1,6,7,5,6,6,7,6, , ,4, , ,6, , ,3,3,3,3,3,4,4,3,4,4,4, , ,3, , ,4, , ,Not much impact, , ,1,11,12, ,17,12, ,15,4, ,8,3Years have passed,3,1,26, , , , , , ,26,1,1
3/2/2024 18:57:09,3/2/2024 19:06:39,100,569,1,3/2/2024 19:06:40,R_5OokA17Zmn1pcCl,34.0544,-118.2441,EN,1,56,1,7,5,5,6,7,5,7,7,7,7,7,6,6,Listen to the opinions of the masses, , ,5,5, ,2, , ,3, , ,1,no, ,no, ,7,no, ,1,1,no, ,no,1, , , , ,1,1,1,2,1,1,1,1, , ,1, , ,1, , ,4,4,4,4,4,4,4,4,4,4,4, , ,4, , ,4, , ,no, , ,1,11,13, ,17,10, ,12,7, ,5,3y,3,1,26,1,1,1,1, , ,26,1,1
2/23/2024 9:38:53,2/23/2024 9:48:14,100,561,1,2/23/2024 9:48:15,R_6Q4xCXhON0BZEp2,40.5366,-85.6579,EN,1,67,1,7,7,7,7,3,6,6,6,7,7,7,7,7,Homeless,4, ,7,Homeless,1,7,shower/laundry facilities for homeless,6,7,tranportation for all ages is a big problem,0,1,People come into our library - they are clearly homeless and have hygiene issues.  Clothes are filthy.  All their belonging are in a bag.,4,"I have made calls to churches rescue mission, salvation army, St. Martin's Center to see if help is available.  In addition, our library has now made care/comfort kits for people but they still need a place to get clean.",1,6,"We are still rebounding from Covid and, of course, it's still an issue as is the flu and respiratory illnesses",3,1,2, , , , , , ,i have told people of the services but not used them.,1,1,7,7,7,7,7,7, , , , , , , , , ,4,4,4,4,4,4,4,4,4,4,-99, , ,-99, , ,-99, , , , , ,1,15,13, ,17,11, ,12,4, ,5,39 years,39,5,26, , ,1, , , ,27,1,8
2/13/2024 18:32:31,2/13/2024 18:35:01,100,150,1,2/13/2024 18:35:01,R_5aSYjLYY9DhXClX,43.053,-83.7473,EN,1,61,1,4,5,6,4,7,7,7,4,6,5,5,4,6, , , , , , ,-99, , ,-99, , ,2, , , , ,5, , ,1,1, , , , , , , , ,1,6,7,6,6,6,7, , , , , , , , , ,3,4,4,4,3,4,3,4,3,4,-99, , ,-99, , ,-99, , , , , ,1,12,13, ,16,11, ,12,7, ,5,39 years,39,5,26,1,1,1,1, , ,26,1,8
2/13/2024 18:46:24,2/13/2024 18:49:05,100,161,1,2/13/2024 18:49:05,R_3FLHZLIJPZSl88h,34.2106,-118.8716,EN,1,98,1,5,5,5,6,6,6,6,5,5,4,4,7,5, , , , , , ,-99, , ,-99, , ,2, , , , ,6, , ,1,1, , , , , , , , ,1,6,5,6,7,6,6, , , , , , , , , ,3,3,3,3,4,4,3,4,3,3,-99, , ,-99, , ,-99, , , , , ,1,12,12, ,16,12, ,12,6, ,5,39 years,39,5,26,1,1,1,1, , ,26,1,8
2/13/2024 22:15:57,2/13/2024 22:18:43,100,165,1,2/13/2024 22:18:43,R_5EupJX33w4l0ech,32.278,-101.4534,EN,1,98,1,7,5,4,5,5,4,6,5,6,6,4,5,5, , , , , , ,-99, , ,-99, , ,2, , , , ,6, , ,1,1, , , , , , , , ,1,7,6,7,6,6,6, , , , , , , , , ,3,3,4,4,3,3,4,3,4,4,-99, , ,-99, , ,-99, , , , , ,1,12,13, ,16,11, ,12,5, ,5,39 years,39,5,26,1,1,1,1, , ,26,1,8
2/13/2024 22:32:22,2/13/2024 22:34:32,100,129,1,2/13/2024 22:34:32,R_3MtdTpwutpyBaOB,39.7362,-121.8378,EN,1,97,1,5,5,5,7,5,5,6,5,7,5,5,7,6, , , , , , ,-99, , ,-99, , ,2, , , , ,6, , ,1,1, , , , , , , , ,1,7,6,6,7,6,6, , , , , , , , , ,3,3,4,3,4,3,3,3,3,4,-99, , ,-99, , ,-99, , , , , ,1,12,12, ,16,8, ,12,6, ,5,39 years,39,5,26,1,1,1,1, , ,26,1,8
2/13/2024 22:36:48,2/13/2024 22:39:01,100,133,1,2/13/2024 22:39:02,R_7DpvSeCjKXrBRI7,33.584,-84.2751,EN,1,58,1,6,6,5,4,6,5,5,4,6,6,6,5,5, , , , , , ,-99, , ,-99, , ,2, , , , ,6, , ,1,1, , , , , , , , ,1,7,6,5,7,6,6, , , , , , , , , ,3,4,4,4,3,4,4,3,4,4,-99, , ,-99, , ,-99, , , , , ,1,12,13, ,16,11, ,12,4, ,5,39 years,39,5,26,1,1,1,1, , ,26,1,8
2/13/2024 23:28:08,2/13/2024 23:30:09,100,121,1,2/13/2024 23:30:10,R_5HhK8VBOnuSascO,25.7689,-80.1946,EN,1,87,1,6,6,7,6,6,6,6,4,6,5,6,6,4, , , , , , ,-99, , ,-99, , ,2, , , , ,6, , ,1,1, , , , , , , , ,1,7,7,6,5,6,7, , , , , , , , , ,4,4,4,4,3,4,4,4,3,3,-99, , ,-99, , ,-99, , , , , ,1,12,12, ,16,11, ,12,4, ,5,39 years,39,5,26,1,1,1,1, , ,26,1,8
2/13/2024 23:54:10,2/13/2024 23:56:09,100,118,1,2/13/2024 23:56:10,R_171jPBPYU166k1l,36.0084,-83.9705,EN,1,85,1,6,4,5,7,6,4,6,4,4,6,5,5,7, , , , , , ,-99, , ,-99, , ,2, , , , ,6, , ,1,1, , , , , , , , ,1,6,7,7,6,5,6, , , , , , , , , ,4,4,4,3,4,4,4,3,3,3,-99, , ,-99, , ,-99, , , , , ,1,12,12, ,16,11, ,12,6, ,5,39 years,39,5,26,1,1,1,1, , ,26,1,8
2/14/2024 4:09:00,2/14/2024 4:13:48,100,287,1,2/14/2024 4:13:49,R_1eQl9omHYODJSmd,38.5083,-77.9943,EN,1,66,1,7,5,5,5,5,5,7,6,5,6,7,6,5, , , , , , ,-99, , ,-99, , ,2, , , , ,6, , ,1,1, , , , , , , , ,1,7,6,7,7,6,6, , , , , , , , , ,3,4,4,3,4,3,3,3,4,3,-99, , ,-99, , ,-99, , , , , ,1,12,12, ,16,11, ,12,5, ,5,39 years,39,5,26,1,1,1,1, , ,26,1,8
2/14/2024 4:25:24,2/14/2024 4:26:58,100,94,1,2/14/2024 4:26:59,R_7vU3j3SAsRyLxF7,34.1027,-118.2231,EN,1,64,1,6,7,4,6,5,6,6,6,5,7,6,7,6, , , , , , ,-99, , ,-99, , ,2, , , , ,6, , ,1,1, , , , , , , , ,1,7,6,5,6,7,6, , , , , , , , , ,3,4,4,4,3,4,4,4,4,4,-99, , ,-99, , ,-99, , , , , ,1,12,13, ,16,11, ,12,7, ,5,39 years,39,5,26,1,1,1,1, , ,26,1,8
2/14/2024 4:31:26,2/14/2024 4:33:12,100,105,1,2/14/2024 4:33:13,R_1yl731ysjK92QJq,28.1138,-82.3677,EN,1,63,1,7,4,6,6,7,6,7,6,4,7,7,5,6, , , , , , ,-99, , ,-99, , ,2, , , , ,6, , ,1,1, , , , , , , , ,1,7,6,6,6,6,7, , , , , , , , , ,3,3,3,3,3,3,3,3,3,4,-99, , ,-99, , ,-99, , , , , ,1,12,13, ,16,8, ,12,5, ,5,39 years,39,5,26,1,1,1,1, , ,26,1,8
2/14/2024 5:29:00,2/14/2024 5:30:33,100,92,1,2/14/2024 5:30:33,R_6Yb9JRfD3841Qr2,40.9352,-73.8341,EN,1,65,1,6,6,6,5,5,5,6,4,5,6,6,6,7, , , , , , ,-99, , ,-99, , ,2, , , , ,6, , ,1,1, , , , , , , , ,1,7,6,6,7,6,6, , , , , , , , , ,3,3,3,3,4,4,3,3,3,4,-99, , ,-99, , ,-99, , , , , ,1,12,13, ,16,11, ,12,5, ,5,39 years,39,5,26,1,1,1,1, , ,26,1,8
2/14/2024 5:33:13,2/14/2024 5:34:48,100,95,1,2/14/2024 5:34:49,R_5oF4t3d1CTqmSrf,34.1416,-80.8886,EN,1,68,1,6,4,5,6,6,6,6,6,6,6,6,5,5, , , , , , ,-99, , ,-99, , ,2, , , , ,6, , ,1,1, , , , , , , , ,1,7,7,6,7,6,6, , , , , , , , , ,4,3,4,4,3,3,4,3,4,4,-99, , ,-99, , ,-99, , , , , ,1,12,12, ,16,11, ,12,4, ,5,39 years,39,5,26,1,1,1,1, , ,26,1,8
2/14/2024 23:18:20,2/14/2024 23:20:07,100,107,1,2/14/2024 23:20:07,R_5N5DrrYCOb8OiOd,41.871,-87.6289,EN,1,72,1,7,6,4,5,4,6,5,6,5,6,5,6,7, , , , , , ,-99, , ,-99, , ,2, , , , ,6, , ,1,1, , , , , , , , ,1,7,6,6,7,6,5, , , , , , , , , ,3,3,4,4,3,3,3,3,4,4,-99, , ,-99, , ,-99, , , , , ,1,12,13, ,17,11, ,12,4, ,5,39 years,39,5,26,1,1,1,1, , ,26,1,8
2/14/2024 23:26:09,2/14/2024 23:27:55,100,105,1,2/14/2024 23:27:55,R_3JJF06MLuaPumMC,40.3775,-79.9613,EN,1,68,1,6,6,5,4,5,6,5,5,7,7,5,5,4, , , , , , ,-99, , ,-99, , ,2, , , , ,6, , ,1,1, , , , , , , , ,1,7,6,5,6,6,6, , , , , , , , , ,4,4,4,4,4,3,4,4,3,3,-99, , ,-99, , ,-99, , , , , ,1,12,12, ,16,11, ,12,6, ,5,39 years,39,5,26,1,1,1,1, , ,26,1,8
2/15/2024 0:32:16,2/15/2024 0:34:34,100,137,1,2/15/2024 0:34:34,R_3FdtCGzvXBaQ1od,42.5144,-82.9769,EN,1,91,1,4,5,6,6,4,5,6,5,4,6,5,6,5, , , , , , ,-99, , ,-99, , ,2, , , , ,6, , ,1,1, , , , , , , , ,1,6,7,7,6,7,6, , , , , , , , , ,3,3,4,3,4,3,4,3,3,3,-99, , ,-99, , ,-99, , , , , ,1,12,12, ,16,11, ,12,5, ,5,39 years,39,5,26,1,1,1,1, , ,26,1,8
2/13/2024 22:35:26,2/13/2024 22:37:26,100,119,1,2/13/2024 22:37:26,R_7pFDXxNgBd00FSW,44.7845,-68.7561,EN,1,97,1,6,4,4,4,7,5,6,6,3,4,2,3,2, , , , , , ,-99, , ,-99, , ,2, , , , ,7, , ,1,1, , , , , , , , ,2,-99,-99,-99,-99,-99,-99, , , , , , , , , ,2,1,1,2,1,2,2,2,1,1,-99, , ,-99, , ,-99, , , , , ,1,14,12, ,17,10, ,12,7, ,5,39  years,39,5,26,1,1,1, , , ,26,1,8
2/13/2024 21:33:31,2/13/2024 21:36:04,100,153,1,2/13/2024 21:36:04,R_7PdtWhbM0QZX8Rs,29.943,-95.2596,EN,1,81,1,4,3,3,7,6,6,4,6,3,3,6,4,3, , , , , , ,-99, , ,-99, , ,2, , , , ,7, , ,1,1, , , , , , , , ,1,5,6,7,6,6,5, , , , , , , , , ,3,2,4,4,3,3,3,3,3,3,-99, , ,-99, , ,-99, , , , , ,1,15,13, ,17,8, ,12,4, ,5,39   years,39,5,26,1,1,1,1, , ,26,1,8
2/26/2024 7:45:56,2/26/2024 8:00:07,100,850,1,2/26/2024 8:00:07,R_3Qf9YZ7KSYcopFL,41.5586,-87.5019,EN,1,66,1,5,3,7,4,5,4,6,4,6,4,3,4,2,Food Food is very important to me,3,4,5,Good public transport and transportation facilities are available,0,-99, , ,-99, , ,2, , , , ,6,The community should provide supplies of food and necessities,2,2,-99, , , , , , ,Because I don't have to,1,2,-99,-99,-99,-99,-99,-99, , , , , , , , , ,3,2,4,2,1,3,2,1,3,3,2,Electronic resources and online databases, ,-99, , ,-99, , ,I want the community to provide digital literacy and information literacy training, , ,1,12,12, ,17,12, ,12,5, ,5,39,39,5,26,1,1,1,1, , ,26,1,8
2/13/2024 23:59:21,2/14/2024 0:01:23,100,122,1,2/14/2024 0:01:24,R_7TXoknT0y6NHQgM,36.6963,-78.9188,EN,1,67,1,6,4,7,6,4,7,5,7,6,5,6,5,7, , , , , , ,-99, , ,-99, , ,2, , , , ,6, , ,1,1, , , , , , , , ,1,6,7,7,6,7,6, , , , , , , , , ,4,4,4,4,4,4,4,3,3,3,-99, , ,-99, , ,-99, , , , , ,1,12,12, ,16,8, ,12,5, ,5,39,39,5,26,1,1,1,1, , ,26,1,8
2/25/2024 8:59:43,2/25/2024 9:21:57,100,1333,1,2/25/2024 9:21:57,R_30K6x8KqnsnPnNL,39.7932,-86.2132,EN,1,60,1,5,6,3,6,6,4,6,4,7,4,6,4,3, , , ,2, , ,6, , ,4, , ,1,"Transportation needs: Community residents may need a good transportation system, including public transportation, roads and parking facilities, in order to be able to travel and commute easily.",10,"Educational Support: Academic tutoring, after-school tutoring, learning resources, and scholarship opportunities are available to help students get a great education. This can be provided by local schools, educational institutions, or non-profit organizations.", ,4,"Community communication and messaging: Maintaining effective messaging is critical to keeping communities cohesive and united during the pandemic. Here are some suggestions: Use a variety of channels (e.g. social media, email, official websites, etc.) to provide accurate and timely outbreak information, government guidance, and resource information to community members.
Organize virtual meetings, webinars, and online events so that community members can communicate and share information with each other.",5,1,2, , , , , , ,I'm using something else,1,1,2,3,3,7,2,6,6, , ,4, , ,4, , ,1,2,2,2,1,2,2,3,1,2,1, , ,3, , ,1, , ,"Community collaboration and support: Libraries can play a role in broader community collaboration and support during the pandemic. This includes working with schools, nonprofits, community centers, and others to jointly provide resources and services to meet the needs of the community. Example: Learning support: Work with schools to provide learning support such as academic tutoring, distance learning resources, and mentoring to help students continue learning during the pandemic. Community Events: Work with non-profit organizations and community centers to organize community events such as virtual book clubs, art exhibitions, lectures, etc., to keep the community connected and interactive.", , ,1,12,13, ,13,10, ,12,5, ,5,39,39,5,26,1, , , , , ,26,1,8
2/25/2024 10:41:27,2/25/2024 11:05:20,100,1433,1,2/25/2024 11:05:20,R_6f2sYjK8h2Q9oPq,41.439,-87.6027,EN,1,59,1,5,7,4,5,6,4,6,7,3,4,5,4,4, , , ,2, , ,5, , ,4, , ,1,"Educational needs: Community residents may need quality educational opportunities, including preschool, primary, secondary, and vocational education. This may involve the provision of good school facilities, educational resources and educational support services.",5,"Cultural and artistic support: Providing art exhibitions, performances, concerts and cultural events that enrich the cultural life of the community and promote diversity. This can be done through arts institutions, cultural centers or community arts programs.", ,4,Long-term response strategy: The outbreak can be a long-term challenge that requires a long-term response strategy. Here are some suggestions: Put in place flexible crisis management and emergency response mechanisms to deal with uncertainties and changes in the outbreak. Strengthen the capacity and infrastructure of public health systems to respond effectively to future outbreaks and health crises. Scientific research and innovation are encouraged to advance the development of vaccines and treatments and increase the resilience of communities.,5,1,1, , ,Quite satisfied, , , , , ,1,5,4,6,6,4,3,5, , ,6, , ,6, , ,4,4,3,3,4,1,3,4,4,2,4, , ,1, , ,2, , ,Ongoing communication and user feedback: Public libraries should engage in ongoing communication with patrons and proactively collect user feedback. This helps to understand the needs and opinions of readers and to continuously improve and adapt the service based on feedback., , ,1,11,13, ,14,11, ,14,4, ,5,39,39,5,26,1,1, , , , ,26,1,8
2/25/2024 12:34:32,2/25/2024 12:57:11,100,1358,1,2/25/2024 12:57:11,R_1ptyu3dTJe2b9k0,40.0565,-86.0159,EN,1,56,1,5,3,7,3,5,7,4,3,7,4,7,3,5, , , ,4, , ,3, , ,5, , ,1,Public facilities,11,"Good public facilities such as parks, sports grounds, swimming pools and community centres to promote leisure and social activities.", ,6,"Food and nutrition support: Services such as food banks, nutrition education, and food stamps are provided to help community members access adequate food and healthy diets. This can be done through food banks, health organizations, or community food programs.",2,1,1, , , , , , , , ,1,3,6,3,6,5,5,4, , ,6, , ,7, , ,3,4,2,3,2,4,3,2,4,4,4, , ,2, , ,3, , ,"Digital transformation: Public libraries have been forced to accelerate their digital transformation during the pandemic. Many libraries are beginning to offer digital resources and services such as ebooks, online databases, digital journals, and virtual Tours. This transformation can not only meet the needs of community members for learning and entertainment at home, but also expand the scope of library services and attract more users to participate.", , ,1,12,12, ,10,10, ,13,5, ,5,39,39,5,26,1, , , , , ,26,1,8
2/25/2024 12:58:32,2/25/2024 13:20:06,100,1294,1,2/25/2024 13:20:07,R_5ow9RPa3o97INKF,39.9086,-86.121,EN,1,69,1,5,2,6,6,5,4,7,4,3,6,2,7,5, , , ,4, , ,6, , ,6, , ,1,Gender equality and women's rights,13,"Community residents may need support and advocacy to promote gender equality and protect women's rights, including the provision of gender education, women's rights organizations, and domestic violence prevention services.", ,5,"Environmental protection: Promotes environmental awareness, sustainability and green initiatives, providing environmental education, clean activities and renewable energy projects. This can be done by environmental organisations, community groups or local governments working together.",5,1,1, , , , , , , , ,2,-99,-99,-99,-99,-99,-99, , , , , , , , , ,3,3,4,2,3,4,4,2,2,3,3, , ,3, , ,3, , ,"Provision of food and basic necessities: Ensuring that communities have access to adequate food and basic necessities is critical. Here are some suggestions: Set up food banks and rescue programs to provide food assistance to families in need. Expand delivery services, especially for people at high risk and those who can't get to stores.", , ,1,13,13, ,11,9, ,12,5, ,5,39,39,5,26,1, , , , , ,26,1,8
2/13/2024 16:37:45,2/13/2024 16:42:40,100,294,1,2/13/2024 16:42:40,R_6ojVF9Z5r0G3lqh,37.0453,-76.3404,EN,1,63,1,4,4,5,4,5,3,6,5,4,4,3,3,4, , , , , , ,-99, , ,-99, , ,2, , , , ,6, , ,1,1, , , , , , , , ,1,4,4,3,5,6,5, , , , , , , , , ,3,2,3,3,4,4,3,4,3,3,-99, , ,-99, , ,-99, , , , , ,1,12,12, ,16,9, ,12,5, ,5,38 years,38,5,26,1,1,1, , , ,26,1,8
2/13/2024 18:57:05,2/13/2024 18:59:08,100,122,1,2/13/2024 18:59:09,R_3HLWcRKOKhRN2GB,42.3088,-83.1173,EN,1,71,1,6,5,5,5,5,6,7,4,6,5,6,6,6, , , , , , ,-99, , ,-99, , ,2, , , , ,6, , ,1,1, , , , , , , , ,1,7,6,6,7,7,6, , , , , , , , , ,3,4,4,4,3,4,3,4,3,3,-99, , ,-99, , ,-99, , , , , ,1,12,13, ,16,11, ,12,6, ,5,38 years,38,5,26,1,1,1,1, , ,26,1,8
2/13/2024 19:54:26,2/13/2024 19:56:41,100,135,1,2/13/2024 19:56:42,R_6Xilt5GZ0UDko0I,41.7852,-72.6464,EN,1,97,1,5,7,6,5,7,5,6,7,4,6,5,5,5, , , , , , ,-99, , ,-99, , ,2, , , , ,6, , ,1,1, , , , , , , , ,1,7,6,7,6,6,6, , , , , , , , , ,3,3,4,3,3,3,4,4,3,3,-99, , ,-99, , ,-99, , , , , ,1,12,13, ,16,11, ,12,4, ,5,38 years,38,5,26,1,1,1,1, , ,26,1,8
2/13/2024 22:30:10,2/13/2024 22:32:03,100,113,1,2/13/2024 22:32:04,R_7J0gGtiPo3lzbZT,28.7739,-81.6463,EN,1,93,1,5,5,4,6,5,6,5,5,5,7,7,5,4, , , , , , ,-99, , ,-99, , ,2, , , , ,6, , ,1,1, , , , , , , , ,1,6,7,7,6,6,6, , , , , , , , , ,3,3,4,3,4,4,3,3,3,4,-99, , ,-99, , ,-99, , , , , ,1,12,13, ,16,11, ,12,4, ,5,38 years,38,5,26,1,1,1,1, , ,26,1,8
2/13/2024 22:34:51,2/13/2024 22:36:29,100,98,1,2/13/2024 22:36:29,R_6lN3frNwWIbfILT,38.8892,-76.9417,EN,1,67,1,5,5,4,6,5,7,6,5,7,5,6,6,4, , , , , , ,-99, , ,-99, , ,2, , , , ,6, , ,1,1, , , , , , , , ,1,6,5,7,6,6,7, , , , , , , , , ,3,3,3,3,4,4,3,4,3,4,-99, , ,-99, , ,-99, , , , , ,1,12,13, ,16,11, ,12,5, ,5,38 years,38,5,26,1,1,1,1, , ,26,1,8
2/13/2024 22:41:46,2/13/2024 22:43:36,100,109,1,2/13/2024 22:43:36,R_1jFHabpEGA71MOZ,37.9269,-122.3313,EN,1,63,1,5,5,4,7,5,6,5,5,5,6,6,4,6, , , , , , ,-99, , ,-99, , ,2, , , , ,6, , ,1,1, , , , , , , , ,1,6,7,6,7,7,6, , , , , , , , , ,3,3,4,3,4,3,4,3,4,3,-99, , ,-99, , ,-99, , , , , ,1,12,12, ,16,12, ,12,5, ,5,38 years,38,5,26,1,1,1,1, , ,26,1,8
2/13/2024 23:16:12,2/13/2024 23:17:58,100,106,1,2/13/2024 23:17:58,R_1OJarKtr10j5e06,39.018,-77.539,EN,1,65,1,4,6,4,5,7,7,4,6,6,5,5,4,6, , , , , , ,-99, , ,-99, , ,2, , , , ,6, , ,1,1, , , , , , , , ,1,7,6,7,6,5,6, , , , , , , , , ,4,3,4,4,3,3,4,3,3,4,-99, , ,-99, , ,-99, , , , , ,1,12,12, ,16,11, ,12,6, ,5,38 years,38,5,26,1,1,1,1, , ,26,1,8
2/13/2024 23:47:49,2/13/2024 23:49:33,100,103,1,2/13/2024 23:49:33,R_7mVsbt4SG7nvq49,41.2377,-95.9998,EN,1,68,1,5,7,6,6,5,5,6,4,7,6,6,6,7, , , , , , ,-99, , ,-99, , ,2, , , , ,6, , ,1,1, , , , , , , , ,1,6,7,7,6,5,6, , , , , , , , , ,4,4,3,4,3,4,3,3,4,3,-99, , ,-99, , ,-99, , , , , ,1,12,12, ,16,11, ,12,7, ,5,38 years,38,5,26,1,1,1,1, , ,26,1,8
2/14/2024 0:02:44,2/14/2024 0:05:05,100,141,1,2/14/2024 0:05:06,R_12lEh3tUul3FsIt,40.0345,-75.1193,EN,1,64,1,4,4,5,6,5,7,6,5,6,5,6,7,5, , , , , , ,-99, , ,-99, , ,2, , , , ,6, , ,1,1, , , , , , , , ,1,6,7,7,7,6,5, , , , , , , , , ,3,4,3,3,4,4,4,3,4,4,-99, , ,-99, , ,-99, , , , , ,1,12,13, ,15,12, ,12,6, ,5,38 years,38,5,26,1,1,1,1, , ,26,1,8
2/14/2024 4:06:44,2/14/2024 4:08:42,100,117,1,2/14/2024 4:08:43,R_5p58MuhkgrZkCs7,36.7646,-76.3408,EN,1,65,1,4,5,5,4,4,6,6,6,5,6,6,6,5, , , , , , ,-99, , ,-99, , ,2, , , , ,6, , ,1,1, , , , , , , , ,1,6,5,6,7,6,6, , , , , , , , , ,4,4,3,3,3,4,4,3,4,3,-99, , ,-99, , ,-99, , , , , ,1,12,13, ,16,11, ,12,6, ,5,38 years,38,5,26,1,1,1,1, , ,26,1,8
2/14/2024 4:14:18,2/14/2024 4:16:01,100,103,1,2/14/2024 4:16:02,R_5d4ySl9lQodoOjk,34.0014,-84.0144,EN,1,68,1,6,4,5,6,5,5,4,5,5,5,6,6,7, , , , , , ,-99, , ,-99, , ,2, , , , ,6, , ,1,1, , , , , , , , ,1,7,6,7,6,6,6, , , , , , , , , ,3,3,3,3,4,4,3,4,3,4,-99, , ,-99, , ,-99, , , , , ,1,12,13, ,16,11, ,12,6, ,5,38 years,38,5,26,1,1,1,1, , ,26,1,8
2/14/2024 4:20:48,2/14/2024 4:22:45,100,117,1,2/14/2024 4:22:45,R_7oGuDCD0N8S2oDv,38.9488,-104.7677,EN,1,63,1,6,5,5,6,6,6,5,4,4,7,7,6,4, , , , , , ,-99, , ,-99, , ,2, , , , ,6, , ,1,1, , , , , , , , ,1,7,6,7,6,6,6, , , , , , , , , ,4,3,3,4,4,4,4,4,3,3,-99, , ,-99, , ,-99, , , , , ,1,12,13, ,16,11, ,12,5, ,5,38 years,38,5,26,1,1,1,1, , ,26,1,8
2/14/2024 4:23:20,2/14/2024 4:25:06,100,105,1,2/14/2024 4:25:07,R_3XCosYpoPcngGUp,33.5325,-83.8547,EN,1,68,1,5,5,6,5,5,5,5,5,6,6,7,4,4, , , , , , ,-99, , ,-99, , ,2, , , , ,6, , ,1,1, , , , , , , , ,1,7,6,6,7,6,6, , , , , , , , , ,3,4,3,3,4,3,3,3,3,4,-99, , ,-99, , ,-99, , , , , ,1,12,12, ,16,11, ,12,5, ,5,38 years,38,5,26,1,1,1,1, , ,26,1,8
2/14/2024 4:36:32,2/14/2024 4:38:01,100,89,1,2/14/2024 4:38:02,R_1Pigc4VBYiPTsBh,40.5585,-122.4139,EN,1,64,1,5,4,7,4,6,5,6,4,5,5,4,6,6, , , , , , ,-99, , ,-99, , ,2, , , , ,6, , ,1,1, , , , , , , , ,1,7,6,6,7,6,6, , , , , , , , , ,3,3,3,4,3,3,3,3,3,4,-99, , ,-99, , ,-99, , , , , ,1,12,13, ,16,11, ,12,5, ,5,38 years,38,5,26,1,1,1,1, , ,26,1,8
2/14/2024 5:06:11,2/14/2024 5:07:45,100,94,1,2/14/2024 5:07:46,R_7OPVLgTrDR4uaCR,40.0818,-82.9665,EN,1,95,1,5,6,5,6,6,6,6,5,7,5,6,5,5, , , , , , ,-99, , ,-99, , ,2, , , , ,6, , ,1,1, , , , , , , , ,1,7,6,7,6,6,6, , , , , , , , , ,3,3,4,3,4,4,4,3,4,3,-99, , ,-99, , ,-99, , , , , ,1,12,12, ,17,11, ,12,4, ,5,38 years,38,5,26,1,1,1,1, , ,26,1,8
2/14/2024 5:35:06,2/14/2024 5:36:39,100,93,1,2/14/2024 5:36:40,R_3ts4u4zMH5xIn4j,34.0853,-80.9167,EN,1,72,1,4,5,5,7,5,6,5,5,5,5,6,6,4, , , , , , ,-99, , ,-99, , ,2, , , , ,6, , ,1,1, , , , , , , , ,1,7,7,6,7,6,6, , , , , , , , , ,3,3,4,4,4,3,3,4,4,3,-99, , ,-99, , ,-99, , , , , ,1,12,12, ,16,10, ,12,4, ,5,38 years,38,5,26,1,1,1,1, , ,26,1,8
2/14/2024 23:31:54,2/14/2024 23:33:30,100,96,1,2/14/2024 23:33:31,R_5iDaY4MJgsVSjE0,35.5303,-79.6999,EN,1,60,1,6,5,6,7,5,4,6,5,6,5,4,7,5, , , , , , ,-99, , ,-99, , ,2, , , , ,6, , ,1,1, , , , , , , , ,1,6,7,6,6,5,6, , , , , , , , , ,4,4,4,3,3,4,3,4,4,4,-99, , ,-99, , ,-99, , , , , ,1,12,12, ,16,11, ,12,5, ,5,38 years,38,5,26,1,1,1,1, , ,26,1,8
2/14/2024 23:35:52,2/14/2024 23:37:32,100,99,1,2/14/2024 23:37:33,R_71JcsqRk0ZxZ2Rr,33.508,-112.0995,EN,1,68,1,4,5,5,7,5,5,7,6,6,6,5,6,5, , , , , , ,-99, , ,-99, , ,2, , , , ,6, , ,1,1, , , , , , , , ,1,7,7,6,6,5,6, , , , , , , , , ,4,3,4,4,4,4,4,4,3,4,-99, , ,-99, , ,-99, , , , , ,1,12,13, ,16,12, ,12,4, ,5,38 years,38,5,26,1,1,1,1, , ,26,1,8
2/14/2024 23:39:59,2/14/2024 23:41:45,100,105,1,2/14/2024 23:41:45,R_7NCZDjaVH44NmMP,41.3434,-73.0806,EN,1,69,1,5,5,5,6,5,6,5,6,4,5,7,6,6, , , , , , ,-99, , ,-99, , ,2, , , , ,7, , ,1,1, , , , , , , , ,1,6,7,6,6,6,6, , , , , , , , , ,4,3,4,3,4,3,3,3,4,3,-99, , ,-99, , ,-99, , , , , ,1,12,12, ,16,11, ,12,4, ,5,38 years,38,5,26,1,1,1,1, , ,26,1,8
2/14/2024 23:42:03,2/14/2024 23:43:48,100,105,1,2/14/2024 23:43:49,R_7DHbME0yorqXQGt,29.5211,-98.3293,EN,1,95,1,7,6,4,5,6,4,5,6,4,5,5,6,4, , , , , , ,-99, , ,-99, , ,2, , , , ,6, , ,1,1, , , , , , , , ,1,7,7,6,5,6,7, , , , , , , , , ,4,4,4,3,4,4,4,3,3,3,-99, , ,-99, , ,-99, , , , , ,1,12,13, ,17,11, ,12,4, ,5,38 years,38,5,26,1,1,1,1, , ,26,1,8
2/14/2024 23:44:08,2/14/2024 23:45:40,100,92,1,2/14/2024 23:45:41,R_7oLtW9tl3oJH0Ux,34.1211,-117.4362,EN,1,59,1,7,7,6,5,5,6,6,6,4,4,4,5,5, , , , , , ,-99, , ,-99, , ,2, , , , ,6, , ,1,1, , , , , , , , ,1,5,6,7,6,7,6, , , , , , , , , ,3,4,4,3,3,3,4,3,3,4,-99, , ,-99, , ,-99, , , , , ,1,12,12, ,16,8, ,12,4, ,5,38 years,38,5,26,1,1,1,1, , ,26,1,8
2/14/2024 23:48:54,2/14/2024 23:50:34,100,99,1,2/14/2024 23:50:35,R_1OKSID9XLyjNjzj,43.0782,-89.4075,EN,1,94,1,6,6,4,5,6,7,5,5,5,6,5,4,6, , , , , , ,-99, , ,-99, , ,2, , , , ,7, , ,1,1, , , , , , , , ,1,7,7,7,6,5,6, , , , , , , , , ,3,3,4,3,3,4,3,3,3,3,-99, , ,-99, , ,-99, , , , , ,1,12,12, ,16,8, ,12,4, ,5,38 years,38,5,26,1,1,1,1, , ,26,1,8
2/15/2024 0:10:27,2/15/2024 0:12:04,100,96,1,2/15/2024 0:12:04,R_5uBuTq2ZUrimVRU,42.5686,-83.0668,EN,1,93,1,5,5,5,4,5,7,7,6,7,5,5,6,6, , , , , , ,-99, , ,-99, , ,2, , , , ,6, , ,1,1, , , , , , , , ,1,6,7,5,6,7,6, , , , , , , , , ,3,3,3,3,3,4,4,4,3,3,-99, , ,-99, , ,-99, , , , , ,1,12,13, ,16,11, ,12,4, ,5,38 years,38,5,26,1,1,1,1, , ,26,1,8
2/15/2024 0:16:31,2/15/2024 0:18:22,100,111,1,2/15/2024 0:18:23,R_39s8bDt3jTbfm3G,32.7921,-91.91,EN,1,84,1,7,6,7,5,6,5,5,7,4,6,5,6,4, , , , , , ,-99, , ,-99, , ,2, , , , ,6, , ,1,1, , , , , , , , ,1,6,7,6,6,7,6, , , , , , , , , ,3,3,4,4,4,4,4,4,4,3,-99, , ,-99, , ,-99, , , , , ,1,12,13, ,16,11, ,12,6, ,5,38 years,38,5,26,1,1,1,1, , ,26,1,8
2/15/2024 0:18:43,2/15/2024 0:20:21,100,97,1,2/15/2024 0:20:21,R_5s1IeoEU3higLCo,33.5637,-84.2112,EN,1,68,1,7,6,4,7,6,6,6,5,4,6,5,6,6, , , , , , ,-99, , ,-99, , ,2, , , , ,6, , ,1,1, , , , , , , , ,1,6,7,6,7,6,6, , , , , , , , , ,4,4,4,4,4,4,3,4,4,3,-99, , ,-99, , ,-99, , , , , ,1,12,12, ,16,8, ,12,6, ,5,38 years,38,5,26,1,1,1,1, , ,26,1,8
2/15/2024 4:18:32,2/15/2024 4:20:15,100,102,1,2/15/2024 4:20:15,R_6EaJlUTK76UyZMq,33.9388,-117.416,EN,1,68,1,6,6,4,6,5,6,5,5,7,6,4,7,6, , , , , , ,-99, , ,-99, , ,2, , , , ,6, , ,1,1, , , , , , , , ,1,7,7,6,7,6,5, , , , , , , , , ,4,3,3,4,3,3,4,4,3,4,-99, , ,-99, , ,-99, , , , , ,1,12,13, ,16,12, ,12,6, ,5,38 years,38,5,26,1,1,1,1, , ,26,1,8
2/13/2024 21:14:06,2/13/2024 21:16:38,100,151,1,2/13/2024 21:16:38,R_3QS78vLokjnTjFx,35.8451,-86.4901,EN,1,59,1,5,7,7,6,5,6,6,5,5,7,4,6,5, , , , , , ,-99, , ,-99, , ,1, , , , ,6, , ,1,1, , , , , , , , ,1,4,6,5,7,6,6, , , , , , , , , ,3,2,2,3,3,3,4,4,3,3,-99, , ,-99, , ,-99, , , , , ,1,15,13, ,16,10, ,12,5, ,5,38  years,38,5,26,1,1,1,1, , ,26,1,8
2/14/2024 23:28:42,2/14/2024 23:30:14,100,92,1,2/14/2024 23:30:15,R_1CTkGMmd6JbRRmr,40.782,-73.9953,EN,1,96,1,4,4,3,2,3,4,3,1,3,2,3,4,3, , , , , , ,-99, , ,-99, , ,2, , , , ,1, , ,1,1, , , , , , , , ,2,-99,-99,-99,-99,-99,-99, , , , , , , , , ,2,1,3,2,2,2,2,2,2,1,-99, , ,-99, , ,-99, , , , , ,1,14,13, ,14,9, ,12,5, ,7,38  years,38,5,26,1,1,1,1, , ,26,1,8
2/14/2024 23:33:18,2/14/2024 23:35:07,100,108,1,2/14/2024 23:35:08,R_7sv2cZ2GN0vmygS,39.7272,-121.8129,EN,1,77,1,2,1,1,2,2,2,2,2,2,2,2,1,2, , , , , , ,-99, , ,-99, , ,2, , , , ,1, , ,1,1, , , , , , , , ,2,-99,-99,-99,-99,-99,-99, , , , , , , , , ,2,1,2,2,2,2,1,1,1,1,-99, , ,-99, , ,-99, , , , , ,1,15,13, ,12,12, ,12,6, ,5,38  years,38,5,26,1,1,1,1, , ,26,1,8
2/23/2024 15:28:12,2/23/2024 15:36:38,100,506,1,2/23/2024 15:36:39,R_537yjpjabvJydt2,38.1608,-85.7807,EN,1,67,1,7,7,5,7,3,1,7,7,7,7,7,5,1,Housing,4, , , ,0,-99, , ,-99, , ,1,All I’m a social worker in the ER, ,I try to find resources for people but a lot of times I can’t due to financial/insurance constraints, ,1,"Yes, it impacted financial. But really it’s the aftermath. During Covid a lot of red tape was gone and I could help people. Now it’s back and I can’t.",4,3,-99, , , , , , , , ,1,7,7,7,7,7,7, , , , , , , , , ,4,4,4,4,4,2,3,4,4,4,-99, , ,-99, , ,-99, , ,No, , ,1,12,13, ,16,11, ,12,4, ,4,38,38,5,26,1,1, , , , ,26,1,8
2/25/2024 8:11:07,2/25/2024 8:27:42,100,994,1,2/25/2024 8:27:42,R_6dqavHru81P1PDX,37.9606,-87.5333,EN,1,98,1,5,2,6,2,3,6,1,3,2,4,6,5,3,Food related to food is the most important,3,4,1, , ,1, , ,1, , ,2, , , , ,5,The COVID-19 pandemic has not affected me much and my community has done everything,8,2,-99, , , , , , ,Because I don't need it,1,1,4,4,2,5,6,5, , , , , , , , , ,2,2,3,1,3,3,2,3,3,2,-99,NA, ,-99,NA, ,-99,NA, ,I would love to have some online resources, , ,2,12,12, ,13,10, ,12,5, ,5,38,38,5,26,1,1, , , , ,26,1,8
2/25/2024 13:25:37,2/25/2024 13:30:29,91,291,0,3/3/2024 13:30:31,R_3j9ukJ5TQ2vGBpo, , ,EN,1,58,1,6,3,4,4,7,6,3,5,7,3,6,4,6, , , ,6, , ,4, , ,4, , ,1,Community advocacy and messaging,14,"Community residents may need effective communication and communication channels to learn about community activities, resources and important announcements.", ,4,Social support and mental health services are provided to help people overcome feelings of loneliness and anxiety.,1,1,1, , , , , , , , ,1,5,7,6,4,7,5,4, , ,7, , ,5, , ,2,2,3,4,2,2,3,4,2,4,3, , ,2, , ,3, , ,"Joint collaboration and resource sharing: Collaboration and resource sharing among public libraries has become even more important during the pandemic. Libraries can enhance collaboration by sharing digital resources, collaborating on online events and training, and providing each other with support and experience sharing. This collaboration can help libraries work together to address challenges and improve the quality and effectiveness of their services.", , ,1,12,13, ,16,9, ,13,5, ,5,38,38,5,26, ,1, , , , , ,1,8
2/13/2024 18:59:30,2/13/2024 19:01:24,100,113,1,2/13/2024 19:01:25,R_7jU0YCtHzbULXns,38.7379,-82.8231,EN,1,73,1,5,7,7,7,6,5,5,6,5,6,5,6,6, , , , , , ,-99, , ,-99, , ,2, , , , ,6, , ,1,1, , , , , , , , ,1,6,7,6,6,7,6, , , , , , , , , ,4,4,4,4,3,4,3,3,4,3,-99, , ,-99, , ,-99, , , , , ,1,12,13, ,16,12, ,12,7, ,5,37 years,37,5,26,1,1,1,1, , ,26,1,8
2/13/2024 19:06:39,2/13/2024 19:09:03,100,143,1,2/13/2024 19:09:03,R_1kBq3atRkwPxFak,26.0219,-80.3003,EN,1,59,1,4,6,5,5,6,5,6,6,5,4,5,4,6, , , , , , ,-99, , ,-99, , ,2, , , , ,6, , ,1,1, , , , , , , , ,1,6,6,7,7,7,6, , , , , , , , , ,4,3,4,3,4,4,4,4,4,4,-99, , ,-99, , ,-99, , , , , ,1,12,13, ,16,11, ,12,5, ,5,37 years,37,5,26,1,1,1,1, , ,26,1,8
2/13/2024 19:30:05,2/13/2024 19:32:48,100,162,1,2/13/2024 19:32:48,R_71HzhXlSqiuzavy,36.9904,-85.9239,EN,1,97,1,7,7,6,6,7,4,4,7,6,5,5,7,7, , , , , , ,-99, , ,-99, , ,2, , , , ,6, , ,1,1, , , , , , , , ,1,6,5,6,7,6,5,5, , , , , , , , ,4,3,4,3,3,3,4,4,3,4,-99, , ,-99, , ,-99, , , , , ,1,12,13, ,16,8, ,12,7, ,5,37 years,37,5,26,1,1,1,1, , ,26,1,8
2/13/2024 19:47:19,2/13/2024 19:49:38,100,139,1,2/13/2024 19:49:39,R_7Ej9x68AyZFHXpK,34.9282,-86.9794,EN,1,55,1,5,5,5,5,6,6,5,7,4,6,5,6,6, , , , , , ,-99, , ,-99, , ,2, , , , ,6, , ,1,1, , , , , , , , ,1,6,7,6,7,6,6, , , , , , , , , ,3,3,3,3,4,4,3,4,4,4,-99, , ,-99, , ,-99, , , , , ,1,12,13, ,16,8, ,12,5, ,5,37 years,37,5,26,1,1,1,1, , ,26,1,8
2/13/2024 19:57:04,2/13/2024 19:58:50,100,105,1,2/13/2024 19:58:50,R_1AS8jgG5kPpgDZx,38.8534,-76.8893,EN,1,57,1,5,6,6,5,4,5,6,5,7,5,5,6,5, , , , , , ,-99, , ,-99, , ,2, , , , ,6, , ,1,1, , , , , , , , ,1,6,5,6,7,6,6, , , , , , , , , ,4,4,3,4,4,3,4,3,4,4,-99, , ,-99, , ,-99, , , , , ,1,12,13, ,16,11, ,12,4, ,5,37 years,37,5,26,1,1,1,1, , ,26,1,8
2/13/2024 22:39:21,2/13/2024 22:41:27,100,125,1,2/13/2024 22:41:28,R_50qNGT7AyKJVwAL,38.9522,-77.0253,EN,1,68,1,6,7,5,6,5,5,6,6,6,7,7,5,6, , , , , , ,-99, , ,-99, , ,2, , , , ,6, , ,1,1, , , , , , , , ,1,7,6,6,7,6,5, , , , , , , , , ,3,4,4,3,3,3,4,4,3,4,-99, , ,-99, , ,-99, , , , , ,1,12,13, ,16,11, ,12,4, ,5,37 years,37,5,26,1,1,1,1, , ,26,1,8
2/13/2024 23:30:27,2/13/2024 23:32:26,100,119,1,2/13/2024 23:32:27,R_7R9mZRtRXIb1dWA,36.8375,-76.0976,EN,1,70,1,6,5,6,4,6,6,6,5,5,7,5,7,5, , , , , , ,-99, , ,-99, , ,2, , , , ,6, , ,1,1, , , , , , , , ,1,5,6,6,7,6,5, , , , , , , , , ,4,3,4,3,3,4,4,3,4,3,-99, , ,-99, , ,-99, , , , , ,1,12,12, ,16,10, ,12,4, ,5,37 years,37,5,26,1,1,1,1, , ,26,1,8
2/14/2024 4:29:23,2/14/2024 4:31:01,100,97,1,2/14/2024 4:31:01,R_5FRMxAeFSkkOWKZ,43.2138,-77.4575,EN,1,68,1,6,6,5,6,5,5,5,6,5,6,7,4,5, , , , , , ,-99, , ,-99, , ,2, , , , ,6, , ,1,1, , , , , , , , ,1,7,6,7,6,6,6, , , , , , , , , ,3,3,4,4,4,4,4,4,3,4,-99, , ,-99, , ,-99, , , , , ,1,12,13, ,16,11, ,12,4, ,5,37 years,37,5,26,1,1,1,1, , ,26,1,8
2/14/2024 22:27:13,2/14/2024 22:29:17,100,123,1,2/14/2024 22:29:18,R_615mevSOnotTFJw,30.3052,-95.4552,EN,1,64,1,5,3,4,5,4,5,2,3,6,6,6,5,5, , , , , , ,-99, , ,-99, , ,2, , , , ,6, , ,1,1, , , , , , , , ,1,6,7,7,7,6,6, , , , , , , , , ,2,4,3,3,4,3,2,4,2,3,-99, , ,-99, , ,-99, , , , , ,1,13,13, ,17,11, ,12,4, ,5,37 years,37,5,26,1,1,1,1, , ,26,1,8
2/14/2024 23:22:34,2/14/2024 23:24:03,100,88,1,2/14/2024 23:24:04,R_5gYPEveRnJGULr6,33.4724,-82.0889,EN,1,71,1,6,7,6,7,4,5,4,6,5,6,6,6,6, , , , , , ,-99, , ,-99, , ,2, , , , ,6, , ,1,1, , , , , , , , ,1,7,6,7,6,5,6, , , , , , , , , ,4,4,3,3,3,4,3,3,4,4,-99, , ,-99, , ,-99, , , , , ,1,12,13, ,16,8, ,12,6, ,5,37 years,37,5,26,1,1,1,1, , ,26,1,8
2/14/2024 23:30:07,2/14/2024 23:31:37,100,89,1,2/14/2024 23:31:37,R_7D0pso6s4StLYAx,30.0736,-95.6203,EN,1,62,1,5,5,7,6,7,7,6,7,5,5,5,6,5, , , , , , ,-99, , ,-99, , ,2, , , , ,6, , ,1,1, , , , , , , , ,1,7,7,6,5,6,6, , , , , , , , , ,3,3,3,4,4,3,4,3,3,3,-99, , ,-99, , ,-99, , , , , ,1,12,12, ,16,12, ,12,5, ,5,37 years,37,5,26,1,1,1,1, , ,26,1,8
2/15/2024 0:14:18,2/15/2024 0:16:12,100,113,1,2/15/2024 0:16:12,R_3KCKuhXGn74BcL0,33.784,-118.1854,EN,1,80,1,6,6,4,6,4,5,5,4,6,6,6,7,4, , , , , , ,-99, , ,-99, , ,2, , , , ,6, , ,1,1, , , , , , , , ,1,6,7,6,5,6,7, , , , , , , , , ,3,4,3,4,4,3,4,4,3,4,-99, , ,-99, , ,-99, , , , , ,1,12,12, ,16,10, ,12,4, ,5,37 years,37,5,26,1,1,1,1, , ,26,1,8
2/15/2024 0:20:45,2/15/2024 0:22:30,100,105,1,2/15/2024 0:22:31,R_7Vx5xzylDqyHHQH,29.8639,-90.1067,EN,1,86,1,7,4,6,6,6,6,4,4,5,6,6,5,6, , , , , , ,-99, , ,-99, , ,2, , , , ,6, , ,1,1, , , , , , , , ,1,7,6,6,5,6,7, , , , , , , , , ,4,4,4,3,3,4,3,3,4,4,-99, , ,-99, , ,-99, , , , , ,1,12,12, ,16,10, ,12,6, ,5,37 years,37,5,26,1,1,1,1, , ,26,1,8
2/15/2024 0:27:22,2/15/2024 0:29:34,100,132,1,2/15/2024 0:29:35,R_7rPrCgIFvkvDDCV,32.7596,-117.0143,EN,1,63,1,7,5,5,6,5,5,5,6,5,7,5,4,4, , , , , , ,-99, , ,-99, , ,2, , , , ,6, , ,1,1, , , , , , , , ,1,6,7,7,6,6,5, , , , , , , , , ,4,3,3,3,3,3,3,4,3,4,-99, , ,-99, , ,-99, , , , , ,1,12,13, ,16,11, ,12,4, ,5,37 years,37,5,26,1,1,1,1, , ,26,1,8
2/25/2024 8:11:10,2/25/2024 8:27:42,100,991,1,2/25/2024 8:27:42,R_6iUoS2DaR71qRdO,37.9653,-87.3902,EN,1,80,1,2,5,3,5,4,3,6,5,5,1,3,3,5,Taking care of family members is my top priority because I'm so busy at work,7,4, , , ,-99, , ,-99, , ,2, , , , ,4,More or less will have a little impact only to overcome difficulties,8,2,-99, , , , , , ,I am worried that I will have problems using these services,3,3,3,6,4,2,5,3, , , , , , , , , ,2,1,4,3,3,4,2,2,3,1,-99, , ,-99, , ,-99, , ,And they can't set up Wi-Fi in the library, , ,2,12,12, ,13,9, ,12,5, ,5,37,37,5,26,1,1, , , , ,26,1,8
2/25/2024 12:32:54,2/25/2024 12:48:42,100,947,1,2/25/2024 12:48:42,R_63W0gdLDytmjU1X,39.8335,-84.8983,EN,1,60,1,5,3,4,3,1,3,3,5,4,3,6,4,5,Social connections are very important and I need them,11,4, , , ,-99, , ,-99, , ,2, , , , ,5,Arrange for mobile COVID testing sites.,2,1,1,Electronic journals and databases, ,As good as gold,2, , , , ,2,-99,-99,-99,-99,-99,-99, , , , , , , , , ,1,4,3,4,1,3,2,1,2,1,-99, , ,-99, , ,-99, , ,"I expect public libraries to be involved in health promotion activities, providing health information and resources to promote healthy lifestyles", , ,1,12,12, ,16,11, ,12,5, ,5,37,37,5,26,1,1, ,1, , ,26,1,8
2/27/2024 12:26:17,2/27/2024 12:45:34,100,1156,1,2/27/2024 12:45:35,R_7JrxLBNzDKv4sMO,42.7606,-84.5563,EN,1,61,1,4,7,3,6,7,5,3,5,7,4,2,6,7, , , ,4, , ,3, , ,6, , ,1,Social services and welfare,14,"Social services and welfare: More social service agencies and welfare resources are needed, such as elder care, child care, mental health support and job training. These services can help meet the various needs of residents in their lives.", ,4,"Employment and financial assistance: Provide job opportunities, training programs and financial assistance to help affected people re-enter employment or start their own businesses.",4,1,2, , , , , , , , ,1,5,5,5,7,4,7,5, , ,4, , ,4, , ,3,4,2,3,4,3,4,4,2,2,2, , ,3, , ,2, , ,"Partnerships: Establish partnerships with other institutions, such as schools, museums, arts institutions, etc., to jointly develop online educational programs, cultural events, and virtual exhibitions. This can provide a richer learning experience and cultural resources, and attract more people to participate.", , ,1,11,12, ,16,9, ,13,4, ,5,37,37,5,26, ,1, , , , ,26,1,8
2/13/2024 18:51:59,2/13/2024 18:53:54,100,115,1,2/13/2024 18:53:54,R_7OTP5e690oCBj6H,21.2982,-157.8444,EN,1,61,1,5,6,6,5,6,5,5,7,6,5,5,5,6, , , , , , ,-99, , ,-99, , ,2, , , , ,6, , ,1,1, , , , , , , , ,1,6,7,6,7,6,6, , , , , , , , , ,4,4,4,3,3,4,4,3,4,4,-99, , ,-99, , ,-99, , , , , ,1,12,13, ,16,12, ,12,6, ,5,36 years,36,5,26,1,1,1,1, , ,26,1,8
2/13/2024 19:14:21,2/13/2024 19:16:22,100,121,1,2/13/2024 19:16:22,R_1aKUCa9HyZe7alX,38.2026,-84.2383,EN,1,91,1,5,5,6,6,4,6,5,7,5,6,7,7,6, , , , , , ,-99, , ,-99, , ,2, , , , ,6, , ,1,1, , , , , , , , ,1,6,6,7,6,7,6, , , , , , , , , ,3,4,4,3,3,4,3,3,3,3,-99, , ,-99, , ,-99, , , , , ,1,12,13, ,16,12, ,12,4, ,5,36 years,36,5,26,1,1,1,1, , ,26,1,8
2/13/2024 19:27:05,2/13/2024 19:29:41,100,156,1,2/13/2024 19:29:42,R_7bZsrRuEGLDHWtS,27.9448,-82.2409,EN,1,96,1,6,6,5,6,6,6,6,5,4,4,5,4,4, , , , , , ,-99, , ,-99, , ,2, , , , ,6, , ,1,1, , , , , , , , ,1,6,5,7,6,7,6, , , , , , , , , ,4,3,3,3,4,4,3,3,4,4,-99, , ,-99, , ,-99, , , , , ,1,12,13, ,16,11, ,12,6, ,5,36 years,36,5,26,1,1,1,1, , ,26,1,8
2/13/2024 19:40:28,2/13/2024 19:42:32,100,123,1,2/13/2024 19:42:33,R_7hjcgqE7jaYTrkR,33.7574,-84.4236,EN,1,86,1,5,6,6,6,6,6,5,6,5,4,6,6,7, , , , , , ,-99, , ,-99, , ,2, , , , ,6, , ,1,1, , , , , , , , ,1,7,6,6,7,6,6, , , , , , , , , ,3,4,4,3,4,3,3,3,3,3,-99, , ,-99, , ,-99, , , , , ,1,12,13, ,16,11, ,12,6, ,5,36 years,36,5,26,1,1,1,1, , ,26,1,8
2/13/2024 19:45:09,2/13/2024 19:46:59,100,109,1,2/13/2024 19:46:59,R_6zEI84lw0FYyZkB,26.0178,-80.3423,EN,1,4,1,6,6,6,4,5,5,5,7,6,4,4,5,5, , , , , , ,-99, , ,-99, , ,2, , , , ,6, , ,1,1, , , , , , , , ,1,6,6,5,6,7,6, , , , , , , , , ,4,4,4,4,3,3,4,4,4,4,-99, , ,-99, , ,-99, , , , , ,1,12,13, ,16,12, ,12,5, ,5,36 years,36,5,26,1,1,1,1, , ,26,1,8
2/13/2024 22:21:22,2/13/2024 22:23:20,100,117,1,2/13/2024 22:23:20,R_5LD9cEh2vAjVAdz,40.674,-73.9701,EN,1,59,1,7,6,7,6,7,6,6,5,6,7,6,6,6, , , , , , ,-99, , ,-99, , ,2, , , , ,6, , ,1,1, , , , , , , , ,1,6,7,6,6,7,6, , , , , , , , , ,4,4,4,3,4,3,4,3,3,4,-99, , ,-99, , ,-99, , , , , ,1,12,13, ,16,12, ,12,7, ,5,36 years,36,5,26,1,1,1,1, , ,26,1,8
2/13/2024 22:25:54,2/13/2024 22:27:49,100,114,1,2/13/2024 22:27:49,R_1XQdo9OHKNAfe2B,41.4781,-81.5746,EN,1,67,1,5,5,6,5,4,7,6,4,5,6,7,5,5, , , , , , ,-99, , ,-99, , ,2, , , , ,6, , ,1,1, , , , , , , , ,1,7,6,6,7,6,6, , , , , , , , , ,3,3,3,3,3,4,3,3,3,4,-99, , ,-99, , ,-99, , , , , ,1,12,13, ,16,12, ,12,6, ,5,36 years,36,5,26,1,1,1,1, , ,26,1,8
2/13/2024 23:49:53,2/13/2024 23:51:42,100,109,1,2/13/2024 23:51:43,R_6jZi6ItHGE0Q7YH,26.1792,-80.1749,EN,1,69,1,5,4,5,6,6,6,6,6,6,4,7,5,4, , , , , , ,-99, , ,-99, , ,2, , , , ,6, , ,1,1, , , , , , , , ,1,6,7,7,6,5,6, , , , , , , , , ,3,4,3,3,3,4,3,4,4,3,-99, , ,-99, , ,-99, , , , , ,1,12,13, ,16,11, ,12,6, ,5,36 years,36,5,26,1,1,1,1, , ,26,1,8
2/14/2024 4:18:53,2/14/2024 4:20:30,100,96,1,2/14/2024 4:20:30,R_6cPSfjIOTflHpOF,40.7667,-74.0311,EN,1,71,1,4,6,6,6,5,6,7,6,4,5,6,7,5, , , , , , ,-99, , ,-99, , ,2, , , , ,6, , ,1,1, , , , , , , , ,1,7,6,6,6,7,6, , , , , , , , , ,4,4,3,4,4,4,4,3,4,4,-99, , ,-99, , ,-99, , , , , ,1,12,13, ,16,11, ,12,5, ,5,36 years,36,5,26,1,1,1,1, , ,26,1,8
2/14/2024 4:27:14,2/14/2024 4:28:56,100,101,1,2/14/2024 4:28:56,R_51AK3jinJ9xIhWY,41.9053,-83.476,EN,1,70,1,7,5,4,4,4,4,4,4,6,7,7,5,6, , , , , , ,-99, , ,-99, , ,2, , , , ,6, , ,1,1, , , , , , , , ,1,7,6,6,7,6,6, , , , , , , , , ,4,3,3,4,4,4,4,3,3,3,-99, , ,-99, , ,-99, , , , , ,1,12,13, ,16,11, ,12,4, ,5,36 years,36,5,26,1,1,1,1, , ,26,1,8
2/14/2024 5:03:56,2/14/2024 5:05:54,100,118,1,2/14/2024 5:05:55,R_34JQR8TSwXba1Lr,33.7315,-84.4195,EN,1,94,1,7,4,6,4,4,4,6,6,6,4,6,6,5, , , , , , ,-99, , ,-99, , ,2, , , , ,6, , ,1,1, , , , , , , , ,1,7,6,7,7,6,6, , , , , , , , , ,4,4,3,4,4,3,4,4,3,3,-99, , ,-99, , ,-99, , , , , ,1,12,12, ,16,11, ,12,4, ,5,36 years,36,5,26,1,1,1,1, , ,26,1,8
2/14/2024 5:08:05,2/14/2024 5:09:42,100,97,1,2/14/2024 5:09:43,R_5UYiPpA0wHKOPAm,38.9091,-77.0203,EN,1,66,1,5,7,6,4,5,5,5,5,6,4,6,6,5, , , , , , ,-99, , ,-99, , ,2, , , , ,6, , ,1,1, , , , , , , , ,1,7,7,7,6,6,6, , , , , , , , , ,3,3,4,3,3,4,4,4,3,4,-99, , ,-99, , ,-99, , , , , ,1,12,12, ,16,12, ,12,6, ,5,36 years,36,5,26,1,1,1,1, , ,26,1,8
2/14/2024 23:28:12,2/14/2024 23:29:50,100,98,1,2/14/2024 23:29:51,R_1CefhFmTEE6su35,34.0757,-118.3161,EN,1,88,1,6,4,6,5,6,4,4,6,5,6,5,6,6, , , , , , ,-99, , ,-99, , ,2, , , , ,6, , ,1,1, , , , , , , , ,1,7,7,6,6,5,6, , , , , , , , , ,3,4,3,4,3,3,3,3,4,4,-99, , ,-99, , ,-99, , , , , ,1,12,12, ,16,12, ,12,6, ,5,36 years,36,5,26,1,1,1,1, , ,26,1,8
2/14/2024 23:37:52,2/14/2024 23:39:40,100,107,1,2/14/2024 23:39:40,R_3FLtPHoN6ZZyMFv,38.9411,-84.7185,EN,1,89,1,6,4,5,6,7,6,7,7,6,5,5,6,6, , , , , , ,-99, , ,-99, , ,2, , , , ,7, , ,1,1, , , , , , , , ,1,6,7,7,6,6,6, , , , , , , , , ,4,4,4,3,4,4,4,3,4,3,-99, , ,-99, , ,-99, , , , , ,1,12,12, ,16,11, ,12,5, ,5,36 years,36,5,26,1,1,1,1, , ,26,1,8
2/14/2024 23:46:00,2/14/2024 23:48:36,100,155,1,2/14/2024 23:48:36,R_60wLRynqp83Sbcx,17.9962,-76.8019,EN,1,93,1,5,6,6,7,5,6,7,4,5,6,5,4,6, , , , , , ,-99, , ,-99, , ,2, , , , ,6, , ,1,1, , , , , , , , ,1,7,6,7,7,6,6, , , , , , , , , ,4,3,3,4,4,4,3,3,4,3,-99, , ,-99, , ,-99, , , , , ,1,12,13, ,16,11, ,12,4, ,5,36 years,36,5,26,1,1,1,1, , ,26,1,8
2/15/2024 0:06:05,2/15/2024 0:07:48,100,103,1,2/15/2024 0:07:49,R_52M4tjXAOQsF7B0,34.2666,-118.7643,EN,1,71,1,5,7,5,4,5,6,5,6,6,5,6,6,7, , , , , , ,-99, , ,-99, , ,2, , , , ,6, , ,1,1, , , , , , , , ,1,6,7,7,6,5,6, , , , , , , , , ,3,3,3,3,3,4,4,3,3,3,-99, , ,-99, , ,-99, , , , , ,1,12,13, ,16,11, ,12,4, ,5,36 years,36,5,26,1,1,1,1, , ,26,1,8
2/15/2024 0:08:09,2/15/2024 0:09:59,100,110,1,2/15/2024 0:10:00,R_72Rc8zIAymuUFi5,34.1979,-118.5371,EN,1,65,1,5,6,4,6,6,5,6,5,5,5,4,6,5, , , , , , ,-99, , ,-99, , ,2, , , , ,6, , ,1,1, , , , , , , , ,1,6,7,6,7,6,6, , , , , , , , , ,4,4,3,4,4,3,3,3,4,3,-99, , ,-99, , ,-99, , , , , ,1,12,12, ,16,11, ,12,4, ,5,36 years,36,5,26,1,1,1,1, , ,26,1,8
2/15/2024 0:25:05,2/15/2024 0:26:58,100,112,1,2/15/2024 0:26:58,R_5WPDsbcrxIxFaXo,45.4525,-123.8198,EN,1,86,1,4,7,6,5,5,5,4,7,7,6,5,5,5, , , , , , ,-99, , ,-99, , ,2, , , , ,6, , ,1,1, , , , , , , , ,1,6,7,7,6,6,6, , , , , , , , , ,4,4,3,3,3,4,4,3,3,4,-99, , ,-99, , ,-99, , , , , ,1,12,13, ,16,12, ,12,4, ,5,36 years,36,5,26,1,1,1,1, , ,26,1,8
2/15/2024 4:16:36,2/15/2024 4:18:14,100,98,1,2/15/2024 4:18:15,R_1fqQUvlTOcxJKW1,26.0178,-80.3423,EN,1,69,1,5,6,6,5,6,4,7,6,6,6,7,5,6, , , , , , ,-99, , ,-99, , ,2, , , , ,6, , ,1,1, , , , , , , , ,1,7,6,7,6,6,6, , , , , , , , , ,3,3,4,4,4,4,4,4,3,3,-99, , ,-99, , ,-99, , , , , ,1,12,13, ,16,11, ,12,4, ,5,36 years,36,5,26,1,1,1,1, , ,26,1,8
2/15/2024 4:22:20,2/15/2024 4:23:56,100,96,1,2/15/2024 4:23:57,R_1E49CALtjb2BBoR,41.9778,-88.2018,EN,1,60,1,5,4,5,4,6,5,7,6,5,7,7,7,5, , , , , , ,-99, , ,-99, , ,2, , , , ,6, , ,1,1, , , , , , , , ,1,7,6,5,6,6,6, , , , , , , , , ,4,4,3,3,3,3,4,4,4,4,-99, , ,-99, , ,-99, , , , , ,1,12,13, ,16,11, ,12,6, ,5,36 years,36,5,26,1,1,1,1, , ,26,1,8
2/14/2024 22:12:53,2/14/2024 22:15:16,100,143,1,2/14/2024 22:15:17,R_11sL3LRYYO51iAL,37.3053,-79.9252,EN,1,59,1,4,6,4,2,5,6,4,4,5,4,2,3,4, , , , , , ,-99, , ,-99, , ,2, , , , ,6, , ,1,1, , , , , , , , ,1,3,6,6,3,4,5,1, , ,1, , ,1, , ,4,4,4,3,4,3,3,4,3,3,-99, , ,-99, , ,-99, , , , , ,1,14,12, ,13,9, ,12,6, ,5,36  years,36,5,26,1,1,1,1, , ,26,1,8
2/26/2024 7:45:56,2/26/2024 8:00:06,100,850,1,2/26/2024 8:00:07,R_38ID7itVVemOrSN,38.3015,-85.7469,EN,1,76,1,3,6,3,6,6,7,4,5,2,3,3,6,4,Climate because I am very afraid that my family will encounter extreme weather,6, ,5,Safety and security measures,0,3,Maintain cleanliness and environmental hygiene of the community,4,-99, , ,2, , , , ,3,COVID-19 has affected me very much and I want mental health support and counselling in the community,3,2,-99, , , , , , ,I don't need,1,2,-99,-99,-99,-99,-99,-99, , , , , , , , , ,2,1,3,2,4,3,2,3,4,2,3,Abundant books and literature resources, ,-99, , ,-99, , ,I hope the community will build library social media platforms to interact and share information with us online., , ,1,12,13, ,13,10, ,12,4, ,5,36,36,5,26,1,1, , , , ,26,1,8
2/25/2024 12:01:50,2/25/2024 12:29:51,100,1680,1,2/25/2024 12:29:51,R_3goqDx1Dv6yehsZ,41.1371,-85.0637,EN,1,58,1,6,5,5,5,3,4,2,4,5,2,4,5,6, , , ,2, , ,6, , ,3, , ,1,Quality housing,4,"Community residents may need affordable and high-quality housing options, including renting and buying options, and ensure the safety and comfort of their homes.", ,2,Community cooperation and volunteer support: Community cooperation and volunteers play an important role in the response to the outbreak,1,2,-99, , , , , , ,Little help,1,1,6,2,4,5,6,5,2, , ,4, , ,5, , ,4,4,4,2,4,2,3,1,2,4,3, , ,2, , ,3, , ,"Social connections and ties: Public libraries play an important role as social connections and ties in the community. Public libraries can provide a safe public space for people to meet, communicate and share when social activities are restricted during the pandemic. By organizing activities such as community events, book clubs, lectures and exhibitions, libraries can promote community cohesion and interaction.", , ,1,13,13, ,11,9, ,13,5, ,5,36,36,5,26,1,1, , , , ,26,1,8
2/13/2024 21:11:00,2/13/2024 21:13:27,100,147,1,2/13/2024 21:13:28,R_51XWM2egaDHga6T,41.8467,-73.0178,EN,1,57,1,5,6,6,5,4,4,7,7,5,4,5,4,4, , , , , , ,-99, , ,-99, , ,2, , , , ,7, , ,1,1, , , , , , , , ,1,6,7,7,7,6,6, , , , , , , , , ,4,2,3,4,4,4,2,4,3,3,-99, , ,-99, , ,-99, , , , , ,1,15,13, ,17,9, ,12,5, ,5,35  years,35,7,26,1,1,1,1, , ,26,1,7
2/14/2024 23:04:48,2/14/2024 23:06:33,100,105,1,2/14/2024 23:06:34,R_11NjItGZ4quzBke,45.3489,-68.5061,EN,1,96,1,4,4,4,6,4,7,3,2,3,4,7,7,4, , , , , , ,-99, , ,-99, , ,2, , , , ,7, , ,1,1, , , , , , , , ,1,6,6,7,7,7,7, , , , , , , , , ,2,2,2,2,2,2,3,2,3,3,-99, , ,-99, , ,-99, , , , , ,1,13,12, ,16,9, ,12,4, ,5,35  years,35,7,26,1,1,1,1, , ,26,1,7
2/14/2024 1:36:56,2/14/2024 2:01:30,100,1473,1,2/14/2024 2:01:30,R_62Yyw7P7GiQWwGW,39.6757,-86.0694,EN,1,59,1,3,4,2,2,3,5,3,4,4,5,3,3,6, , , ,4, , ,5, , ,5, , ,1, , , , ,5, , ,2,-99, , , , , , , , ,2,-99,-99,-99,-99,-99,-99, , , , , , , , , ,4,3,3,3,4,4,4,3,4,3,3, , ,2, , ,3, , , , , ,1,12,12, ,16,9, ,12,4, ,5,35,35,7,26,1,1, , , , ,26,1,7
2/14/2024 1:39:48,2/14/2024 2:01:34,100,1306,1,2/14/2024 2:01:35,R_3WTn0vS9pL8TmGb,34.0251,-118.1556,EN,1,61,1,2,5,2,6,3,4,6,2,5,4,6,2,6, , , ,5, , ,5, , ,6, , ,1, , , , ,6, , ,2,-99, , , , , , , , ,2,-99,-99,-99,-99,-99,-99, , , , , , , , , ,3,3,3,2,4,4,4,4,3,4,3, , ,3, , ,4, , , , , ,1,12,12, ,16,10, ,12,4, ,5,35,35,7,26,1,1, , , , ,26,1,7
2/14/2024 2:03:11,2/14/2024 2:07:31,100,260,1,2/14/2024 2:07:32,R_7gNnbQWejLIE415,32.8209,-97.1765,EN,1,69,1,2,3,7,5,6,5,5,3,6,4,3,3,3, , , ,5, , ,6, , ,5, , ,2, , , , ,7, , ,2,-99, , , , , , , , ,2,-99,-99,-99,-99,-99,-99, , , , , , , , , ,4,3,2,3,3,3,3,3,4,4,3, , ,2, , ,3, , , , , ,1,12,12, ,16,11, ,12,4, ,5,35,35,7,26,1,1, , , , ,26,1,7
2/14/2024 2:03:12,2/14/2024 2:07:36,100,263,1,2/14/2024 2:07:36,R_5pQNTv6gdEs1ElK,40.7033,-73.8038,EN,1,63,1,2,5,4,7,5,2,7,7,2,3,7,5,3, , , ,7, , ,5, , ,6, , ,2, , , , ,5, , ,2,-99, , , , , , , , ,1,2,6,4,3,4,6,6, , ,5, , ,6, , ,3,4,3,3,2,3,3,3,3,2,3, , ,3, , ,4, , , , , ,1,12,12, ,16,8, ,12,4, ,5,35,35,7,26,1,1, , , , ,26,1,7
2/25/2024 11:31:46,2/25/2024 12:00:57,100,1751,1,2/25/2024 12:00:58,R_62PjQ0mI5ncdOgW,41.6654,-85.596,EN,1,56,1,2,5,6,5,5,7,5,5,6,6,6,4,1, , , ,4, , ,5, , ,7, , ,1,Transportation needs,10,"Community residents may need convenient and reliable means of transportation, such as public transportation systems, roads, and sidewalks. This can improve the mobility of residents and connect them with other communities and cities.", ,6,"Education support: The pandemic has had a significant impact on students and educational institutions. Here are some suggestions: Provide distance learning resources and online education platforms to ensure students continue their education. Support teachers and students to adapt and succeed in a distance learning environment, providing training and technical support. Special education and academic support are provided to ensure that all students have equal access to educational opportunities.",6,1,1,Food safety, ,Help a lot,2, , , , ,1,5,6,3,6,3,7,5, , ,5, , ,7, , ,3,4,3,4,3,3,4,2,2,3,3, , ,3, , ,2, , ,"Emergency information and reliable resources: During an epidemic, public libraries can be an important channel for communities to access reliable information and resources. Libraries can provide information on outbreaks, health guidance and government policies to help people properly understand and respond to outbreaks. In addition, libraries can provide people with information and resources for other emergencies, such as natural disasters, emergency assistance and social services.", , ,1,11,12, ,13,10, ,12,5, ,5,35,35,7,26,1,1, , , , ,26,1,7
2/23/2024 19:10:45,2/23/2024 19:23:55,100,789,1,2/23/2024 19:23:56,R_3fuUZ7CZYiG4OGg,40.5366,-85.6579,EN,1,67,1,5,7,6,5,3,6,6,6,5,6,7,6,6,Financial need with too many individuals employed in minimum wage jobs Leads to generational poverty and ongoing extremely high child poverty rates,2,2, ,College and career pathway services,1,-99, , ,-99, , ,1,My experience is with assisting students in planning for post secondary education and training.,14, , ,2,"Students, in particular, have been greatly impacted by COVID. They have experienced huge academic and mental health setbacks.",6,1,2, , , , , , ,"No barriers, just haven't had needs personally",1,1,6,6,5,6,7,6, , , , , , , , , ,4,4,4,4,4,3,4,4,3,4,-99, , ,-99, , ,-99, , ,No, , ,1,14,13, ,16,11, ,12,4, ,5,34 years,34,7,26,1,1, , , , ,26,1,7
2/13/2024 19:24:24,2/13/2024 19:26:45,100,141,1,2/13/2024 19:26:45,R_3NLkyHBXc71t9og,33.8498,-118.0086,EN,1,90,1,6,6,5,4,5,7,5,7,7,6,4,5,6, , , , , , ,-99, , ,-99, , ,2, , , , ,6, , ,1,1, , , , , , , , ,1,6,5,6,7,6,6, , , , , , , , , ,4,3,3,4,4,3,4,4,4,4,-99, , ,-99, , ,-99, , , , , ,1,11,12, ,16,12, ,12,5, ,5,34 years,34,7,26,1,1,1,1, , ,26,1,7
2/13/2024 20:44:48,2/13/2024 20:46:51,100,122,1,2/13/2024 20:46:51,R_53UhgF3PJG9rVEF,18.5505,-69.805,EN,1,87,1,5,4,5,6,4,2,7,2,7,5,6,5,5, , , , , , ,-99, , ,-99, , ,2, , , , ,6, , ,1,1, , , , , , , , ,1,6,4,4,6,7,6, , , , , , , , , ,4,4,3,3,3,3,3,3,4,3,-99, , ,-99, , ,-99, , , , , ,1,14,12, ,16,9, ,13,6, ,7,34 years,34,7,26,1,1,1,1, , ,26,1,7
2/25/2024 11:06:50,2/25/2024 11:30:04,100,1393,1,2/25/2024 11:30:04,R_1IoSqM2qCqsVuv5,39.7954,-86.2658,EN,1,58,1,3,4,5,2,5,2,7,5,5,3,6,5,4, , , ,5, , ,6, , ,3, , ,1,"Environmental protection: Community residents may be concerned about environmental issues, such as clean energy, sustainable development, and waste disposal. Communities may need to promote environmental initiatives, provide environmental education, and provide sustainability programs.",6,"Educational Support: Educational resources, learning support, and tutoring services are provided to help students succeed and promote equality of opportunity in education. This can be provided through schools, libraries, educational foundations, or non-profit educational organizations.", ,5,"Mental health support: The pandemic can have an impact on people's mental health, including anxiety, depression and stress reactions.",3,1,1, , ,It helps me a lot.,2, , , , ,1,4,4,7,3,6,5,3, , ,5, , ,5, , ,2,4,2,2,2,4,2,2,1,1,3, , ,3, , ,3, , ,"Emergency information and reliable resources: During an epidemic, public libraries can be an important channel for communities to access reliable information and resources. Libraries can provide information on outbreaks, health guidance and government policies to help people properly understand and respond to outbreaks. In addition, libraries can provide people with information and resources for other emergencies, such as natural disasters, emergency assistance and social services.", , ,1,11,12, ,11,11, ,14,5, ,5,34,34,7,26, ,1, , , , ,26,1,7
2/13/2024 18:35:25,2/13/2024 18:37:54,100,149,1,2/13/2024 18:37:55,R_6Ii9RCF1wMJ8GEp,26.2823,-98.1825,EN,1,64,1,7,6,7,4,5,4,5,7,5,6,5,5,6, , , , , , ,-99, , ,-99, , ,2, , , , ,5, , ,1,1, , , , , , , , ,1,6,6,7,6,6,7, , , , , , , , , ,4,3,3,3,4,3,4,3,3,4,-99, , ,-99, , ,-99, , , , , ,1,11,12, ,16,12, ,12,8, ,5,33 years,33,7,26,1,1,1,1, , ,26,1,7
2/13/2024 22:43:56,2/13/2024 22:46:02,100,125,1,2/13/2024 22:46:02,R_7psv5goV0XQnYmX,33.7485,-84.3871,EN,1,70,1,7,6,7,7,5,5,4,5,6,4,7,6,4, , , , , , ,-99, , ,-99, , ,2, , , , ,6, , ,1,1, , , , , , , , ,1,6,5,7,6,6,5, , , , , , , , , ,4,3,4,3,4,4,3,4,3,3,4, , ,-99, , ,-99, , , , , ,1,11,13, ,16,12, ,12,6, ,5,33 years,33,7,26,1,1,1,1, , ,26,1,7
2/13/2024 22:53:27,2/13/2024 22:55:18,100,111,1,2/13/2024 22:55:19,R_6BSOSIepvR3tZjb,42.7256,-87.8588,EN,1,64,1,6,6,4,6,6,5,5,5,5,6,6,5,6, , , , , , ,-99, , ,-99, , ,2, , , , ,6, , ,1,1, , , , , , , , ,1,6,6,5,6,7,6, , , , , , , , , ,3,3,4,3,3,4,3,3,4,4,-99, , ,-99, , ,-99, , , , , ,1,11,12, ,16,11, ,12,4, ,5,33 years,33,7,26,1,1,1,1, , ,26,1,7
2/14/2024 5:36:57,2/14/2024 5:38:35,100,97,1,2/14/2024 5:38:36,R_3PugE7eeIADAyeN,34.1676,-118.3892,EN,1,69,1,6,6,6,5,5,5,4,6,6,7,6,5,7, , , , , , ,-99, , ,-99, , ,2, , , , ,7, , ,1,1, , , , , , , , ,1,7,7,6,5,6,7, , , , , , , , , ,3,3,3,3,3,3,3,4,3,3,-99, , ,-99, , ,-99, , , , , ,1,11,12, ,16,11, ,12,4, ,5,33 years,33,7,26,1,1,1,1, , ,26,1,7
2/13/2024 21:55:04,2/13/2024 21:57:14,100,129,1,2/13/2024 21:57:14,R_5iPjEkcWX6CNmGB,41.7671,-76.4612,EN,1,64,1,5,5,4,5,6,7,6,5,5,5,4,5,4, , , , , , ,-99, , ,-99, , ,2, , , , ,7, , ,1,1, , , , , , , , ,1,5,6,7,6,6,5, , , , , , , , , ,4,3,3,3,3,3,4,4,3,3,-99, , ,-99, , ,-99, , , , , ,1,14,13, ,16,11, ,12,6, ,5,33  years,33,7,26,1,1,1,1, , ,26,1,7
2/14/2024 22:04:15,2/14/2024 22:06:23,100,127,1,2/14/2024 22:06:23,R_6IeQddR1fdn7kXf,41.6742,-72.8694,EN,1,56,1,1,3,2,3,3,3,1,1,2,2,3,3,1, , , , , , ,-99, , ,-99, , ,2, , , , ,1, , ,1,1, , , , , , , , ,2,-99,-99,-99,-99,-99,-99, , , , , , , , , ,1,2,1,2,2,1,1,2,1,1,-99, , ,-99, , ,-99, , , , , ,1,15,13, ,17,9, ,12,6, ,5,33  years,33,7,26,1,1, ,1, , ,26,1,7
2/25/2024 8:42:15,2/25/2024 9:01:17,100,1141,1,2/25/2024 9:01:17,R_667gZbequ07KlI5,41.7011,-86.872,EN,1,65,1,3,1,5,3,1,1,3,4,3,4,2,1,3,Food Food is very important,3,4, , , ,-99, , ,-99, , ,2, , , , ,4,The COVID-19 pandemic has affected me a lot and I can only work remotely from home so I need the community to provide high-speed Internet for me to work,5,2,-99, , , , , , ,Which services are not helpful to me,1,1,5,3,6,4,5,5, , , , , , , , , ,2,1,2,3,3,2,2,3,1,3,-99, , ,-99, , ,-99, , ,I hope the library in the community will help us provide training on digital equipment, , ,2,11,12, ,16,11, ,12,4, ,5,33,33,7,26,1,1, , , , ,27,1,7
2/13/2024 18:54:31,2/13/2024 18:56:41,100,130,1,2/13/2024 18:56:42,R_6rXMYtrQvdH7HtT,34.3077,-118.4287,EN,1,58,1,6,7,4,6,6,5,5,4,5,5,4,5,6, , , , , , ,-99, , ,-99, , ,2, , , , ,6, , ,1,1, , , , , , , , ,1,6,6,7,7,6,6, , , , , , , , , ,3,4,4,4,3,4,4,3,3,4,-99, , ,-99, , ,-99, , , , , ,1,11,13, ,16,8, ,12,5, ,5,32 years,32,7,26,1,1,1,1, , ,26,1,7
2/13/2024 19:04:12,2/13/2024 19:06:16,100,123,1,2/13/2024 19:06:16,R_7jVTf9ZTb8uIJHn,36.1284,-95.8669,EN,1,97,1,7,5,4,7,4,6,6,5,6,6,4,7,5, , , , , , ,-99, , ,-99, , ,2, , , , ,6, , ,1,1, , , , , , , , ,1,6,7,7,6,6,6, , , , , , , , , ,3,3,3,4,4,3,3,3,3,4,-99, , ,-99, , ,-99, , , , , ,1,11,13, ,16,12, ,12,6, ,5,32 years,32,7,26,1,1,1,1, , ,26,1,7
2/13/2024 19:52:18,2/13/2024 19:54:09,100,111,1,2/13/2024 19:54:10,R_5fDlL3nGHro2mJF,42.2931,-83.2548,EN,1,65,1,6,5,6,4,5,6,4,6,6,5,6,6,7, , , , , , ,-99, , ,-99, , ,2, , , , ,6, , ,1,1, , , , , , , , ,1,6,6,5,6,7,6, , , , , , , , , ,4,4,3,3,3,4,4,3,4,4,-99, , ,-99, , ,-99, , , , , ,1,11,12, ,16,12, ,12,4, ,5,32 years,32,7,26,1,1,1,1, , ,26,1,7
2/13/2024 22:19:03,2/13/2024 22:21:05,100,122,1,2/13/2024 22:21:05,R_6XRCeUVWGiR9lwB,32.0388,-81.1219,EN,1,94,1,7,7,4,5,7,5,6,5,5,6,7,6,5, , , , , , ,-99, , ,-99, , ,2, , , , ,6, , ,1,1, , , , , , , , ,1,6,7,7,6,6,7, , , , , , , , , ,3,3,4,3,4,3,4,3,4,4,-99, , ,-99, , ,-99, , , , , ,1,11,13, ,16,8, ,12,6, ,5,32 years,32,7,26,1,1,1,1, , ,26,1,7
2/13/2024 22:48:34,2/13/2024 22:50:31,100,116,1,2/13/2024 22:50:31,R_1SdeAn9XwljhNIG,34.4279,-118.4513,EN,1,66,1,5,6,4,5,4,6,6,6,6,6,7,6,6, , , , , , ,-99, , ,-99, , ,2, , , , ,6, , ,1,1, , , , , , , , ,1,6,6,7,7,6,6, , , , , , , , , ,3,4,3,4,3,4,3,3,3,4,-99, , ,-99, , ,-99, , , , , ,1,11,13, ,16,11, ,12,8, ,5,32 years,32,7,26,1,1,1,1, , ,26,1,7
2/13/2024 23:37:48,2/13/2024 23:39:38,100,110,1,2/13/2024 23:39:39,R_71jU1ZhMAVstrqG,36.1652,-79.9778,EN,1,62,1,5,6,6,4,6,5,4,5,6,5,7,4,6, , , , , , ,-99, , ,-99, , ,2, , , , ,6, , ,1,1, , , , , , , , ,1,7,6,7,7,6,5, , , , , , , , , ,3,3,4,4,3,4,3,3,4,4,-99, , ,-99, , ,-99, , , , , ,1,11,12, ,16,12, ,12,4, ,5,32 years,32,7,26,1,1,1,1, , ,26,1,7
2/13/2024 21:17:36,2/13/2024 21:20:29,100,173,1,2/13/2024 21:20:29,R_1P6rLroQ8A5dSNh,38.811,-91.0332,EN,1,63,1,7,5,2,4,7,7,3,5,6,4,6,7,2, , , , , , ,-99, , ,-99, , ,2, , , , ,7, , ,2,-99, , , , , , , , ,2,-99,-99,-99,-99,-99,-99, , , , , , , , , ,2,3,2,3,1,2,3,1,2,2,-99, , ,-99, , ,-99, , , , , ,1,13,12, ,16,10, ,12,6, ,5,32   years,32,7,26,1,1,1,1, , ,26,1,7
2/14/2024 5:16:06,2/14/2024 5:23:27,100,441,1,2/14/2024 5:23:28,R_608jtK0DV9iGbRf,38.3048,-85.5865,EN,1,58,1,5,4,5,3,1,4,7,6,3,1,6,7,7, , , ,6, , ,4, , ,6, , ,1, , , , ,5, , ,2,-99, , , , , , , , ,1,4,3,3,4,3,6,7, , ,1, , ,4, , ,3,2,4,3,4,1,2,1,1,3,3, , ,1, , ,2, , , , , ,1,15,14, ,10,11, ,13,5, ,7,32,32,7,25, , , , , , ,26,1,7
2/27/2024 8:29:25,2/27/2024 8:40:47,100,682,1,2/27/2024 8:40:48,R_3fiMqcBJteJT7Jd,46.8509,-118.9883,EN,1,100,1,1,3,6,6,5,2,4,3,4,5,6,5,4, , , , , , ,-99, , ,-99, , ,2, , , , ,4, , ,2,-99, , , , , , , , ,1,5,3,2,6,4,4, , , , , , , , , ,3,4,3,2,1,3,2,2,3,1,-99, , ,-99, , ,-99, , , , , ,1,11,12, ,12,10, ,13,5, ,5,32,32,7,26,1,1, , , , ,26,1,7
2/27/2024 8:45:20,2/27/2024 8:49:16,100,236,1,2/27/2024 8:49:16,R_7q9dNgrp6WJPYXm,32.9321,-97.2834,EN,1,60,1,1,4,4,7,2,4,1,5,5,3,7,6,5, , , , , , ,-99, , ,-99, , ,1, , , , ,3, , ,1,1, , , , , , , , ,1,4,4,6,5,5,5,1,NA, ,1,NA, ,1,NA, ,3,4,1,1,2,2,2,2,2,3,-99, , ,-99, , ,-99, , , , , ,1,10,12, ,12,10, ,12,5, ,5,32,32,7,25, , , , , , ,26,1,7
2/13/2024 18:43:42,2/13/2024 18:46:04,100,141,1,2/13/2024 18:46:04,R_6mkoattt6fP449j,34.267,-80.5913,EN,1,67,1,6,7,4,5,5,5,7,5,6,7,5,6,7, , , , , , ,-99, , ,-99, , ,2, , , , ,6, , ,1,1, , , , , , , , ,1,6,7,6,7,6,6, , , , , , , , , ,4,4,4,4,3,3,4,4,4,3,-99, , ,-99, , ,-99, , , , , ,1,11,13, ,16,11, ,12,5, ,5,31 years,31,7,26,1,1,1,1, , ,26,1,7
2/13/2024 19:35:46,2/13/2024 19:37:45,100,118,1,2/13/2024 19:37:45,R_7WHYF8kxGQ8Yf1p,41.7454,-86.1387,EN,1,94,1,6,5,5,6,5,6,6,7,6,7,6,5,4, , , , , , ,-99, , ,-99, , ,2, , , , ,6, , ,1,1, , , , , , , , ,1,7,6,7,6,5,6, , , , , , , , , ,3,3,4,3,3,3,3,3,3,4,-99, , ,-99, , ,-99, , , , , ,1,11,13, ,16,11, ,12,4, ,5,31 years,31,7,26,1,1,1,1, , ,26,1,7
2/13/2024 22:14:39,2/13/2024 22:16:31,100,112,1,2/13/2024 22:16:32,R_3lxz0YaGyO92I3C,34.0718,-117.6973,EN,1,98,1,5,6,4,6,7,4,6,5,5,5,5,5,5, , , , , , ,-99, , ,-99, , ,2, , , , ,7, , ,1,1, , , , , , , , ,1,4,6,5,6,6,7, , , , , , , , , ,3,4,4,4,3,3,3,3,4,4,-99, , ,-99, , ,-99, , , , , ,1,13,13, ,17,8, ,12,4, ,7,31  years,31,7,26,1,1,1, , , ,26,1,7
2/14/2024 5:16:06,2/14/2024 5:39:43,100,1416,1,2/14/2024 5:39:43,R_116VjCDSjErXNBf,38.1842,-85.8375,EN,1,66,1,3,7,4,1,4,3,6,3,4,5,5,5,4, , , ,2, , ,6, , ,5, , ,1, , , , ,5, , ,2,-99, , , , , , , , ,2,-99,-99,-99,-99,-99,-99, , , , , , , , , ,2,4,3,1,1,3,1,3,1,4,3, , ,3, , ,3, , , , , ,2,10,15, ,15,11, ,16,7, ,6,31,31,7,25, , , , , , ,26,1,7
2/27/2024 12:02:42,2/27/2024 12:25:22,100,1359,1,2/27/2024 12:25:22,R_1qEEbr52Ki8l9KW,43.1496,-93.1947,EN,1,56,1,6,6,5,4,7,4,7,4,7,5,1,3,7, , , ,4, , ,4, , ,6, , ,1,"Shopping and commerce: There is a need for more commercial facilities such as supermarkets, malls, small businesses or local markets to meet their shopping needs. It also needs to attract more businesses to provide jobs and economic growth.",15,Support for remote work and learning: Provide stable Internet connectivity and digital technology support to help people adapt to the needs of remote work and learning., ,5,"Community involvement: Community residents are encouraged to participate actively in the planning and implementation of the project. Organize community meetings, workshops and activities to facilitate participation and exchange of views among residents. Ensure that the project is based on real needs and participation of the community.",5,1,1, , , , , , , , ,1,6,7,4,7,7,6,5, , ,7, , ,5, , ,3,4,2,4,4,2,4,4,2,3,2, , ,2, , ,4, , ,"Online Reference Services: Library reference services are available via live chat, email or telephone. This allows users to consult librarians for book recommendations, research help, or other information needs, just as they would if they were in the library.", , ,1,11,12, ,16,9, ,13,5, ,5,31,31,7,26, ,1, , , , ,26,1,7
2/13/2024 18:15:23,2/13/2024 18:23:41,100,498,1,2/13/2024 18:23:42,R_6k3f9BnmHD02bap,30.5069,-86.4998,EN,1,63,1,6,5,4,6,4,4,5,4,7,5,5,4,5, , , , , , ,-99, , ,-99, , ,2, , , , ,5, , ,1,1, , , , , , , , ,1,6,5,6,7,6,6, , , , , , , , , ,3,4,3,4,4,3,4,4,4,3,-99, , ,-99, , ,-99, , , , , ,1,11,12, ,16,11, ,12,4, ,5,30 years,30,6,26,1,1,1,1, , ,26,1,6
2/13/2024 18:29:57,2/13/2024 18:32:05,100,128,1,2/13/2024 18:32:06,R_5RX0g9agGYyszY4,40.6575,-74.3094,EN,1,70,1,7,6,5,6,7,4,6,6,7,4,6,7,4, , , , , , ,-99, , ,-99, , ,2, , , , ,5, , ,1,1, , , , , , , , ,1,6,7,6,6,7,6, , , , , , , , , ,4,3,3,3,4,4,4,3,3,4,-99, , ,-99, , ,-99, , , , , ,1,11,13, ,16,12, ,12,6, ,5,30 years,30,6,26,1,1,1,1, , ,26,1,6
2/13/2024 19:16:42,2/13/2024 19:18:45,100,123,1,2/13/2024 19:18:46,R_14cNUo0dnOA5gof,41.945,-87.7996,EN,1,95,1,6,5,6,4,6,7,5,4,6,7,6,7,6, , , , , , ,-99, , ,-99, , ,2, , , , ,6, , ,1,1, , , , , , , , ,1,6,7,6,5,7,6, , , , , , , , , ,4,3,3,4,3,3,4,4,3,4,-99, , ,-99, , ,-99, , , , , ,1,11,13, ,16,11, ,12,7, ,5,30 years,30,6,26,1,1,1,1, , ,26,1,6
2/13/2024 23:51:58,2/13/2024 23:53:47,100,108,1,2/13/2024 23:53:48,R_1YVygGPheNMitGT,38.7947,-82.9286,EN,1,93,1,5,6,5,6,4,4,6,6,5,6,6,5,5, , , , , , ,-99, , ,-99, , ,2, , , , ,6, , ,1,1, , , , , , , , ,1,6,7,5,6,7,6, , , , , , , , , ,3,4,3,3,3,4,3,3,4,3,-99, , ,-99, , ,-99, , , , , ,1,11,13, ,16,11, ,12,4, ,5,30 years,30,6,26,1,1,1,1, , ,26,1,6
2/14/2024 4:56:23,2/14/2024 4:57:53,100,89,1,2/14/2024 4:57:53,R_7QXq2ctZ08ZhvQG,40.3886,-75.9286,EN,1,62,1,6,5,4,6,7,5,5,5,4,5,5,4,4, , , , , , ,-99, , ,-99, , ,2, , , , ,6, , ,1,1, , , , , , , , ,1,6,7,7,6,6,6, , , , , , , , , ,4,4,4,3,4,3,4,3,3,4,-99, , ,-99, , ,-99, , , , , ,1,11,12, ,16,11, ,12,4, ,5,30 years,30,6,26,1,1,1,1, , ,26,1,6
2/14/2024 22:22:15,2/14/2024 22:24:17,100,121,1,2/14/2024 22:24:17,R_1KoRz7P5syFmUgC,38.7943,-90.2817,EN,1,62,1,6,5,7,5,4,4,5,5,6,4,7,5,5, , , , , , ,-99, , ,-99, , ,2, , , , ,5, , ,1,1, , , , , , , , ,1,5,7,6,7,6,6, , , , , , , , , ,3,4,4,2,4,2,3,2,2,2,-99, , ,-99, , ,-99, , , , , ,1,12,13, ,17,11, ,12,4, ,5,30 years,30,6,26,1,1,1,1, , ,26,1,6
2/15/2024 0:29:53,2/15/2024 0:31:36,100,103,1,2/15/2024 0:31:37,R_5zIo2A6pDQvuhD3,34.126,-84.5752,EN,1,67,1,4,5,5,5,5,6,5,6,5,7,5,4,5, , , , , , ,-99, , ,-99, , ,2, , , , ,6, , ,1,1, , , , , , , , ,1,6,7,6,6,7,6, , , , , , , , , ,3,3,3,3,4,3,4,3,4,4,-99, , ,-99, , ,-99, , , , , ,1,11,12, ,16,12, ,12,5, ,5,30 years,30,6,26,1,1,1,1, , ,26,1,6
2/13/2024 20:16:31,2/13/2024 20:18:32,100,120,1,2/13/2024 20:18:32,R_1dzrdawKaPKwGCO,33.9555,-118.2863,EN,1,65,1,6,6,6,6,7,6,6,7,6,7,7,7,7, , , , , , ,-99, , ,-99, , ,2, , , , ,7, , ,1,1, , , , , , , , ,1,6,7,7,7,6,5, , , , , , , , , ,4,3,3,3,3,3,2,3,3,3,-99, , ,-99, , ,-99, , , , , ,1,14,13, ,17,8, ,15,8, ,5,30   years,30,6,26,1,1,1,1, , ,26,1,6
2/25/2024 8:10:33,2/25/2024 8:29:43,100,1150,1,2/25/2024 8:29:44,R_5iyuXmjOcmozj8G,42.1124,-87.979,EN,1,57,1,6,6,4,4,7,3,6,3,3,5,6,3,5,society, , ,6, , ,1, , ,7, , ,1,"Good infrastructure such as roads, Bridges, water facilities, power and communication networks are needed to ensure their daily lives are convenient and safe.",10,"Needs assessment: Understanding the needs of community members is the first step to meeting the needs of the community. This can be done through surveys, questionnaires, or face-to-face interactions with community members to understand their needs and concerns.", ,4,"Changes in community needs: The pandemic can cause many community members to lose their jobs, have less income, or suffer from health problems. This may increase the need for community resources and assistance.",4,1,2, , , , , , ,It isn't necessary,1,2,-99,-99,-99,-99,-99,-99, , , , , , , , , ,4,3,2,3,3,1,4,4,2,4,3, , ,4, , ,2, , ,"Restricted crowds and closures: Public libraries may have to limit crowds or close during the pandemic to ensure social distancing and public safety.Provide online resources: Libraries can provide digital resources such as e-books, e-journals, and online databases to meet the needs of readers. This allows readers to access library resources at home or elsewhere.", , ,1,11,12, ,14,10, ,13,5, ,5,30,30,6,26,1, , , , , ,26,1,6
2/25/2024 8:42:15,2/25/2024 9:01:46,100,1171,1,2/25/2024 9:01:47,R_6cV1xD3yAbCdGrY,41.6459,-87.4714,EN,1,61,1,6,2,5,2,3,4,1,7,5,4,6,4,5,I really need health care,8, , , , ,-99, , ,-99, , ,2, , , , ,4,I'm a big believer in medical resources and I really need medical resources,3,2,-99, , , , , , ,I don't have time.,3,2,-99,-99,-99,-99,-99,-99, , , , , , , , , ,4,3,2,2,3,1,3,4,4,3,-99, , ,-99, , ,-99, , ,I hope I can find what I want in the library, , ,1,11,12, ,14,12, ,12,5, ,5,30,30,6,26,1,1,1, , , ,26,1,6
2/27/2024 12:26:18,2/27/2024 12:45:34,100,1156,1,2/27/2024 12:45:35,R_5TcUBYE0ldIG5up,32.6155,-96.776,EN,1,67,1,6,7,4,7,3,6,4,7,3,5,4,7,5, ,1, ,3, , ,6, , ,4, , ,1,Culture and the arts,13,"There is a need for more cultural and artistic facilities such as museums, art galleries, theatres or cultural centres. These facilities can provide a place for cultural exchange, arts education and recreational activities.", ,5,"
Vaccination and publicity: Organizing vaccination sites, providing vaccination services, and conducting prevention and control campaigns to educate the public on how to prevent infectious diseases..",3,1,2, , , , , , , , ,1,4,7,4,6,3,5,6, , ,7, , ,4, , ,4,3,2,4,4,2,4,3,2,2,2, , ,4, , ,2, , ,"Security measures and recovery plans: When public libraries reopen, take necessary security measures such as limiting the number of people entering the library, providing disinfection facilities, maintaining social distancing, etc., to ensure the safety of users and staff. At the same time, a recovery plan is developed to gradually restore normal library services and meet the needs of users.", , ,1,11,13, ,17,9, ,13,5, ,5,30,30,6,26,1, , , , , ,26,1,6
2/14/2024 5:04:45,2/14/2024 5:11:28,100,402,1,2/14/2024 5:11:28,R_5tiiA368vvKDuG3,38.2213,-85.7396,EN,1,55,1,7,4,3,2,6,1,7,1,6,6,3,4,2, , , ,2, , ,6, , ,2, , ,2, , , , ,6, , ,1,1, , , , , , , , ,1,6,4,5,2,1,6,5, , ,1, , ,3, , ,3,4,2,3,3,2,4,3,3,3,2, , ,3, , ,2, , , , , ,1,12,15, ,15,9, ,15,7, ,5,30,30,6,26,1, , , , , ,26,1,6
2/14/2024 6:21:25,2/14/2024 6:33:10,100,705,1,2/14/2024 6:33:11,R_5CDBBqFTedMJAoh,36.8633,-87.4848,EN,1,57,1,4,2,1,5,2,7,1,1,5,6,5,7,6, , , ,3, , ,4, , ,4, , ,2, , , , ,5, , ,1,2, , , , , , , , ,1,1,6,4,2,4,1,6, , ,2, , ,7, , ,4,4,2,3,3,2,2,4,4,2,2, , ,2, , ,4, , , , , ,1,15,13, ,13,8, ,16,8, ,8,30,30,6,26, ,1, , , , ,26,1,6
2/25/2024 7:59:21,2/25/2024 8:05:50,100,388,1,2/25/2024 8:05:51,R_34jAOjdkJvhsWfl,39.1397,-86.5141,EN,1,80,1,6,3,4,4,2,5,6,5,1,4,3,2,3, , , ,5, , ,4, , ,2, , ,1, , , , ,3, , ,1,1, , , , , , , , ,1,4,4,3,2,4,6,3, , ,5, , ,4, , ,3,3,1,3,2,4,1,2,1,3,3, , ,1, , ,-99, , , , , ,1,10,13, ,11,12, ,13,4, ,5,30,30,6,25, , , , , , ,26,1,6
2/25/2024 7:59:21,2/25/2024 8:05:50,100,388,1,2/25/2024 8:05:51,R_3Hq7VpFDxxoPURH,41.6853,-86.2329,EN,1,57,1,5,5,6,5,4,5,7,2,4,4,3,2,4, , , ,5, , ,4, , ,5, , ,1, , , , ,6, , ,1,1, , , , , , , , ,1,5,4,5,3,6,6,5, , ,5, , ,3, , ,4,3,4,3,3,3,4,4,3,4,3, , ,4, , ,4, , , , , ,1,11,13, ,13,10, ,13,4, ,5,30,30,6,25, , , , , , ,26,1,6
2/25/2024 8:37:44,2/25/2024 9:00:32,100,1367,1,2/25/2024 9:00:33,R_6kIc8iQotArLaPN,39.2051,-85.9324,EN,1,63,1,7,5,2,5,7,5,3,6,2,3,5,5,4, , , ,2, , ,4, , ,6, , ,1,Employment and economic opportunities: Community residents may need employment opportunities and economic development to provide a stable source of income and opportunities to improve quality of life.,2,"Training and education: Provide training and educational opportunities to help community members upgrade their skills and knowledge. This can include vocational training, technical training, financial literacy education, etc. By providing educational opportunities, employment opportunities and economic independence for community members can be increased.", ,6,"Strengthening hygiene and protective measures: To reduce the impact of the epidemic on communities, it is recommended to promote proper hygiene practices, such as frequent hand-washing, wearing masks and social distancing.",1,1,2, , , , , , ,I don't need,1,1,3,5,3,3,4,6,2, , ,5, , ,3, , ,2,2,3,2,1,4,2,4,2,1,1, , ,2, , ,2, , ,"Health and safety measures: Public libraries need to take the necessary health and safety measures to ensure the safety of patrons and staff. This may include social distancing measures, mask requirements, disinfection measures, etc. The library can: provide an online reservation system: In order to control the flow of people and avoid crowding, the library can implement an online reservation system, and readers can make appointments in advance. Provide a safe environment: Libraries can enhance cleaning and disinfection measures and provide adequate hand-washing facilities and disinfection supplies to ensure the safety of patrons in the library.", , ,1,12,12, ,11,11, ,13,4, ,5,30,30,6,26, ,1, ,1, , ,26,1,6
2/25/2024 9:55:35,2/25/2024 10:22:28,100,1613,1,2/25/2024 10:22:28,R_5OcFWcXi2XOrOOR,41.6538,-86.1631,EN,1,56,1,5,6,4,5,6,6,5,5,6,4,7,4,1, , , ,6, , ,4, , ,5, , ,1,"Housing needs: Community residents may need affordable housing options, including renting and buying options, to meet the needs of all income levels and family types.",4,"Care for the Elderly: Services such as elder care, social activities and long-term care are provided to meet the needs of the elderly. This can be provided through nursing homes, community centres or volunteer organisations.", ,2,Education and distance learning: Outbreaks may result in school closures or distance learning measures. Here are some suggestions: Provide distance learning equipment and network connection support required by students and teachers. Provide online educational resources and training to help students and teachers adapt to a distance learning environment. Support disadvantaged students to ensure they have equal access to education.,6,1,1,Community participation and decision-making needs, ,satisfaction,2, , , , ,1,5,5,3,6,3,4,6, , ,6, , ,6, , ,2,3,3,2,4,3,4,2,3,2,2, , ,3, , ,3, , ,Ongoing communication and user feedback: Public libraries should engage in ongoing communication with patrons and proactively collect user feedback. This helps to understand the needs and opinions of readers and to continuously improve and adapt the service based on feedback., , ,1,11,13, ,14,10, ,12,5, ,5,30,30,6,26,1,1, , , , ,26,1,6
2/25/2024 12:01:50,2/25/2024 12:29:50,100,1679,1,2/25/2024 12:29:50,R_1QuPG9vuO0fqI6F,39.2318,-85.8884,EN,1,63,1,3,3,3,2,6,6,5,3,5,4,5,4,3, , , ,3, , ,6, , ,4, , ,1,Social interaction,11,"Community residents may need opportunities for social interaction and community involvement, including community events, volunteer projects, and community groups.", ,1,Health services and vaccination: Demand for health services increases during outbreaks,3,2,-99, , , , , , ,Little help,1,1,4,4,7,4,5,7,3, , ,5, , ,5, , ,2,2,3,2,3,2,4,4,2,2,1, , ,2, , ,2, , ,"Cultural heritage and diversity: Public libraries are custodians of cultural heritage and diversity. During the pandemic, libraries can continue to collect, preserve and display cultural materials and works of art to promote understanding and respect for cultural diversity. In addition, the library can organize cultural events, art exhibitions, and celebrations to celebrate the multicultural identity of the community.", , ,1,11,12, ,13,10, ,12,4, ,5,30,30,6,26,1, , , , , ,26,1,6
2/26/2024 7:45:52,2/26/2024 8:07:04,100,1272,1,2/26/2024 8:07:04,R_7YlDAG9CIWJKULv,39.7668,-86.4013,EN,1,91,1,5,6,2,3,5,5,4,5,4,6,5,5,6, , , ,3, , ,4, , ,7, , ,1,Care and welfare for the elderly,7,"Specialized care and welfare services are needed, including long-term care, social activities and protection of the rights of the elderly.", ,7,"Data collection and surveillance: Collecting and monitoring data is critical to understanding community needs and epidemic trends. Here are some suggestions: Establish a sound data collection system, including case statistics, use of medical resources, and community needs surveys.
Analyze and use data to timely adjust and optimize epidemic response measures and resource allocation. Provide transparent data reporting and information sharing to increase community participation and understanding.",5,1,2, , , , , , ,I don't need, ,1,4,5,3,4,3,1,3, , ,4, , ,6, , ,3,3,4,1,1,2,3,4,4,3,2, , ,3, , ,4, , ,"Social activities for the elderly: Social activities, clubs and interest groups are organized to provide opportunities for social interaction, reduce loneliness and enhance social connections for the elderly. This can be done through community centers, senior citizen associations or volunteer groups.", , ,1,11,12, ,14,9, ,12,5, ,5,30,30,6,26, ,1, , , , ,26,1,6
2/27/2024 8:31:20,2/27/2024 8:44:14,100,773,1,2/27/2024 8:44:14,R_3LSGjFuQh6zvdG6,44.9752,-93.2612,EN,1,90,1,5,5,5,7,6,2,6,2,6,7,6,2,5, , , , , , ,-99, , ,-99, , ,1, , , , ,3, , ,1,1, , , , , , , , ,1,5,2,3,4,5,5, , , , , , , , , ,3,3,2,4,1,2,3,1,3,3,-99, , ,-99, , ,-99, , , , , ,1,11,13, ,12,11, ,12,5, ,5,30,30,6,25, , , , , , ,26,1,6
2/27/2024 11:19:40,2/27/2024 11:40:37,100,1257,1,2/27/2024 11:40:38,R_3RUiKQfFKJ0tPbw,43.4219,-88.1847,EN,1,62,1,5,3,4,7,7,5,3,7,4,6,3,7,3, , , ,5, , ,4, , ,4, , ,1,Educational resources,5,"Setting goals: Develop clear goals and strategies based on the needs assessment results. Ensure that the goals are specific, quantifiable and achievable, and align them with the short - and long-term development goals of the community.", ,3,"Mental health support: Prolonged social isolation and economic uncertainty cause psychological stress and anxiety for many people. Communities need to provide mental health support services, including counselling and mental health awareness campaigns.",3,1,1, , ,Quite satisfied,2, , , , ,1,5,7,4,7,4,5,5, , ,4, , ,4, , ,3,4,2,4,4,3,3,1,4,3,3, , ,2, , ,3, , ,Delivery services: The delivery of books and other resources to those who cannot access the library in person. This can be done by working with Courier companies or volunteer organizations to ensure that people can continue to borrow books and other materials., , ,1,11,12, ,16,9, ,13,5, ,5,30,30,6,26,1, , , , , ,26,1,6
2/27/2024 11:41:13,2/27/2024 12:01:24,100,1211,1,2/27/2024 12:01:25,R_7hAvJVXff8ICSCp,38.9336,-92.363,EN,1,60,1,5,7,4,3,7,4,7,3,6,6,4,7,7, , , ,4, , ,3, , ,3, , ,1,"Public transport and infrastructure: Better public transport systems, including buses, subways or light rail, are needed to provide convenient transport options. Roads, Bridges and other infrastructure need to be improved to improve mobility and accessibility.",10,"Fundraising: Identify the sources of funding needed to meet community needs. This may include government grants, charitable funds, corporate sponsorships, community fundraisers, etc. Prepare a detailed budget and pursue various funding opportunities to ensure the viability and sustainability of the project.", ,4,Vaccination and control measures: The community needs to strengthen the promotion and communication of vaccination and control measures to ensure public health and safety.,3,1,1, , , , , , , , ,1,5,5,7,4,5,7,5, , ,7, , ,5, , ,4,3,2,4,4,3,4,2,4,3,3, , ,3, , ,4, , ,"Strengthen communication and community cooperation: Maintain good communication with community partners, schools, government agencies, etc., to jointly develop projects and activities to meet the needs of the community. This can include organizations that provide emergency information, resource support, and community activities.", , ,1,11,12, ,17,9, ,13,4, ,5,30,30,6,26, ,1, , , , ,26,1,6
2/27/2024 11:41:13,2/27/2024 12:01:25,100,1211,1,2/27/2024 12:01:25,R_68D72dUfNjAi2D8,41.3571,-72.9334,EN,1,65,1,7,4,5,3,6,2,6,5,3,6,4,6,5, , , ,4, , ,5, , ,6, , ,1,"Environmental protection and sustainable development: Concerned about environmental issues and wanting to take measures to protect natural resources, reduce pollution and promote sustainable development. We need to build recycling stations, promote renewable energy, and improve waste disposal systems.",6,"Implementation of action plan: Develop a detailed action plan based on the established objectives and strategies. Identify specific activities, timelines, accountability and resource requirements. Ensure program operability and traceability.", ,6,"Provision of health equipment and supplies: Communities can organize the supply of protective supplies such as masks and disinfectants, and encourage residents to use them.",5,1,1, , , , , , , , ,1,4,6,3,6,4,6,5, , ,6, , ,4, , ,3,4,2,3,2,3,2,2,3,3,3, , ,2, , ,4, , ,"Expand digital resource libraries: Public libraries can increase the content and coverage of digital resource libraries, including e-books, audiobooks, e-journals, video resources, etc. This can meet the diverse needs of users and provide a wider range of learning and entertainment options.", , ,1,11,13, ,16,8, ,13,5, ,5,30,30,6,26, ,1, , , , ,26,1,6
2/28/2024 8:01:30,2/28/2024 8:23:30,100,1319,1,2/28/2024 8:23:30,R_3Yvw9bW0rcvLWg1,27.543,-82.5602,EN,1,60,1,6,5,7,7,5,6,4,6,4,6,7,3,6, , , ,1, , ,4, , ,5, , ,1,"Community safety: There may be a need for criminal activity, security issues, or neighborhood disputes. More police patrols, surveillance cameras or community security measures are needed.",1,"Survey community needs: Understanding the problems and needs that exist in the community is the first step to addressing them. This can be done through communication and surveys with residents, community organizations, local governments and other interested parties.", ,5,"Government health authorities: In many countries and regions, government health authorities provide the latest information and guidance on COVID-19. You can visit the official website of your local government health department or follow its social media accounts for authoritative and reliable information.",5,1,2, , , , , , , , ,1,6,5,4,7,7,5,5, , ,6, , ,4, , ,4,2,3,4,2,3,4,2,4,3,4, , ,3, , ,2, , ,Restrict access and services: Public libraries may be required to restrict access or suspend some services due to the risk of spread of the outbreak. This will result in some people not being able to enjoy the resources and support provided by the library., , ,1,11,13, ,16,11, ,13,5, ,5,30,30,6,26,1, , , , , ,26,1,6
3/5/2024 12:41:34,3/5/2024 12:55:26,100,832,1,3/5/2024 12:55:26,R_5fBKoqeg1LECey7,33.8916,35.5024,EN,1,62,1,6,4,4,5,3,4,5,3,3,3,4,4,5,Public safety to be able to raise a family in a safe environment,1, , , , ,-99, , ,-99, , ,2, , , , ,4,I have gained weight,3,1,2, , , , , , ,I was not interested,1,1,4,5,4,5,6,3,4,Food Banks and Pantries, ,3,Counseling Services, ,3,Job Training, ,3,2,2,2,3,3,2,3,2,3,2, , ,3, , ,2, , ,"With many physical spaces closed or limited in capacity during the pandemic, public libraries have increasingly become hubs for digital access and services. They have expanded their online resources, offering e-books, audiobooks, online educational programs, and virtual events to meet the needs of their communities.", , ,2,11,13, ,13,10, ,14,5, ,5,3 years,3,1,26,1,1, , , , ,26,1,1
3/3/2024 22:44:36,3/3/2024 22:58:00,100,804,1,3/3/2024 22:58:01,R_5vDERVyrPn9VsNb,37.1835,-121.7714,EN,1,56,1,7,7,7,7,6,7,7,7,7,7,7,7,7,housing,4, ,7,information,0,5,library, ,4,Community convenience,0,1,It is extremey difficult to get information on the working poor., ,temporarily, ,4,It must be more or less influential., ,1,2, , , , , , ,I don't know how to use andask for help,3,1,6,5,7,5,6,7,5, , , , , , , , ,4,4,4,4,4,4,4,4,4,4,-99, , ,-99, , ,-99, , ,The epidemic is something that natural disasters can't do. Now slowly get back on track, , ,1,11,13, ,14,12, ,12,4, ,5,3 years,3,1,26,1,1, , , , ,26,1,1
3/2/2024 18:26:12,3/2/2024 18:36:18,100,606,1,3/2/2024 18:36:19,R_115BceimoOZvA0b,40.5366,-85.6579,EN,1,67,1,6,7,4,5,3,6,6,6,6,6,5,3,3,Financial Struggles because high poverty rate Increases need in many other areas,2,2, , , ,-99, , ,-99, , ,-99, , , , ,6,Yes, ,1,2, , , , , , ,Haven't had personal need to,1,1,6,7,5,7,7,7, , , , , , , , , ,4,4,4,3,4,3,3,4,3,4,-99, , ,-99, , ,-99, , ,No, , ,1,11,13, ,17,12, ,12,4, ,5,3 years,3,1,26,1,1, , , , ,26,1,1
3/4/2024 7:29:41,3/4/2024 7:38:04,100,502,1,3/4/2024 7:38:04,R_7cN25wPfFSNi4sF,39.8335,-84.8983,EN,1,58,1,6,5,5,6,7,5,6,6,4,3,4,4,5, , , , , , ,-99, , ,-99, , ,1, , , , ,6, , ,1,1, , , , , , , , ,1,6,5,6,7,6,5, , , , , , , , , ,2,3,3,4,3,4,3,2,3,3,-99, , ,-99, , ,-99, , , , , ,1,10,13, ,17,10, ,12,4, ,4,3 years,3,1,26,1,1,1, , , ,26,1,1
2/13/2024 22:28:48,2/13/2024 22:31:02,100,134,1,2/13/2024 22:31:02,R_7HiwqfJjW1bEwSW,33.5815,-85.0803,EN,1,94,1,3,2,3,2,2,2,4,4,3,3,3,3,4, , , , , , ,-99, , ,-99, , ,2, , , , ,1, , ,2,-99, , , , , , , , ,2,-99,-99,-99,-99,-99,-99, , , , , , , , , ,2,2,2,2,2,1,1,2,1,1,-99, , ,-99, , ,-99, , , , , ,1,12,12, ,17,10, ,13,7, ,7,3   years,3,1,26,1,1,1, , , ,26,1,1
2/21/2024 7:52:15,2/21/2024 8:00:02,100,466,1,2/21/2024 8:00:03,R_7DMqJ5H12IU2Lp1,37.1835,-121.7714,EN,1,56,1,7,7,7,7,7,7,7,7,7,7,7,7,7,Public safety,1, ,1, , ,-99, , ,-99, , ,2, , , , ,5, , ,1,2, , , , , , ,I don't know,4,1,7,7,7,7,7,7, , , , , , , , , ,4,4,4,4,4,4,4,4,4,4,-99, , ,-99, , ,-99, , ,There is no way for irresistible factors., , ,1,11,13, ,14,12, ,12,4, ,9,3,3,1,26, , , , , , ,26,1,1
2/14/2024 5:16:06,2/14/2024 5:29:21,100,794,1,2/14/2024 5:29:22,R_66lXqkEWXvJ0HcZ,37.751,-97.822,EN,1,96,1,4,5,1,3,2,2,4,5,3,2,7,4,4, , , ,4, , ,7, , ,4, , ,1, , , , ,5, , ,3,-99, , , , , , , , ,3,4,3,2,4,4,2,4, , ,4, , ,6, , ,1,1,4,1,4,3,3,2,4,2,2, , ,4, , ,2, , , , , ,1,14,13, ,10,12, ,15,5, ,4,3,3,1,25, , , , , , ,26,1,1
3/3/2024 0:15:08,3/3/2024 0:23:38,100,510,1,3/3/2024 0:23:39,R_5lulvWi38dHu3z5,34.0544,-118.2441,EN,1,73,1,5,4,7,4,7,4,5,7,6,6,4,7,7, , , ,6, , ,1, , ,2, , ,1,Convenient, , , ,6, , ,1,2, , , , , , , , ,1,5,3,5,6,5,5, , , , , , , , , ,4,3,4,4,3,3,4,4,4,4,4, , ,2, , ,3, , , , , ,2,12,13, ,16,11, ,12,8, ,5,3,3,1,26, ,1, , , , ,26,1,1
3/3/2024 9:43:03,3/3/2024 9:45:08,100,125,1,3/3/2024 9:45:08,R_3ewOAyqGbY7XgQg,37.1835,-121.7714,EN,1,60,1,5,5,6,5,6,5,6,5,5,6,7,6,5, , , ,5, , ,5, , ,6, , ,1, , , , ,6, , ,1,1, , , , , , , , ,1,5,7,6,6,6,6,6, , ,6, , ,6, , ,3,4,3,4,3,3,4,3,3,4,3, , ,3, , ,3, , , , , ,1,11,12, ,16,12, ,12,4, ,5,3,3,1,26, , , ,1, , ,26,1,1
3/3/2024 23:52:32,3/4/2024 0:19:41,100,1629,1,3/4/2024 0:19:42,R_1Ju7Xr6urQs8lih,36.4192,-83.0048,EN,1,60,1,5,5,5,5,5,5,5,5,5,5,5,5,5, , , ,4, , ,5, , ,4, , ,-99, , , , ,4, , ,1,1, , , , , , , , ,1,5,4,5,6,5,5,4, , ,4, , ,4, , ,3,4,3,4,3,4,4,4,4,4,-99, , ,-99, , ,-99, , , , , ,1,10,13, ,14,12, ,12,4, ,7,3,3,1,25, , , , , , ,26,1,1
3/4/2024 6:03:32,3/4/2024 6:28:26,100,1493,1,3/4/2024 6:28:27,R_7eLaHD0z2mKHHht,40.0565,-86.0159,EN,1,4,1,5,4,4,6,5,4,4,4,5,3,4,5,4, , , ,1, , ,1, , ,1, , ,2, , , , ,5,COVID-19 has not affected me,8,1,2, , , , , , ,I don't need these services.,1,1,4,4,5,5,6,5, , , , , , , , , ,2,3,3,3,3,2,3,3,2,3,-99, , ,-99, , ,-99, , ,"No, it doesn't.", , ,1,10,13, ,17,9, ,13,4, ,4,3,3,1,26, ,1, , , , ,26,1,1
2/13/2024 9:56:17,2/13/2024 10:17:57,100,1300,1,2/13/2024 10:17:58,R_4ikjsokiKZ5tVJ4,4.7731,7.0085,EN,1,4,1,5,5,5,4,3,6,6,5,6,7,5,7,4,Mental health issues,9, , ,Rape,0,-99, , ,-99, , ,2, , , , ,2,No,8,1,2, , , , , , ,Not at all,1,1,5,7,6,5,4,4, ,No, , , , , , , ,4,4,4,3,3,4,3,2,3,3,1, , ,-99, , ,-99, , ,The covid 19 close down the libraries for some time, , ,1,11,12, ,14,8, ,13,5, ,4,2years,2,1,26,1,1, , , , ,26,1,1
2/14/2024 23:07:01,2/14/2024 23:08:48,100,107,1,2/14/2024 23:08:49,R_5pGntvPolCRoW6d,33.8067,-84.1657,EN,1,99,1,3,4,5,5,5,3,6,6,3,5,7,7,4, , , , , , ,-99, , ,-99, , ,2, , , , ,6, , ,1,1, , , , , , , , ,1,6,6,6,5,6,4,1, , ,1, , ,1, , ,4,4,4,4,4,3,3,3,3,3,-99, , ,-99, , ,-99, , , , , ,1,13,13, ,17,11, ,12,4, ,5,29 years,29,6,26,1,1,1,1, , ,26,1,6
2/25/2024 8:10:33,2/25/2024 8:29:43,100,1150,1,2/25/2024 8:29:44,R_5E9Yi06mhlboRpo,38.3085,-85.816,EN,1,58,1,3,5,2,3,3,4,6,4,5,5,4,6,6,traffic,10, ,3, , ,2, , ,3, , ,1,"Easy-to-access hospitals, clinics and medical facilities are needed to ensure that they have access to timely medical services and care.",8,"Community Center: Establish a facility that serves as a gathering center for community members. This community center can provide a variety of services, such as education and training, employment assistance, health counseling, cultural activities and so on. A community center can also be a place for community members to communicate, connect and support each other.", ,5,Mental health support and counselling services are available to help people cope with the stress and anxiety of the outbreak.,3,1,2, , , , , , ,It isn't necessary,1,2,-99,-99,-99,-99,-99,-99, , , , , , , , , ,3,2,3,4,3,4,1,4,3,2,1, , ,3, , ,4, , ,"Health and safety measures: Public libraries need to take the necessary health and safety measures to ensure the safety of patrons and staff. This mayinclude social distancing measures, mask requirements, disinfection measures, etc. The library can provide an online reservation system: In order to control the flow of people and avoid crowding, the library can implement an online reservation system, and readers can make appointments in advance.", , ,1,13,12, ,16,12, ,13,5, ,5,29,29,6,26,1,1, , , , ,26,1,6
2/25/2024 12:34:32,2/25/2024 12:57:12,100,1359,1,2/25/2024 12:57:13,R_1VBFtRxSCyi4smi,39.6378,-86.3112,EN,1,63,1,6,7,7,3,6,3,6,3,7,4,4,7,3, , , ,5, , ,3, , ,6, , ,1,Mental health support,9,"Accessible mental health services, including counseling, therapy and support groups.", ,4,"Infrastructure Improvement: Strive to improve the community's infrastructure, such as roads, Bridges, utilities, and public transportation, to improve the quality of life in the community. This can be done through partnerships with local governments, advocacy and fundraising.",5,1,1, , , , , , , , ,1,5,7,6,4,7,6,5, , ,7, , ,5, , ,4,2,4,3,3,2,2,4,2,3,3, , ,3, , ,2, , ,"Emergency information and reliable resources: During an epidemic, public libraries can be an important channel for communities to access reliable information and resources. Libraries can provide information on outbreaks, health guidance and government policies to help people properly understand and respond to outbreaks. In addition, libraries can provide people with information and resources for other emergencies, such as natural disasters, emergency assistance and social services.", , ,1,11,13, ,13,10, ,12,4, ,5,29,29,6,26, ,1, , , , ,26,1,6
2/26/2024 8:07:53,2/26/2024 8:30:23,100,1349,1,2/26/2024 8:30:23,R_7oKOLUxNRL8uJdL,39.7954,-86.2658,EN,1,57,1,4,3,6,2,5,4,6,3,4,3,5,3,6, , , ,3, , ,3, , ,3, , ,2, , , , ,2,"Health facilities and public health advocacy: Keeping health facilities clean and promoting public health measures are critical to controlling the spread of the outbreak. Here are some suggestions: Strengthen cleaning and disinfection measures in public places, including schools, offices and business centers. Provide adequate hand washing facilities and hygiene supplies such as hand sanitizer, face masks and tissues.
Conduct public health campaigns to remind people of good personal hygiene and social distancing.",3,1,1, , ,Strengthen scientific communication to explain scientific knowledge and advice related to the outbreak and answer questions and concerns of the public,2, ,1, ,1,1,1,4,5,2,2,2,2, , ,3, , ,3, , ,1,2,4,1,1,3,1,4,3,2,1, , ,4, , ,2, , ,"Community information hubs: Public libraries can serve as hubs for community information, providing community members with epidemy-related information and updates. Libraries can collect and communicate information from health departments, government agencies, and other authoritative sources to help people keep abreast of outbreaks, prevention measures, and support resources.", , ,1,11,13, ,14,10, ,12,5, ,5,29,29,6,26, ,1, , , , ,26,1,6
2/26/2024 8:31:13,2/26/2024 8:53:49,100,1355,1,2/26/2024 8:53:50,R_3rDQq7gqFJRV0ce,41.4711,-87.0898,EN,1,62,1,5,3,7,3,5,5,2,4,5,2,6,3,5, , , ,4, , ,5, , ,4, , ,1,Intercultural communication and understanding,13,"There is a need for opportunities to promote intercultural exchange and understanding, including cultural exchange activities, multicultural education and intercultural training.", ,7,"Digital literacy training: As more activities move online during the pandemic, the need for digital literacy becomes more urgent. Public libraries can provide digital literacy training to teach people how to use digital tools and technologies effectively, including online meetings, email, social media, and more. This will help community members better adapt to the digital way of living and working.",6,1,1, , , , , , , , ,2,-99,-99,-99,-99,-99,-99, , , , , , , , , ,4,2,4,1,3,4,1,3,1,3,2, , ,3, , ,3, , ,"Data collection and research: During an epidemic, public libraries can play a role in data collection and research to provide policymakers, academics, and communities with information about the epidemic and its social impact. The library can collect and collate relevant data, conduct analysis and research, and provide insights and recommendations to the community to help them better cope with the epidemic and future challenges.", , ,1,11,12, ,17,10, ,13,4, ,5,29,29,6,26, ,1, , , , ,26,1,6
2/28/2024 8:01:33,2/28/2024 8:22:48,100,1275,1,2/28/2024 8:22:48,R_1ckdl9fgzQnnGaY,34.8775,-92.2265,EN,1,63,1,5,5,3,6,5,5,4,7,4,5,7,4,6, , , ,3, , ,2, , ,6, , ,1,"Health and hygiene: there is a need for better medical facilities and services, such as hospitals, clinics or pharmacies. Resources on healthy lifestyles, disease prevention and mental health support are also needed.",8,"Create community partnerships: Build partnerships with community organizations, volunteer groups, schools, healthcare providers, and other stakeholders. These partnerships can provide resources, expertise and support to help meet community needs.", ,7,"World Health Organization (WHO) : As the global health authority, WHO provides the latest information, global trends and advice on the COVID-19 pandemic. You can visit WHO's official website to view its press releases, reports and guidelines.", ,1,2, , , , , , , , ,1,3,7,6,3,3,5,3, , ,7, , ,3, , ,4,3,2,4,4,2,4,2,3,4,3, , ,2, , ,2, , ,"Digital transformation: During the pandemic, public libraries were forced to accelerate their digital transformation to provide online resources and services. This may increase the need for digital content and technology infrastructure to meet the needs of users. Public libraries need to invest in the procurement of digital resources and the improvement of technical facilities to ensure the availability and quality of online services.", , ,-99,11,12, ,15,10, ,12,4, ,5,29,29,6,26, ,1, , , , ,26,0,6
2/28/2024 8:24:04,2/28/2024 8:45:38,100,1294,1,2/28/2024 8:45:39,R_117n7J2ulzjicWg,40.76,-73.5318,EN,1,68,1,6,6,4,6,3,5,7,7,3,6,4,7,4, , , ,5, , ,7, , ,6, , ,1,"Social Events and cultural entertainment: Want more social events and cultural entertainment options, such as community events, art exhibitions, concerts or sports competitions. Venues, equipment and resources are needed to facilitate social interaction and cultural exchange.",13,"Promoting community health: Providing health promotion and disease prevention services, including health screenings, health education and mental health support. Establish links between medical institutions and health professionals and the community.", ,3,"Academic research institutions and expert teams: Many academic institutions and expert teams are dedicated to the study and analysis of the COVID-19 pandemic, and their reports and papers may provide insight into the needs of the pandemic on communities. You can follow the websites, blogs or social media accounts of relevant institutions and experts.",5,3,-99, , , , , , , , ,1,4,7,5,4,7,4,4, , ,7, , ,6, , ,3,4,4,2,4,3,2,4,2,3,1, , ,3, , ,2, , ,"Online learning and distance learning: Due to the closure of schools and universities during the pandemic, online learning resources and support at public libraries have become even more important. Libraries can provide e-books, online databases, learning tools and guides to help students and teachers achieve distance education.", , ,1,11,12, ,15,9, ,12,4, ,5,29,29,6,26,1, , , , , ,26,1,6
3/3/2024 3:48:16,3/3/2024 4:06:51,100,1114,1,3/3/2024 4:06:51,R_3Gfecn1jpMYbUE8,34.0544,-118.2441,EN,1,57,1,7,5,7,4,3,4,2,3,1,7,1,3,6,In terms of transportation and food if the transportation is not convenient in a place where I live for a long time it will be very inconvenient for me to walk far away from home Food should be near home to meet all my needs so I do not need to go far to buy food It makes me feel really good,10, ,1, , ,1, , ,1, , ,2, , , , ,6, , ,1,2, , , , , , ,"Usually busy work, no time",1,1,6,7,6,5,7,4, , , , , , , , , ,3,4,4,4,4,2,3,3,2,4,-99, , ,-99, , ,-99, , ,No impact, , ,1,11,12, ,14,9, ,12,4, ,5,28 years,29,6,26,1,1,1,1, , ,26,1,6
2/14/2024 23:16:20,2/14/2024 23:17:52,100,91,1,2/14/2024 23:17:53,R_10vmxGJF7MOc8m5,40.9068,-74.3615,EN,1,56,1,4,3,5,2,4,5,3,6,3,3,2,7,5, , , , , , ,-99, , ,-99, , ,2, , , , ,6, , ,1,1, , , , , , , , ,1,5,6,7,7,7,7, , , , , , , , , ,3,3,4,3,3,3,3,3,3,3,-99, , ,-99, , ,-99, , , , , ,1,13,13, ,17,10, ,12,4, ,7,28  years,29,6,26,1,1,1,1, , ,26,1,6
2/14/2024 23:18:19,2/14/2024 23:19:52,100,92,1,2/14/2024 23:19:52,R_5PMLkeqAEIIge71,33.7485,-84.3871,EN,1,63,1,3,1,2,4,1,3,1,4,2,1,3,1,3, , , , , , ,-99, , ,-99, , ,2, , , , ,1, , ,1,1, , , , , , , , ,2,-99,-99,-99,-99,-99,-99, , , , , , , , , ,3,2,2,2,3,2,1,2,1,3,-99, , ,-99, , ,-99, , , , , ,1,13,13, ,11,12, ,12,5, ,5,28  years,29,6,26,1,1,1, , , ,26,1,6
2/14/2024 23:26:24,2/14/2024 23:27:58,100,93,1,2/14/2024 23:27:58,R_1eyLQhstgLvfANk,33.454,-84.1534,EN,1,98,1,4,2,2,4,2,4,3,2,2,2,2,4,3, , , , , , ,-99, , ,-99, , ,2, , , , ,1, , ,1,1, , , , , , , , ,2,-99,-99,-99,-99,-99,-99, , , , , , , , , ,2,2,3,1,1,3,2,3,2,2,-99, , ,-99, , ,-99, , , , , ,1,14,13, ,14,12, ,12,6, ,7,28  years,29,6,26,1,1,1, , , ,26,1,6
2/14/2024 23:35:36,2/14/2024 23:37:41,100,124,1,2/14/2024 23:37:41,R_3gTKeKF4D06YWul,34.9017,-85.5171,EN,1,91,1,1,1,2,2,1,1,2,1,1,2,2,1,2, , , , , , ,-99, , ,-99, , ,2, , , , ,2, , ,1,1, , , , , , , , ,2,-99,-99,-99,-99,-99,-99, , , , , , , , , ,1,2,2,1,1,2,2,1,2,1,-99, , ,-99, , ,-99, , , , , ,1,11,12, ,13,13, ,14,6, ,7,28  years,29,6,26,1,1,1, , , ,26,1,6
2/14/2024 23:45:35,2/14/2024 23:49:10,100,215,1,2/14/2024 23:49:11,R_5ZX0Q4o1MgGHp4Q,29.0382,-95.4416,EN,1,69,1,5,7,5,3,3,3,6,5,3,6,5,6,7, , , , , , ,-99, , ,-99, , ,2, , , , ,7, , ,1,1, , , , , , , , ,1,5,6,7,7,5,6,1, , ,1, , ,1, , ,3,3,4,4,4,3,3,3,3,4,-99, , ,-99, , ,-99, , , , , ,1,12,12, ,17,10, ,12,4, ,5,28  years,29,6,26,1,1,1,1, , ,26,1,6
2/14/2024 23:54:08,2/14/2024 23:55:46,100,97,1,2/14/2024 23:55:46,R_5X1Hkiz2CB5E6am,29.0511,-82.038,EN,1,72,1,6,5,4,3,5,5,4,6,5,6,6,2,4, , , , , , ,-99, , ,-99, , ,2, , , , ,7, , ,1,1, , , , , , , , ,1,5,6,7,7,7,6, , , , , , , , , ,4,3,3,3,3,3,4,3,4,4,-99, , ,-99, , ,-99, , , , , ,1,13,12, , ,10, ,12,4, ,7,28  years,29,6,26,1,1,1, , , ,26,1,6
2/15/2024 0:03:24,2/15/2024 0:05:20,100,115,1,2/15/2024 0:05:21,R_7F3yZ3i9rx1Bhdo,41.8486,-87.6288,EN,1,93,1,1,1,2,2,1,1,1,1,1,1,2,1,2, , , , , , ,-99, , ,-99, , ,2, , , , ,1, , ,1,1, , , , , , , , ,2,-99,-99,-99,-99,-99,-99, , , , , , , , , ,2,2,1,1,2,1,1,2,2,2,-99, , ,-99, , ,-99, , , , , ,1,12,13, ,14,12, ,12,6, ,7,28  years,29,6,26,1,1,1,1, , ,26,1,6
2/25/2024 8:10:33,2/25/2024 8:29:43,100,1150,1,2/25/2024 8:29:44,R_63yyhAHr0iwImpi,39.7668,-86.4013,EN,1,63,1,4,3,5,6,4,4,5,3,4,4,2,2,1,Medical treatment,8, ,6, , ,5, , ,3, , ,1,High quality schools and educational institutions are needed to provide good educational opportunities for their children.,5,"Partnerships: Build partnerships with local nonprofits, community leaders, schools, health care providers, and more to work together to meet community needs. These partners can provide resources, expertise and support to help implement community projects.",5,3,Provide emergency assistance and relief money to help people in need cope with economic hardship.,2,1,2, , , , , , ,It isn't necessary,1,2,-99,-99,-99,-99,-99,-99, , , , , , , , , ,4,2,4,2,1,4,3,3,1,3,2, , ,1, , ,4, , ,"Event and Class cancellations: Public libraries may have to cancel or postpone various events, classes, and lectures during the pandemic. This can have impact on readers' learning and social interaction. To compensate for this loss, libraries can consider online events and courses: Libraries can move to online platforms, offering virtual events, online courses and webinars. This way readers can continue to engage in learning and interaction and benefit from it.", , ,1,12,12, ,13,11, ,13,5, ,5,28,29,6,26,1,1, ,1, , ,26,1,6
2/25/2024 8:11:08,2/25/2024 8:27:41,100,993,1,2/25/2024 8:27:42,R_6DRJ0kT5mJEQgXa,41.4934,-87.3548,EN,1,85,1,4,3,5,4,5,2,7,3,3,6,6,4,6,I need to take care of my family members,7, ,3,A safe living environment, ,5,Adequate public transport system,0,3, , ,2, , , , ,3,There's a little bit of impact and not all of my needs have been met but the good news is that in the midst of the pandemic it's been pretty good,8,1,2, , , , , , ,Because these services are not my cup of tea,1,3,6,5,2,4,3,3, , , , , , , , , ,3,1,2,4,4,2,2,3,4,3,-99, , ,-99, , ,-99, , ,I hope the library can have some professional staff, , ,1,11,13, ,14,9, ,12,4, ,5,28,29,6,26,1,1, , , , ,26,1,6
2/25/2024 8:42:15,2/25/2024 9:01:46,100,1170,1,2/25/2024 9:01:47,R_3fVr0SpGmOwXTZS,40.0996,-85.6843,EN,1,65,1,2,4,6,3,6,5,3,6,4,5,4,4,7,Cultural diversity is much needed,13,4, , , ,-99, , ,-99, , ,2, , , , ,5,I very much hope that the community will pay attention to safety and cleanliness and must be regularly disinfected, ,2,-99, , , , , , ,It isn't necessary,1,1,2,5,4,6,2,5, , , , , , , , , ,3,1,3,1,3,3,2,3,4,3,-99, , ,-99, , ,-99, , ,I hope the library can provide effective information resources, , ,2,11,12, ,13,9, ,12,4, ,5,28,29,6,26,1,1, , , , ,26,1,6
2/25/2024 8:59:40,2/25/2024 9:21:59,100,1338,1,2/25/2024 9:21:59,R_5Dq0ytyRQmIYWih,40.2176,-85.3824,EN,1,60,1,4,5,7,5,6,6,3,5,6,4,5,5,4, , , ,4, , ,5, , ,4, , ,1,"Environmental protection and sustainable development: Community residents may be concerned about environmental protection and sustainable development, and need proper waste disposal, clean energy and sustainable urban planning.",6,"Poverty assistance: Provides food assistance, housing assistance, cash assistance or clothing donations to families in financial need. This can be provided through food banks, relief agencies, charitable organizations or community foundations.", ,4,"Education and distance learning: The pandemic may cause schools to close or switch to distance learning models. To counter this, the following measures can be taken: Provide distance learning equipment and Internet connectivity to ensure that students can continue their education.
Train teachers and students to use distance learning tools and platforms.
Provide learning support and guidance to ensure students are able to participate effectively in distance learning.",6,1,2, , , , , , ,I don't need these,1,1,5,5,6,7,4,6,4, , ,5, , ,4, , ,3,3,4,4,3,4,4,4,4,3,3, , ,3, , ,4, , ,"Digital inclusion: The importance of digital inclusion has increased during the pandemic. Public libraries need to ensure that digital resources and services are accessible and available to all. To improve digital inclusion, libraries can take the following steps: Digital Literacy Training: Provide digital literacy training and guidance to help readers master the use of electronic resources and technological tools so that they can take full advantage of the library's online resources. Devices and network access: Support for those who do not have adequate devices or network access can be provided with public computers, Wi-Fi access points, or mobile hotspot devices so they can connect to the library's digital resources.", , ,1,11,13, ,11,11, ,13,5, ,5,28,29,6,26, ,1, , , , ,26,1,6
2/26/2024 7:45:52,2/26/2024 8:07:04,100,1272,1,2/26/2024 8:07:04,R_5VmZKzfTI8t2tUR,41.5335,-85.7053,EN,1,58,1,3,3,6,3,2,3,5,3,6,5,4,2,4, , , ,5, , ,2, , ,3, , ,1,Social service,1,"Need easily accessible social services and welfare support, including social assistance, employment assistance and mental health services.", ,4,"Data collection and surveillance: Collecting and monitoring data is critical to understanding community needs and epidemic trends. Here are some suggestions: Establish a sound data collection system, including case statistics, use of medical resources, and community needs surveys.
Economic support and job opportunities: The pandemic can lead to economic instability and unemployment. Here are some suggestions: Provide financial assistance and welfare programs to help those affected by the outbreak maintain basic livelihoods. Job creation, especially in epidemi-related industries such as healthcare, sanitation and logistics. Provide vocational training and skills upgrading opportunities to help people adapt to changes in the economy and changing employment needs.",5,1,2, , , , , , ,It doesn't help me much,1,1,2,6,3,6,3,5,2, , ,6, , ,3, , ,2,1,1,3,4,3,4,2,2,2,1, , ,3, , ,1, , ,"Community rehabilitation: Support and resources are provided to drug abusers, ex-offenders and rehabilitation centres to help them recover, integrate into the community and establish a stable lifestyle. This can be done through rehabilitation centers, drug treatment centers, or community health organizations.", , ,1,11,12, ,16,9, ,12,5, ,5,28,29,6,26,1,1, , , , ,26,1,6
2/26/2024 8:07:53,2/26/2024 8:30:22,100,1349,1,2/26/2024 8:30:23,R_3VKDrfam2H21PRI,41.4934,-87.3548,EN,1,65,1,4,6,3,5,5,5,3,4,4,6,3,5,4, , , ,4, , ,5, , ,5, , ,2, , , , ,4,Education and distance learning: Schools and educational institutions have been affected during the pandemic. Here are some suggestions: Provide distance learning resources and online education platforms to ensure that students can continue to learn. Technical support and equipment loan programs are available to help students who do not have proper equipment and Internet access. Establish a support network for students and parents to answer questions and provide study guidance.,6,1,1, , ,Ensuring that communities have access to accurate and reliable information is critical to addressing the challenges of the outbreak.,2, ,1, , ,1,3,5,2,7,4,6,3, , ,5, , ,5, , ,3,3,3,1,4,2,3,1,3,3,2, , ,3, , ,1, , ,"Employment support: The pandemic has caused many people to lose their jobs or face employment difficulties. Public libraries can offer employment support and career development resources such as career guidance, resume writing help, and online job training. Libraries can also cooperate in organizing job fairs and career talks to help people find employment opportunities and upgrade vocational skills.", , ,1,11,13, ,14,8, ,12,5, ,5,28,29,6,26,1, , , , , ,26,1,6
2/26/2024 8:31:14,2/26/2024 8:53:49,100,1355,1,2/26/2024 8:53:50,R_7otIL0ghz9DinRL,41.1954,-85.1177,EN,1,56,1,2,6,4,6,2,3,7,5,6,3,3,6,3, , , ,2, , ,2, , ,7, , ,1,Help and support networks,14,"Networks of help and support need to be established, including volunteer organizations, community service centers and mutual support groups to provide social support and assistance.", ,3,"Disaster preparedness and emergency information: The pandemic has made people aware of the importance of disaster preparedness. Public libraries can provide information resources on disaster preparedness and emergency management, including emergency plans, food stocks, medical knowledge, and more. Libraries can also collaborate on training and lectures to improve the disaster preparedness of community members.",5,1,1, , , , , , , , ,2,-99,-99,-99,-99,-99,-99, , , , , , , , , ,1,4,2,3,3,1,4,1,3,2,4, , ,2, , ,1, , ,"Social innovation and experimentation: During the pandemic, public libraries can be places of social innovation and experimentation. Libraries can provide resources and support, encourage community members to come up with innovative solutions, and provide experimental Spaces and resources to test and implement those innovations. In this way, libraries can promote innovation and development in the community.", , ,1,11,12, ,16,8, ,13,4, ,5,28,29,6,26,1, , , , , ,26,1,6
2/27/2024 7:23:01,2/27/2024 7:45:18,100,1336,1,2/27/2024 7:45:19,R_6mlQPhL0CFeZrX0,40.8549,-73.2157,EN,1,68,1,5,4,5,7,7,7,4,4,7,4,6,7,4, , , ,4, , ,6, , ,5, , ,1,"Health and medical facilities: More medical facilities such as hospitals, clinics or pharmacies are needed to meet health needs. There is also a need for more fitness facilities or sports fields to promote a healthy lifestyle.",8,"Needs Assessment: Conduct a comprehensive needs assessment to identify the main needs and priorities of the community. This may include needs for housing, education, employment, healthcare, infrastructure, cultural activities and more. Conduct workshops, questionnaires and interviews with community residents, professionals and relevant stakeholders to obtain a wide range of feedback and opinions.", ,3,"Social restrictions and remote working: The pandemic has led to social restrictions and lockdown measures, with many people turning to remote work and online learning. As a result, there is an increased demand in the community for stable Internet connectivity and digital technology to meet the needs of working, learning and socializing remotely.",1,1,1,Health and medical facilities, , , , , , , ,1,5,4,6,7,4,4,3, , ,6, , ,5, , ,4,3,2,3,4,2,4,2,3,2,4, , ,3, , ,3, , ,"Virtual activities and services: Public libraries can organize virtual activities and services, such as online book clubs, author talks, children's story times, etc. These activities can be conducted through video conferencing tools or social media platforms to meet people's cultural and educational needs.", , ,1,11,13, ,14,8, ,13,5, ,5,28,29,6,26,1, , , , , ,26,1,6
2/27/2024 8:29:29,2/27/2024 8:33:55,100,266,1,2/27/2024 8:33:56,R_3gwJ23F7cyL4vq4,21.3454,-158.0842,EN,1,95,1,5,2,5,4,2,4,1,1,4,1,1,2,2, , , , , , ,-99, , ,-99, , ,2, , , , ,3, , ,1,1, , , , , , , , ,1,5,2,2,5,4,3, , , , , , , , , ,4,2,3,2,2,3,2,2,3,3,-99, , ,-99, , ,-99, , , , , ,1, ,13, ,12,10, ,14,6, ,5,28,29,6,26,1,1, , , , ,26,1,6
2/27/2024 11:19:42,2/27/2024 11:40:37,100,1255,1,2/27/2024 11:40:38,R_7wTmyJFgCELB053,47.6034,-122.3414,EN,1,64,1,7,3,6,3,4,7,6,3,6,7,4,6,5, , , ,6, , ,7, , ,3, , ,1,Social and recreational activities,11,"Partnerships: Build partnerships with relevant organizations, local government and community stakeholders. Partners can provide resources, expertise and support to work together to meet the needs of the community.", ,6,"Employment and economic problems: The epidemic has led to the closure of many businesses or layoffs, increasing unemployment and economic pressure. Communities need to provide jobs, training, and financial assistance to help those affected survive.",4,1,1, , ,"Helped me a lot, very satisfied",2, , , , ,1,4,6,6,3,7,5,4, , ,6, , ,5, , ,4,3,2,2,3,3,2,4,4,2,3, , ,3, , ,3, , ,Expanded Digital Literacy Training: Online digital literacy training is provided to help users learn how to use the library's digital resources and online tools. This helps to improve people's access to information and technical skills., , ,1,11,13, ,17,8, ,12,4, ,5,28,29,6,26, ,1, , , , ,26,1,6
2/27/2024 12:02:41,2/27/2024 12:25:21,100,1359,1,2/27/2024 12:25:21,R_35FmXkUoEd7ht5A,27.96,-82.4614,EN,1,62,1,5,4,5,3,7,5,1,4,7,3,6,3,6, , , ,5, , ,7, , ,6, , ,1,Housing and home maintenance: More affordable housing options are needed to accommodate people at different income levels. They need home maintenance and improvement programs to ensure a safe and livable environment for residents.,4,"Mental health support: Set up psychological counseling centers or provide online counseling services, and conduct mental health education activities to help people cope with stress and anxiety.", ,3,"Community involvement: Community residents are encouraged to participate actively in the planning and implementation of the project. Organize community meetings, workshops and activities to facilitate participation and exchange of views among residents. Ensure that the project is based on real needs and participation of the community.",5,1,1, , , , , , , , ,1,5,4,6,5,4,4,4, , ,4, , ,7, , ,2,4,4,2,4,3,4,2,4,3,3, , ,2, , ,4, , ,"Social media and blogs: Use social media platforms and blogs to engage with users and share content about library resources, reading recommendations, study tips, and activity information. This can help expand the library's reach and promote community engagement.", , ,1,11,13, ,17,8, ,12,4, ,5,28,29,6,26,1, , , , , ,26,1,6
2/28/2024 8:24:29,2/28/2024 8:45:37,100,1268,1,2/28/2024 8:45:38,R_19cdZBMw3Rq4ouZ,38.9671,-104.7199,EN,1,62,1,6,4,4,7,6,4,7,5,3,6,7,4,6, , , ,7, , ,4, , ,4, , ,1,"Education and training: Better educational resources are needed, including schools, libraries and training institutions. Educational opportunities for children and adults need to be supported and services such as counselling and vocational training provided.",5,"Provide education and skills training: Provide education and skills training opportunities to enhance the capabilities and employment opportunities of community members. This can include vocational training, technical training, entrepreneurship training and basic education programs.", ,6,"Reliable news media: Some reputable news media organizations will provide accurate and timely coverage of COVID-19. You can choose a reputable global or regional news organization such as the BBC, CNN, The New York Times, Reuters, etc., and follow their news channels, websites or social media accounts.",5,2,-99, , , , , , , , ,1,7,4,6,7,3,3,5, , ,4, , ,4, , ,3,4,2,4,3,2,1,4,3,3,2, , ,4, , ,3, , ,"Community support and information delivery: Public libraries play an important role during the pandemic, providing accurate and reliable information about the outbreak, public health, and containment measures. The library can become the information center of the community, help residents to obtain authoritative information, and improve the public's health awareness and scientific literacy.", , ,1,11,13, ,16,10, ,13,5, ,5,28,29,6,26, ,1, , , , ,26,1,6
2/13/2024 9:59:15,2/13/2024 10:17:28,100,1093,1,2/13/2024 10:17:29,R_5gUzMjYmneDg9fu,39.8335,-84.8983,EN,1,99,1,7,4,5,7,5,3,6,7,7,5,4,4,5,There is not enough low income housing for the lower income households to make ends meet 
Rent is at unaffordable rates for these struggling families which leads to fear of survival and effects our crime rates,2,1, , , ,-99, , ,-99, , ,-99, , ,Struggling with income and raising a child I'm able to receive wic benefits which help tremendously,1,3,Yes loss of income on my household and community households
More households needing assistance to make ends meet,4,1,2, , , , , , ,Lack of reliable transportation 
Hours of services offered,3,1,6,7,6,7,7,7, , , , , , , , , ,4,4,4,4,4,4,4,4,4,4,-99, , ,-99, , ,-99, , ,No, , ,1,11,13, ,14,9, ,16,4, ,9,27 years,27,6,26,1,1, , , , ,26,1,6
2/13/2024 21:02:57,2/13/2024 21:04:59,100,121,1,2/13/2024 21:04:59,R_79tCBRm8qY9uPlN,34.0528,-117.6648,EN,1,92,1,4,5,7,5,5,6,4,4,5,7,5,5,6, , , , , , ,-99, , ,-99, , ,2, , , , ,7, , ,1,1, , , , , , , , ,1,3,6,6,2,7,5,1, , ,1, , ,1, , ,3,3,2,4,4,2,2,2,3,4,-99, , ,-99, , ,-99, , , , , ,1,13,13, ,16,12, ,12,7, ,7,27   years,27,6,26,1,1,1,1, , ,26,1,6
2/13/2024 22:21:42,2/13/2024 22:23:25,100,103,1,2/13/2024 22:23:25,R_6PkI2CQtUCy5tq9,30.5154,-97.6689,EN,1,72,1,7,4,2,3,3,5,2,6,5,2,6,3,6, , , , , , ,-99, , ,-99, , ,2, , , , ,7, , ,1,1, , , , , , , , ,1,6,4,5,5,7,7, , , , , , , , , ,3,4,3,3,3,3,3,4,4,4,-99, , ,-99, , ,-99, , , , , ,1,13,13, ,17,10, ,12,6, ,5,27   years,27,6,26,1,1,1, , , ,26,1,6
2/13/2024 16:33:26,2/13/2024 16:36:57,100,211,1,2/13/2024 16:36:58,R_1aPObBKV7GqZ6jV,40.6327,-73.6333,EN,1,4,1,3,5,5,5,3,4,6,5,3,5,3,3,4,no, , ,6, , ,4, , ,5, , ,2, , , , ,6, , ,1,1, , , , , , , , ,1,3,2,6,6,5,4,4, , ,3, , ,4, , ,3,4,4,3,4,4,3,4,4,4,-99, , ,-99, , ,-99, , , , , ,1,12,12, ,16,11, ,12,4, ,5,27,27,6,26,1,1, , , , ,26,1,6
2/26/2024 8:07:54,2/26/2024 8:30:23,100,1348,1,2/26/2024 8:30:23,R_1lxcMYhjvzJr5ap,41.4253,-87.3565,EN,1,68,1,4,4,6,3,2,5,6,2,2,5,2,4,3, , , ,3, , ,6, , ,2, , ,2, , , , ,7,"Scientific communication and reliable information: Ensuring that communities have access to accurate and reliable information is critical to addressing the challenges of the outbreak. Here are some suggestions:
Establish official information channels, such as government websites, social media accounts and hotlines, to provide timely updates on the epidemic. Strengthen scientific communication to explain scientific knowledge and advice related to the outbreak and answer questions and concerns of the public. Combat false information and rumors, and provide accurate facts and figures to eliminate uncertainty and panic.",5,1,1, , ,Quite satisfied,2, , , , ,1,3,5,3,5,3,3,6, , ,2, , ,3, , ,2,2,2,3,1,4,3,2,2,1,1, , ,2, , ,3, , ,"Cultural activities and recreation: During the pandemic, people face the challenge of limited cultural and recreational activities. Public libraries can meet the cultural needs of community members through online cultural events, art displays, and virtual entertainment programs. Libraries can also provide entertainment resources such as e-books, music, movies and games to keep people entertained and relaxed at home.", , ,1,11,13, ,16,10, ,12,5, ,5,27,27,6,26,1, , , , , ,26,1,6
2/26/2024 8:31:14,2/26/2024 8:53:49,100,1355,1,2/26/2024 8:53:49,R_7SXXBHPahDprTHz,41.4253,-87.3565,EN,1,68,1,3,6,7,3,5,2,6,4,4,7,5,3,4, , , ,2, , ,3, , ,3, , ,1,Civil Rights and Social justice,14,"Support and advocacy for civil rights and social justice, including equal rights protection, anti-discrimination campaigns, and social equity programs, are needed.", ,6,"Cross-border collaboration: Public libraries can work with other institutions, organizations, and communities to address challenges and provide integrated services during the pandemic. For example, libraries can work with schools to provide learning support to students; Partnering with non-profit organizations to provide social services; Work with health authorities to disseminate health information, etc. Cross-border cooperation can maximize the advantages of resources and expertise to provide more comprehensive support to communities.",5,1,1, , , , , , , , ,2,-99,-99,-99,-99,-99,-99, , , , , , , , , ,1,3,4,3,4,2,4,4,1,2,1, , ,3, , ,1, , ,"Resource sharing and sustainable development: During the pandemic, resource sharing and sustainable development become even more important. Public libraries can play a role in resource sharing, such as through inter-library loan services, sharing of makerspaces and equipment. At the same time, libraries can also promote the concepts and practices of sustainable development, provide environmentally friendly resources and services, and help community members adopt sustainable lifestyles.", , ,1,11,12, ,14,9, ,13,4, ,5,27,27,6,26,1, , , , , ,26,1,6
2/27/2024 7:23:03,2/27/2024 7:45:18,100,1335,1,2/27/2024 7:45:18,R_7q1VudKIePQEGm2,32.7797,-96.8022,EN,1,60,1,6,4,7,4,3,7,7,4,6,3,7,4,6, , , ,6, , ,4, , ,6, , ,1,"Community residents are concerned about community safety issues, including crime rates, security conditions and traffic safety needs. More police patrols, surveillance cameras or better street lighting are needed to make communities safer.",1,"Learn about your community: First, learn more about the characteristics, demographics, culture, and needs of your community. Communicate with local residents, organizations and local government representatives to gather relevant data and information to better understand the needs of the community.", ,5,"Increased demand for health: COVID-19 has led to a greater focus on health and preventive measures, with increased demand for medical equipment, masks, disinfectants and related products. People are also paying more attention to health care and immunity enhancement.",3,1,1,Community safety, , , , , , , ,1,6,6,7,4,7,7,5, , ,4, , ,4, , ,3,3,4,2,4,3,4,2,4,3,3, , ,4, , ,3, , ,"Digital transformation: Public libraries can accelerate digital transformation by providing online library resources, including e-books, online databases, academic journals, and more. This allows people to continue to access library resources at home or elsewhere.", , ,1,11,12, ,13,9, ,13,4, ,5,27,27,6,26, ,1, , , , ,26,1,6
2/27/2024 8:06:11,2/27/2024 8:10:32,100,260,1,2/27/2024 8:10:32,R_6fjjfVcUYt67lpb,34.0544,-118.2441,EN,1,97,1,6,2,6,2,6,7,3,3,7,6,6,7,3, , , , , , ,-99, , ,-99, , ,1, , , , ,5, , ,1,1, , , , , , , , ,1,5,2,5,3,3,5, , , , , , , , , ,3,2,3,2,3,4,3,4,1,1,-99, , ,-99, , ,-99, , , , , ,1,12,12, ,13,10, ,12,4, ,7,26 years,26,6,26,1, , ,1, , ,26,1,6
2/28/2024 5:25:31,2/28/2024 5:35:28,100,596,1,2/28/2024 5:35:29,R_3HZd6ehA23e3ksm,41.85,-87.7165,EN,1,67,1,4,4,1,1,3,2,2,3,3,1,1,2,1, , , ,1, , ,1, , ,1, , ,2, , , , ,4, , ,3,-99, , , , , , , , ,1,7,7,7,7,7,7, , , , , , , , , ,4,4,4,2,4,4,4,4,4,4,-99, , ,-99, , ,-99, , , , , ,2,11,13, ,12,9, ,14,11,White/mexican,4,26 years,26,6,26, ,1, , , , ,26,1,6
2/13/2024 21:52:37,2/13/2024 21:54:38,100,121,1,2/13/2024 21:54:39,R_7rHfqpro2W6l0CZ,41.0129,-73.7559,EN,1,70,1,5,5,7,4,5,7,5,7,7,6,6,7,5, , , , , , ,-99, , ,-99, , ,2, , , , ,7, , ,1,1, , , , , , , , ,1,5,6,7,7,6,5, , , , , , , , , ,3,4,3,4,4,4,4,4,3,4,-99, , ,-99, , ,-99, , , , , ,1,13,12, ,17,8, ,15,5, ,5,26  years,26,6,26,1,1,1,1, , ,26,1,6
2/25/2024 7:58:52,2/25/2024 8:10:26,100,694,1,2/25/2024 8:10:27,R_7TDkz9KMF0CPdpT,41.7284,-86.2444,EN,1,93,1,4,3,5,4,5,3,2,4,2,3,4,2,5,Public safety  Public safety is my top priority,1, ,6, , ,4, , ,5, , ,2, , , , ,5,The health risks to communities are very high,3,1,1,Traffic service, ,Very satisfied,2, , , , ,2,-99,-99,-99,-99,-99,-99, , , , , , , , , ,1,2,2,4,4,3,2,3,2,2,3, , ,2, , ,3, , ,My expectations for libraries to provide accurate and reliable health and outbreak information have increased., , ,1,11,13, ,16,9, ,12,4, ,5,26,26,6,26,1,1, , , , ,26,1,6
2/14/2024 5:04:35,2/14/2024 5:13:02,100,506,1,2/14/2024 5:13:03,R_6tnj1nl1j24gPXU,37.6873,-83.9817,EN,1,94,1,7,2,1,3,6,7,7,2,3,3,5,4,2, , , ,3, , ,2, , ,5, , ,2, , , , ,6, , ,1,1, , , , , , , , ,3,6,5,6,3,7,3,4, , ,3, , ,2, , ,2,2,3,4,3,2,2,2,3,2,3, , ,3, , ,3, , , , , ,2,17,14, ,10,12, ,12,10, ,6,26,26,6,25, , , , , , ,26,1,6
2/14/2024 5:16:06,2/14/2024 5:33:46,100,1059,1,2/14/2024 5:33:46,R_1MhAvmlxqGI0Otr,38.0896,-85.8491,EN,1,99,1,3,6,2,2,4,3,6,6,3,7,6,2,2, , , ,4, , ,4, , ,4, , ,2, , , , ,1, , ,1,1, , , , , , , , ,1,7,2,4,2,5,4,3, , ,2, , ,3, , ,4,4,2,3,3,2,3,2,3,3,2, , ,1, , ,3, , , , , ,2,16,13, ,10,12, ,15,10, ,5,26,26,6,26, , , ,1, , ,26,1,6
2/14/2024 6:21:29,2/14/2024 6:39:13,100,1063,1,2/14/2024 6:39:13,R_6r2EVVPAn9Z4Irx,38.2634,-85.673,EN,1,60,1,7,1,5,6,7,7,2,3,3,3,6,2,6, , , ,1, , ,1, , ,1, , ,1, , , , ,2, , ,2,-99, , , , , , , , ,3,3,4,4,1,2,5,2, , ,4, , ,3, , ,3,3,2,2,2,2,3,3,1,3,3, , ,4, , ,2, , , , , ,1,11,13, ,14,10, ,14,11, ,6,26,26,6,26, , , ,1, , ,26,1,6
2/19/2024 5:58:44,2/19/2024 6:02:27,100,222,1,2/19/2024 6:02:27,R_50VA8CJpMHZuPBa,38.1278,-85.5741,EN,1,60,1,4,4,6,7,3,1,4,5,4,7,4,1,5, , , , , , ,-99, , ,-99, , ,2, , , , ,1, , ,1,2, , , , , , , , ,3,6,2,4,6,4,3, , , , , , , , , ,1,2,1,4,3,4,3,3,1,2,-99, , ,-99, , ,-99, , , , , ,2,15,16, ,11,8, ,15,5, ,5,26,26,6,26, , , ,1, , ,26,1,6
2/25/2024 9:22:58,2/25/2024 9:45:47,100,1369,1,2/25/2024 9:45:48,R_6rMFiFARWaouITM,41.5876,-87.3727,EN,1,59,1,6,3,5,6,4,5,3,5,3,6,6,6,6, , , ,2, , ,2, , ,6, , ,1,"Housing needs: Community residents may need affordable housing options, including renting and buying options, to meet the needs of all income levels and family types.",4,"Mental health support: Psychological counseling, psychotherapy, or support groups are provided to help community members deal with mental health issues. This can be provided by mental health professionals, community mental health centers, or non-profit agencies.", ,3,"Community collaboration and resource integration: Cooperation and resource integration among community members can lead to a more effective response to the outbreak. Here are some suggestions: Create community partnerships that include government, nonprofits, volunteer organizations, and businesses to work together to respond to community needs. Develop and implement community emergency response plans that define responsibilities and action steps for all parties.
Use community resources such as community centers, public Spaces, and volunteer networks to provide support and services.",1,1,1,Traffic demand, ,Quite satisfied,2, , , , ,1,3,6,5,6,4,3,4, , ,6, , ,4, , ,2,2,4,2,3,3,3,2,3,3,2, , ,4, , ,2, , ,"Data collection and analysis: Public libraries can use data collection and analysis to understand changes and trends in reader needs. This helps libraries better adapt to changes and provide more precise services. For example, by analyzing borrowing data and user feedback, libraries can determine which resources and events are popular with readers, allowing for more targeted resource procurement and event planning.", , ,1,11,12, ,14,10, ,13,5, ,5,26,26,6,26,1,1, , , , ,27,1,6
2/26/2024 7:45:52,2/26/2024 8:07:04,100,1271,1,2/26/2024 8:07:04,R_3DNeFohwVa1a4Dv,41.7088,-85.976,EN,1,92,1,2,4,6,3,4,2,5,3,1,3,6,5,2, , , ,3, , ,6, , ,3, , ,1,Community beautification and environmental improvement,14,"Promote community beautification and environmental improvement programs, including afforestation, community cleaning activities, and public art projects.", ,2,"Care for high-risk populations: Certain populations, such as the elderly and people with chronic illnesses, are more vulnerable to outbreaks. Here are some suggestions: Provide special care and support services such as delivery of necessities, regular health checkups, and social support. Strengthen vaccination programs to ensure that high-risk groups are vaccinated in a timely manner. Provide health education and guidance to help people at high risk take preventive measures to protect themselves.",5,1,2, , , , , , ,I don't need it. It doesn't help me much,1,1,2,4,5,3,4,3,3, , ,3, , ,4, , ,2,4,1,2,3,4,1,2,2,2,3, , ,2, , ,1, , ,"Family support: Family counseling, family financial assistance, parent-child relationship support, and domestic violence intervention services are provided to help families work through problems and build a healthy family environment. This can be provided through social service agencies, family counseling centers, or family assistance organizations.", , ,1,12,12, ,14,10, ,12,5, ,5,26,26,6,26,1, , , , , ,26,1,6
2/28/2024 3:24:02,2/28/2024 3:27:12,100,189,1,2/28/2024 3:27:13,R_7iar9R4aFFDHkLI,37.0551,-85.0375,EN,1,93,1,5,5,4,5,6,4,4,3,4,6,6,3,4, , , , , , ,-99, , ,-99, , ,-99, , , , ,6, , ,1,1, , , , , , , , ,1,6,6,6,6,7,6,1, , ,1, , ,1, , ,2,3,3,3,2,3,2,4,4,3,-99, , ,-99, , ,-99, , , , , ,1,11,13, ,14,9, ,12,4, ,5,25year,25,5,26,1,1, , , , ,26,1,5
2/13/2024 20:36:45,2/13/2024 20:39:37,100,172,1,2/13/2024 20:39:38,R_5zBlrxgOxBPDk0K,42.5538,-82.9185,EN,1,56,1,6,6,6,7,5,5,6,5,5,7,6,5,5, , , , , , ,-99, , ,-99, , ,2, , , , ,7, , ,1,1, , , , , , , , ,1,6,7,6,4,6,7, , , , , , , , , ,4,4,4,3,4,3,4,4,4,3,-99, , ,-99, , ,-99, , , , , ,1,13,13, ,16,11, ,12,4, ,7,25  years,25,5,26,1,1,1,1, , ,26,1,5
2/14/2024 22:34:57,2/14/2024 22:37:06,100,128,1,2/14/2024 22:37:06,R_5ktbpLgKIxi0amL,39.587,-75.6112,EN,1,69,1,5,4,6,7,6,7,6,5,5,5,5,7,7, , , , , , ,-99, , ,-99, , ,2, , , , ,6, , ,1,1, , , , , , , , ,1,4,4,6,6,5,5,1, , ,1, , ,1, , ,4,4,3,3,2,3,3,4,3,3,-99, , ,-99, , ,-99, , , , , ,1,14,12, ,16,9, ,12,5, ,5,25  years,25,5,26, ,1,1,1, , ,26,1,5
2/14/2024 22:37:28,2/14/2024 22:39:16,100,107,1,2/14/2024 22:39:17,R_7BsXSl1LYNFveqm,32.6755,-117.0921,EN,1,70,1,5,3,4,5,3,6,4,4,4,6,4,3,3, , , , , , ,-99, , ,-99, , ,2, , , , ,6, , ,1,1, , , , , , , , ,1,6,7,6,6,5,7, , , , , , , , , ,2,2,2,4,2,3,3,3,3,3,-99, , ,-99, , ,-99, , , , , ,1,15,12, ,11,8, ,12,6, ,5,25  years,25,5,26,1,1,1,1, , ,26,1,5
2/14/2024 22:46:17,2/14/2024 22:50:13,100,235,1,2/14/2024 22:50:13,R_7HcPFISQdPd7TIi,34.5318,-83.9718,EN,1,87,1,2,3,6,2,3,3,2,6,2,3,3,3,6, , , , , , ,-99, , ,-99, , ,2, , , , ,6, , ,1,1, , , , , , , , ,1,5,6,6,7,7,6, , , , , , , , , ,4,4,2,4,3,3,4,4,4,3,-99, , ,-99, , ,-99, , , , , ,1,15,12, ,14,9, ,12,6, ,5,25  years,25,5,26,1,1,1, , , ,26,1,5
2/14/2024 22:50:41,2/14/2024 22:53:04,100,143,1,2/14/2024 22:53:05,R_51m8bfq4grD8Mt4,41.4781,-81.5746,EN,1,74,1,2,4,2,1,2,2,1,3,2,1,2,1,3, , , , , , ,-99, , ,-99, , ,2, , , , ,2, , ,1,1, , , , , , , , ,2,-99,-99,-99,-99,-99,-99, , , , , , , , , ,1,2,1,2,1,1,2,1,2,1,-99, , ,-99, , ,-99, , , , , ,1,14,13, ,16,12, ,12,7, ,5,25  years,25,5,25, , , , , , ,26,1,5
2/14/2024 22:55:53,2/14/2024 22:57:31,100,98,1,2/14/2024 22:57:32,R_3C68fqpbVnUczoB,28.0109,-82.4948,EN,1,91,1,3,5,7,3,7,4,3,2,6,6,2,4,4, , , , , , ,-99, , ,-99, , ,2, , , , ,7, , ,1,1, , , , , , , , ,1,5,6,7,6,6,6, , , , , , , , , ,3,4,3,4,4,3,4,4,3,4,-99, , ,-99, , ,-99, , , , , ,1,12,13, ,14,12, ,12,5, ,7,25  years,25,5,26,1,1,1,1, , ,26,1,5
2/14/2024 23:09:14,2/14/2024 23:10:58,100,104,1,2/14/2024 23:10:59,R_5HemQZmqVEpnvkK,36.002,-80.0004,EN,1,100,1,2,2,1,2,1,2,2,1,2,2,2,2,1, , , , , , ,-99, , ,-99, , ,2, , , , ,1, , ,1,1, , , , , , , , ,2,-99,-99,-99,-99,-99,-99, , , , , , , , , ,2,2,2,3,2,2,2,1,2,1,-99, , ,-99, , ,-99, , , , , ,1,13,12, ,17,10, ,12,4, ,7,25  years,25,5,26,1,1,1,1, , ,26,1,5
2/14/2024 23:11:24,2/14/2024 23:13:43,100,138,1,2/14/2024 23:13:43,R_7QgOeSMJWG2I2n4,41.6904,-87.6157,EN,1,4,1,5,5,6,6,4,6,6,5,6,7,6,6,5, , , , , , ,-99, , ,-99, , ,2, , , , ,7, , ,1,1, , , , , , , , ,1,7,7,6,6,7,7, , , , , , , , , ,4,4,4,4,4,4,3,4,3,4,-99, , ,-99, , ,-99, , , , , ,1,13,12, ,17,11, ,12,4, ,5,25  years,25,5,26,1,1,1,1, , ,26,1,5
2/14/2024 23:14:08,2/14/2024 23:15:49,100,101,1,2/14/2024 23:15:50,R_337qsNWoe7jnBEB,39.9486,-75.2339,EN,1,55,1,7,7,6,6,7,6,7,6,7,7,7,7,6, , , , , , ,-99, , ,-99, , ,2, , , , ,7, , ,1,1, , , , , , , , ,1,6,7,7,7,7,6, , , , , , , , , ,3,4,4,3,4,3,3,4,4,4,-99, , ,-99, , ,-99, , , , , ,1,13,13, ,17,11, ,12,5, ,5,25  years,25,5,26,1,1,1,1, , ,26,1,5
2/13/2024 20:42:27,2/13/2024 20:44:13,100,106,1,2/13/2024 20:44:13,R_3G7EfoAeqOwPJDD,40.7256,-74.1594,EN,1,89,1,5,6,6,4,5,6,6,5,5,5,5,6,6, , , , , , ,-99, , ,-99, , ,2, , , , ,7, , ,1,1, , , , , , , , ,1,6,4,5,6,7,6, , , , , , , , , ,4,3,3,3,2,3,3,3,3,3,-99, , ,-99, , ,-99, , , , , ,1,14,13, ,17,10, ,12,4, ,5,25   years,25,5,26,1,1,1,1, , ,26,1,5
2/25/2024 7:59:21,2/25/2024 8:05:50,100,389,1,2/25/2024 8:05:51,R_3KoRp4h0AjXwCDf,39.8291,-86.0859,EN,1,81,1,6,3,6,2,6,3,4,5,1,4,3,5,3, , , ,5, , ,2, , ,3, , ,1, , , , ,3, , ,1,1, , , , , , , , ,2,-99,-99,-99,-99,-99,-99, , , , , , , , , ,4,4,3,3,2,4,4,4,4,2,3, , ,4, , ,3, , , , , ,1,12,13, ,16,11, , ,4, ,5,25,25,5,25, , , , , , ,26,1,5
2/25/2024 8:37:44,2/25/2024 9:00:33,100,1368,1,2/25/2024 9:00:33,R_1IaDBe3U8XxPzgT,41.3569,-85.0497,EN,1,62,1,7,5,2,3,5,3,5,5,2,4,4,6,6, , , ,2, , ,3, , ,6, , ,1,"Social and cultural needs: Community residents may need places and opportunities for social and cultural activities, such as parks, community centers, libraries, arts and cultural festivals, etc., to promote community cohesion and diversity.",13,"Community activities: Organize various community activities to encourage interaction and communication among community members. These events can be cultural festivals, sports competitions, community markets, etc., which help to strengthen community cohesion and social ties.", ,5,Supporting community economic recovery: The pandemic has hit many businesses and jobs. Loan and subsidy programs are proposed to support small businesses and self-employed people to get back into business.,5,1,2, , , , , , ,I don't need,1,1,5,2,4,5,4,4,3, , ,3, , ,5, , ,1,3,4,2,4,4,2,4,1,2,2, , ,3, , ,2, , ,"Restricted crowds and closures: Public libraries may have to limit crowds or close during the pandemic to ensure social distancing and public safety. This can result in readers not being able to access library resources and services. To overcome this problem, libraries can take the following measures: Provide online resources: Libraries can provide digital resources such as e-books, e-journals, and online databases to meet the needs of readers. This allows readers to access library resources at home or elsewhere.
Expand digital services: Libraries can enhance digital services, such as online counseling, remote reference services, online book clubs, etc., to continue to provide support and assistance to readers.", , ,1,13,12, ,14,11, ,13,4, ,5,25,25,5,26,1,1, , , , ,26,1,5
2/23/2024 15:42:50,2/23/2024 15:49:14,100,384,1,2/23/2024 15:49:15,R_7I6roUZFXhHDMJi,39.6804,-86.1306,EN,1,67,1,3,4,4,5,3,3,4,5,6,2,3,3,6,I rated cultural humility because some community resources need better training on cultural humility and how to treat people of different cultures with respect,13,1, , , ,-99, , ,-99, , ,2, , , , ,5, , ,3,-99, , , , , , , , ,1,7,7,6,7,7,7, , , , , , , , , ,4,4,4,4,4,2,2,3,4,4,-99, , ,-99, , ,-99, , , , , ,1,10,13, ,17,11, ,12,4, ,4,24 years,24,5,26,1,1,1, , , ,26,1,5
2/14/2024 22:32:23,2/14/2024 22:34:25,100,122,1,2/14/2024 22:34:26,R_5YZHIc69UGRVBK1,35.0892,-80.8194,EN,1,67,1,3,2,4,2,3,2,4,3,3,2,1,2,4, , , , , , ,-99, , ,-99, , ,2, , , , ,2, , ,1,1, , , , , , , , ,2,-99,-99,-99,-99,-99,-99, , , , , , , , , ,1,2,2,2,1,1,2,1,1,2,-99, , ,-99, , ,-99, , , , , ,1,12,13, ,11,12, ,12,5, ,5,24 years,24,5,26,1,1,1,1, , ,26,1,5
2/23/2024 8:28:40,2/23/2024 8:34:20,100,339,1,2/23/2024 8:34:21,R_1wBBADpWTNpTUpr,38.1842,-85.8375,EN,1,99,1,5,3,3,5,3,5,2,4,3,4,6,4,6, , , , , , ,-99, , ,-99, , ,1, , , , ,4, , ,1,1, , , , , , , , ,3,6,3,5,3,4,6, , , , , , , , , ,3,4,3,3,2,3,2,1,1,4,-99, , ,-99, , ,-99, , , , , ,1,14,13, ,10,12, ,12,4, ,4,24 years,24,5,25, , , , , , ,26,1,5
2/13/2024 18:58:49,2/13/2024 19:02:23,100,214,1,2/13/2024 19:02:24,R_3ctOm7NeDWfrb33,27.2621,-80.3835,EN,1,100,1,5,4,2,5,7,5,5,3,3,3,6,3,4, , , , , , ,-99, , ,-99, , ,2, , , , ,7, , ,1,1, , , , , , , , ,1,7,6,7,7,6,6, , , , , , , , , ,4,2,3,3,4,2,3,3,3,3,-99, , ,-99, , ,-99, , , , , ,1,13,13, ,16,11, ,12,5, ,5,24  years,24,5,26,1,1,1,1, , ,26,1,5
2/13/2024 19:31:35,2/13/2024 19:34:04,100,149,1,2/13/2024 19:34:05,R_52EzMoZfb21GvE9,40.0351,-74.1107,EN,1,59,1,3,3,1,2,1,3,2,3,2,2,3,2,2, , , , , , ,-99, , ,-99, , ,2, , , , ,1, , ,2,-99, , , , , , , , ,2,-99,-99,-99,-99,-99,-99, , , , , , , , , ,2,1,2,2,2,2,1,2,1,2,-99, , ,-99, , ,-99, , , , , ,1,13,13, ,16,9, ,12,5, ,5,24  years,24,5,26,1,1, , , , ,26,1,5
2/14/2024 22:01:47,2/14/2024 22:03:54,100,126,1,2/14/2024 22:03:54,R_5EGzT3FSqSdnkxX,34.2529,-118.418,EN,1,55,1,5,4,7,6,2,5,3,2,3,2,5,6,6, , , , , , ,-99, , ,-99, , ,2, , , , ,7, , ,1,1, , , , , , , , ,1,6,4,6,5,2,7,1, , ,1, , ,1, , ,3,3,3,4,3,3,4,2,4,3,-99, , ,-99, , ,-99, , , , , ,1,12,13, ,16,11, ,12,4, ,5,24  years,24,5,26,1,1,1,1, , ,26,1,5
2/13/2024 21:00:28,2/13/2024 21:02:29,100,120,1,2/13/2024 21:02:30,R_1ho77aFXOLueJMp,25.9436,-80.2264,EN,1,62,1,5,6,5,5,4,2,2,3,1,4,1,6,3, , , , , , ,-99, , ,-99, , ,2, , , , ,2, , ,1,1, , , , , , , , ,1,2,3,2,3,3,2, , , , , , , , , ,2,1,2,1,1,2,2,2,2,2,-99, , ,-99, , ,-99, , , , , ,1,13,13, ,16,11, ,12,7, ,5,24   years,24,5,26,1,1,1,1, , ,26,1,5
2/19/2024 6:07:38,2/19/2024 6:11:42,100,244,1,2/19/2024 6:11:43,R_51cEKEKLkBy21XX,37.1504,-84.5228,EN,1,78,1,7,5,2,2,6,4,6,7,2,4,6,3,1, , , , , , ,-99, , ,-99, , ,1, , , , ,1, , ,1,1, , , , , , , , ,2,-99,-99,-99,-99,-99,-99, , , , , , , , , ,3,2,2,2,2,3,3,2,2,3,-99, , ,-99, , ,-99, , , , , ,1,13,12, ,13,12, ,13,8, ,8,24,24,5,26,1,1, , , , ,26,1,5
2/19/2024 6:22:23,2/19/2024 6:26:12,100,229,1,2/19/2024 6:26:12,R_3GxIAxOyzcxApk5,36.9601,-86.3894,EN,1,72,1,5,4,3,5,2,5,3,5,2,5,4,6,7, , , , , , ,-99, , ,-99, , ,2, , , , ,3, , ,1,1, , , , , , , , ,1,6,3,2,5,3,3,1,NA, ,1,NA, ,1,NA, ,2,1,4,4,3,2,2,1,1,2,-99, , ,-99, , ,-99, , , , , ,2,11,13, ,12,9, ,15,4, ,6,24,24,5,26, ,1, ,1, , ,26,1,5
2/27/2024 8:24:41,2/27/2024 8:28:29,100,227,1,2/27/2024 8:28:29,R_57b6COcXf55jv6V,38.6326,-77.2661,EN,1,93,1,6,3,5,2,4,7,1,2,5,3,6,4,4, , , , , , ,-99, , ,-99, , ,1, , , , ,3, , ,2,-99, , , , , , , , ,1,6,5,6,4,6,5,1,NA, ,1,NA, ,1,NA, ,1,4,2,1,4,2,3,3,2,3,-99, , ,-99, , ,-99, , , , , ,1,11,13, ,13,8, ,13,5, ,5,24,24,5,26,1, , , , , ,26,1,5
2/27/2024 7:23:37,2/27/2024 7:35:40,100,723,1,2/27/2024 7:35:41,R_1kSmqykAgRKGvPm,54.8454,-1.882,EN,1,63,1,5,5,3,4,5,4,3,4,4,3,3,4,3, , , , ,none, ,-99,none, ,-99,none, ,1, , , , ,6, , ,1,1, , , , , , , , ,1,4,4,5,2,2,3,1,none, ,1,none, ,1,none, ,4,3,4,3,3,3,4,4,4,3,-99, , ,-99, , ,-99, , , , , ,1,11,12, ,16,9, ,12,4, ,5,23 year,23,5,26,1,1, , , , ,26,1,5
2/13/2024 19:18:31,2/13/2024 19:21:11,100,160,1,2/13/2024 19:21:12,R_7QAqDwri7tZu7u1,35.2296,-80.843,EN,1,56,1,3,3,2,2,3,1,1,2,4,3,3,3,2, , , , , , ,-99, , ,-99, , ,2, , , , ,1, , ,2,-99, , , , , , , , ,2,-99,-99,-99,-99,-99,-99, , , , , , , , , ,2,1,2,2,2,2,2,3,2,3,-99, , ,-99, , ,-99, , , , , ,1,12,12, ,16,9, ,12,5, ,5,23  years,23,5,26,1,1,1,1, , ,26,1,5
2/13/2024 19:34:49,2/13/2024 19:37:32,100,162,1,2/13/2024 19:37:32,R_7XasywApz7doO2o,38.7911,-77.5264,EN,1,60,1,4,3,1,4,2,2,3,3,3,1,4,3,1, , , , , , ,-99, , ,-99, , ,2, , , , ,1, , ,1,1, , , , , , , , ,2,-99,-99,-99,-99,-99,-99, , , , , , , , , ,2,1,2,2,1,2,2,1,2,3,-99, , ,-99, , ,-99, , , , , ,1,15,13, ,17,9, ,12,4, ,5,23  years,23,5,26,1,1,1,1, , ,26,1,5
2/14/2024 21:57:47,2/14/2024 22:01:13,100,205,1,2/14/2024 22:01:14,R_7EoRxU8hqrbzdSi,38.6829,-121.7969,EN,1,4,1,4,4,7,7,3,4,2,3,3,3,2,4,7, , , , , , ,-99, , ,-99, , ,2, , , , ,7, , ,1,1, , , , , , , , ,1,5,6,6,7,6,4, , , , , , , , , ,3,3,3,4,2,3,2,2,3,4,-99, , ,-99, , ,-99, , , , , ,1,12,12, ,16,8, ,12,5, ,5,23  years,23,5,26,1,1,1,1, , ,26,1,5
2/14/2024 22:24:44,2/14/2024 22:26:50,100,125,1,2/14/2024 22:26:50,R_1y96uD8T3404C87,38.7943,-90.2817,EN,1,63,1,6,6,6,5,6,6,5,5,7,4,3,6,6, , , , , , ,-99, , ,-99, , ,2, , , , ,7, , ,1,1, , , , , , , , ,1,6,7,6,6,6,7, , , , , , , , , ,3,2,3,3,3,2,2,4,3,2,-99, , ,-99, , ,-99, , , , , ,1,13,13, ,14,12, ,12,5, ,7,23  years,23,5,26, ,1,1,1, , ,26,1,5
2/14/2024 5:16:06,2/14/2024 5:30:03,100,836,1,2/14/2024 5:30:03,R_11p8USKYnJfXf9O,37.5197,-82.5228,EN,1,93,1,1,5,4,2,7,5,3,7,6,3,2,2,3, , , ,1, , ,5, , ,6, , ,2, , , , ,2, , ,3,-99, , , , , , , , ,2,-99,-99,-99,-99,-99,-99, , , , , , , , , ,2,2,4,4,3,2,2,2,3,4,1, , ,3, , ,3, , , , , ,2,11,13, ,15,12, ,12,9, ,8,23,23,5,25, , , , , , ,26,1,5
3/5/2024 5:17:05,3/5/2024 5:35:21,100,1095,1,3/5/2024 5:35:22,R_6EZk0ZkRWO2DaBa,36.8613,-119.7669,EN,1,75,1,7,7,5,4,5,3,3,5,5,6,2,1,4, , , , , , ,-99, , ,-99, , ,-99, , , , ,5, , ,1,1, , , , , , , , ,1,5,6,7,7,5,6, , , , , , , , , ,3,4,4,4,4,4,3,3,4,4,-99, , ,-99, , ,-99, , , , , ,1,13,13, ,16,11, ,13,4, ,5,23,23,5,26,1,1,1,1, , ,26,1,5
2/14/2024 23:49:49,2/14/2024 23:51:38,100,108,1,2/14/2024 23:51:39,R_6Z4WvVbtcrrwyhb,34.4469,-86.9237,EN,1,90,1,4,5,6,3,4,3,7,7,4,6,3,3,6, , , , , , ,-99, , ,-99, , ,2, , , , ,7, , ,1,1, , , , , , , , ,1,6,7,7,7,7,7, , , , , , , , , ,3,3,4,3,3,3,4,3,4,4,-99, , ,-99, , ,-99, , , , , ,1,13,13, ,17,11, ,12,4, ,5,22years,22,5,26,1,1,1,1, , ,26,1,5
2/13/2024 17:33:49,2/13/2024 17:51:25,100,1055,1,2/13/2024 17:51:25,R_6MtX3eKH5Ce0Tpr,39.8335,-84.8983,EN,1,99,1,5,4,3,5,5,3,5,4,6,3,4,3,5,Richmond community schools need to retain and attract quality teachers,5,1, , , ,-99, , ,-99, , ,2, , , , ,2,No I’ve had it pretty good with my job and my sons education continuing almost seemlessly.,8,1,2, , , , , , ,Haven’t had a need to,1,1,7,7,5,7,7,6, , , , , , , , , ,4,4,4,4,4,4,4,4,4,4,-99, , ,-99, , ,-99, , ,No, , ,1,14,13, ,16,14,Admin assistant in education and truck driver,12,4, ,5,22 years,22,5,26,1,1, , ,1,Desktop,26,1,5
2/27/2024 8:00:57,2/27/2024 8:04:59,100,242,1,2/27/2024 8:05:00,R_5DO3kUMN9qLTNOz,33.8719,-84.3912,EN,1,95,1,2,7,2,5,4,3,6,4,1,5,4,4,6, , , , , , ,-99, , ,-99, , ,2, , , , ,6, , ,1,1, , , , , , , , ,1,5,2,5,4,5,3, , , , , , , , , ,3,1,4,4,2,4,2,2,3,1,-99, , ,-99, , ,-99, , , , , ,2,11,13, ,10,10, ,12,4, ,5,22 years,22,5,25, , , , , , ,26,1,5
2/13/2024 21:05:32,2/13/2024 21:07:41,100,129,1,2/13/2024 21:07:41,R_5QEoNMqatVJjpLO,41.7405,-87.6587,EN,1,85,1,4,5,6,6,6,5,5,7,4,6,6,6,7, , , , , , ,-99, , ,-99, , ,2, , , , ,7, , ,1,1, , , , , , , , ,1,2,4,3,4,4,7,1, , ,1, , ,1, , ,3,2,3,4,3,3,3,4,3,3,-99, , ,-99, , ,-99, , , , , ,1,14,12, ,16,13, ,14,5, ,7,22   years,22,5,26,1,1,1,1, , ,26,1,5
2/14/2024 3:09:19,2/14/2024 3:11:48,100,148,1,2/14/2024 3:11:49,R_1ZVbSGq3e8r9etS,36.8651,-83.8929,EN,1,95,1,6,3,2,6,2,3,4,4,7,5,5,6,6, , , ,5, , ,2, , ,7, , ,2, , , , ,3, , ,2,-99, , , , , , , , ,1,6,6,1,5,6,4,6, , ,5, , ,2, , ,3,4,4,1,3,2,2,2,1,4,3, , ,3, , ,3, , , , , ,1,11,13, ,11,12, ,13,4, ,7,22,22,5,25, , , , , , ,26,1,5
2/14/2024 6:21:44,2/14/2024 6:41:19,100,1174,1,2/14/2024 6:41:19,R_5FWmCdrDAQUhK8I,37.6393,-82.2555,EN,1,99,1,2,5,6,3,5,4,5,5,6,3,5,4,3, , , ,5, , ,6, , ,6, , ,2, , , , ,3, , ,1,1, , , , , , , , ,1,2,6,3,2,4,5,2, , ,2, , ,3, , ,4,3,1,2,4,3,2,2,1,2,4, , ,2, , ,1, , , , , ,1,10,13, ,13,13, ,14,11, ,5,22,22,5,25, , , , , , ,26,1,5
2/19/2024 4:44:27,2/19/2024 4:47:58,100,210,1,2/19/2024 4:47:58,R_5hXL2rrFX5qxMqZ,36.9199,-86.4392,EN,1,83,1,2,3,4,3,1,1,4,6,6,3,5,3,6, , , , , , ,-99, , ,-99, , ,2, , , , ,5, , ,1,1, , , , , , , , ,1,5,3,5,5,2,3, , , , , , , , , ,3,3,2,2,3,3,2,3,2,2,-99, , ,-99, , ,-99, , , , , ,2,13,13, ,10,10, ,13,6, ,4,22,22,5,26,1,1, , , , ,26,1,5
2/19/2024 5:43:33,2/19/2024 5:45:46,100,133,1,2/19/2024 5:45:47,R_7izyz0DIF1oaPmh,38.3048,-85.5865,EN,1,59,1,2,7,4,6,2,1,6,4,5,4,5,6,5, , , , , , ,-99, , ,-99, , ,2, , , , ,4, , ,1,1, , , , , , , , ,2,-99,-99,-99,-99,-99,-99, , , , , , , , , ,2,2,1,4,3,2,3,1,3,1,-99, , ,-99, , ,-99, , , , , ,2,17,12, ,13,12, ,14,7, ,4,22,22,5,26, ,1, ,1, , ,26,1,5
2/19/2024 5:50:51,2/19/2024 5:57:47,100,415,1,2/19/2024 5:57:47,R_1hPXHMBKHEXcPlk,38.1405,-85.6936,EN,1,89,1,1,3,7,5,2,4,6,1,3,3,6,4,3, , , , , , ,-99, , ,-99, , ,2, , , , ,6, , ,1,1, , , , , , , , ,2,-99,-99,-99,-99,-99,-99, , , , , , , , , ,3,3,3,1,3,2,2,1,4,4,-99, , ,-99, , ,-99, , , , , ,1,11,13, ,14,11, ,16,6, ,4,22,22,5,25, , , , , , ,26,1,5
2/19/2024 6:40:22,2/19/2024 6:45:28,100,306,1,2/19/2024 6:45:29,R_1omPvfvOkWYTXP0,38.2105,-85.627,EN,1,69,1,4,1,7,6,7,6,6,3,6,4,7,4,1, , , , , , ,-99, , ,-99, , ,2, , , , ,6, , ,1,1, , , , , , , , ,1,6,2,3,6,4,2, , , , , , , , , ,2,3,2,3,3,2,3,1,2,2,-99, , ,-99, , ,-99, , , , , ,2,14,13, ,10,9, ,13,9, ,7,22,22,5,25, , , , , , ,26,1,5
2/27/2024 8:45:24,2/27/2024 8:50:57,100,333,1,2/27/2024 8:50:57,R_3gd1gZOfSizbW6X,44.1577,-75.7124,EN,1,95,1,4,6,3,3,3,6,4,3,7,6,3,6,6, , , , , , ,-99, , ,-99, , ,1, , , , ,3, , ,1,1, , , , , , , , ,1,6,2,5,4,3,4, , , , , , , , , ,3,1,3,1,4,3,2,2,2,3,-99, , ,-99, , ,-99, , , , , ,1,11,13, ,10,9, ,13,5, ,5,22,22,5,26,1,1, , , , ,26,1,5
2/14/2024 3:13:01,2/14/2024 3:20:48,100,466,1,2/14/2024 3:20:49,R_6ugaDIJg7OHQXoR,37.9824,-84.4797,EN,1,98,1,4,1,4,3,6,5,7,5,5,3,3,4,4, , , ,4, , ,4, , ,7, , ,2, , , , ,4, , ,2,-99, , , , , , , , ,3,7,1,3,3,6,1,4, , ,5, , ,1, , ,3,4,2,3,4,2,3,2,2,1,4, , ,3, , ,2, , , , , ,2,17,13, ,11,12, ,12,4, ,4,21,21,5,25, , , , , , ,26,1,5
2/14/2024 3:45:36,2/14/2024 3:49:30,100,234,1,2/14/2024 3:49:31,R_7hSuVeUas7NfVtO,37.2041,-87.183,EN,1,88,1,7,3,7,4,6,5,2,2,1,3,5,5,4, , , ,4, , ,2, , ,5, , ,1, , , , ,3, , ,1,1, , , , , , , , ,1,3,1,2,2,4,6,3, , ,1, , ,5, , ,3,4,2,2,4,1,2,2,4,2,1, , ,3, , ,3, , , , , ,2,12,14, ,11,10, ,15,6, ,7,21,21,5,26, ,1, , , , ,26,1,5
2/14/2024 4:42:51,2/14/2024 4:45:44,100,173,1,2/14/2024 4:45:45,R_7eUSiskELDcwjbS,38.22,-85.6942,EN,1,61,1,6,4,3,6,5,1,4,6,5,2,3,4,3, , , ,4, , ,7, , ,4, , ,2, , , , ,3, , ,2,-99, , , , , , , , ,1,1,1,7,4,6,7,6, , ,5, , ,2, , ,2,2,2,2,3,3,1,3,3,3,4, , ,2, , ,4, , , , , ,1,16,15, ,15,12, ,13,10, ,7,21,21,5,26, , , ,1, , ,26,1,5
2/19/2024 5:58:39,2/19/2024 6:02:36,100,236,1,2/19/2024 6:02:37,R_1roKBt3Zxc7XdU7,38.0463,-85.5608,EN,1,87,1,1,5,2,5,5,1,5,2,3,4,4,7,6, , , , , , ,-99, , ,-99, , ,2, , , , ,5, , ,1,2, , , , , , , , ,3,3,5,4,5,3,3, , , , , , , , , ,3,2,3,1,2,2,2,4,4,3,-99, , ,-99, , ,-99, , , , , ,2,11,13, ,11,11, ,14,11, ,9,21,21,5,26,1, , , , , ,26,1,5
2/19/2024 6:12:22,2/19/2024 6:14:52,100,149,1,2/19/2024 6:14:53,R_7rHInhrft2suA1W,37.3441,-85.3497,EN,1,67,1,5,4,5,6,7,6,5,1,1,6,3,6,5, , , , , , ,-99, , ,-99, , ,2, , , , ,3, , ,1,1, , , , , , , , ,1,3,3,6,4,4,2, , , , , , , , , ,2,4,4,3,2,2,3,3,2,3,-99, , ,-99, , ,-99, , , , , ,1,15,15, ,10,9, ,13,9, ,4,21,21,5,25, , , , , , ,26,1,5
2/19/2024 6:16:17,2/19/2024 6:20:39,100,261,1,2/19/2024 6:20:39,R_7lufCsAwGADjbCo,37.7548,-84.2985,EN,1,67,1,2,6,6,3,2,5,6,4,5,3,3,2,3, , , , , , ,-99, , ,-99, , ,2, , , , ,3, , ,1,1, , , , , , , , ,3,1,2,5,3,4,3, , , , , , , , , ,3,3,1,2,3,1,2,4,4,2,-99, , ,-99, , ,-99, , , , , ,1,11,14, ,17,12, ,15,4, ,6,21,21,5,26,1, , , , , ,26,1,5
2/19/2024 6:49:15,2/19/2024 7:02:50,100,814,1,2/19/2024 7:02:50,R_6uI3CHwL0Zqmu2o,37.5197,-82.5228,EN,1,79,1,4,5,7,4,1,3,4,6,6,3,7,1,7, , , , , , ,-99, , ,-99, , ,2, , , , ,2, , ,2,-99, , , , , , , , ,1,5,3,6,4,2,6, , , , , , , , , ,2,3,2,1,2,2,3,1,4,2,-99, , ,-99, , ,-99, , , , , ,1,14,13, ,16,12, ,12,4, ,4,21,21,5,25, , , , , , ,26,1,5
2/19/2024 6:49:50,2/19/2024 6:56:01,100,370,1,2/19/2024 6:56:02,R_1Y3AhNdEs7qBx22,38.2655,-85.5621,EN,1,69,1,4,6,4,4,3,4,3,2,6,2,5,3,2, , , , , , ,-99, , ,-99, , ,1, , , , ,2, , ,1,1, , , , , , , , ,2,-99,-99,-99,-99,-99,-99, , , , , , , , , ,2,3,2,1,1,2,1,3,3,4,-99, , ,-99, , ,-99, , , , , ,2,16,12, ,16,10, ,15,9, ,8,21,21,5,26,1,1, , , , ,26,1,5
3/3/2024 5:19:23,3/3/2024 5:32:53,100,810,1,3/3/2024 5:32:54,R_7TBN44qMeEOYLMU,37.1835,-121.7714,EN,1,60,1,7,6,7,5,5,4,6,7,6,4,5,4,5, , , ,6, , ,5, , ,7, , ,1, , , , ,6, , ,1,1, , , , , , , , ,1,6,7,5,5,7,6,5, , ,5, , ,6, , ,4,3,3,4,4,3,4,4,3,4,4, , ,3, , ,3, , , , , ,1,11,12, ,17,8, ,12,4, ,5,21,21,5,26, , ,1,1, , ,26,1,5
3/3/2024 0:32:52,3/3/2024 0:53:23,100,1230,1,3/3/2024 0:53:24,R_3Yjl0Ojo2swQGel,34.0544,-118.2441,EN,1,65,1,7,7,7,7,7,7,7,7,7,7,7,7,7,Public  safety,1, ,6, , ,-99, , ,-99, , ,1,Because  at  present  the  area  often  find  people  going  into  the  households  theft  case,1, , ,4,"Closed  community,community  to  help   procurement", ,1,1, , , , , , , , ,1,7,7,7,7,7,7,7, , , , , , , , ,4,4,4,4,4,4,4,4,4,4,4, , ,4, , ,4, , ,no, , ,1,11,13, ,17,11, ,12,4, ,5,20year, , ,26,1,1, , , , ,26,1, 
2/13/2024 9:46:33,2/13/2024 9:56:14,100,580,1,2/13/2024 9:56:14,R_71hasiXnl2QaBiy,39.8335,-84.8983,EN,1,99,1,3,5,4,4,6,5,5,6,7,6,3,4,6,Mental Health Issues we as a community have many individuals who struggle with their mental health and are often calling nine one one or are without housing because of their mental health issues,9,2, , , ,-99, , ,-99, , ,2, , , , ,5,The pandemic has not impacted me in a significant way other than it has made me more afraid to be in larger crowds as often as I previously was,8,1,2, , , , , , ,"Because I do not personally need the services I try to not take the spot in the services from someone who actually needs the services

I think that often a barrier for some is that they don't realize all that the library has to offer, so while I may not participate with these activities I try to help share and spread knowledge of these programs to others",1,1,7,5,5,7,7,7,7,Job readiness or application help, , , , , , , ,4,4,4,4,4,2,4,4,4,4,-99, , ,-99, , ,-99, , ,No if anything it has only further increased my desire to have our public libraries help with social services more. They are such an important part of our community and are able to help make a huge difference in low income individuals as well as individuals who are well off., , ,1,11,13, ,17,11, ,12,4, ,4,20 years,20,4,26,1,1, , , , ,26,1,4
2/13/2024 13:17:00,2/13/2024 13:41:40,100,1479,1,2/13/2024 13:41:40,R_5ebO7yzoVxIRDrz,39.8335,-84.8983,EN,1,99,1,6,6,3,5,4,1,2,7,6,6,2,2,1,Health care,8, ,7,"Help for the elderly and/or disabled (including housing, transportation, help at home, finances medications, food, interactions,etc)",0,-99, , ,-99, , ,1,"Lack of drs, lack of mental health care (that is NOT just for druggies), lack of help for the disabled, lack of affordable safe housing, lack of jobs",8,"Waited for months and months for specialists, attempted to ignore mental health needs, isolation, lived in unsafe areas, ticket to work program",4,6,"Me: Yes. Long term Covid has made me need more specialists which means super long wait times, no answers, increased medication costs, time off work to get to appointments, driving long distances to get to doctors. Increased housing costs, increased food costs (but no longer qualifying for food stamps due to working 12 hrs a week). 

Community: lack of actual teachers",3,2,-99, , , , , , ,"They don’t offer any services that I know of. I’m also a believer in libraries being for books and not meeting the needs of a community that should be done elsewhere (like medical, housing, etc)",4,2,-99,-99,-99,-99,-99,-99, , , , , , , , , ,3,3,3,4,2,1,1,1,1,2,-99, , ,-99, , ,-99, , ,"No. It’s not a libraries job, outside of supporting literacy, to be in a social service role.", , ,1,12,13, ,16,14, ,13,4, ,4,20 years,20,4,26, ,1, , , , ,27,1,4
2/13/2024 17:04:47,2/13/2024 17:14:48,100,600,1,2/13/2024 17:14:49,R_41YsDKAfvfOvwwt,22.2578,114.1657,EN,1,55,1,6,6,5,4,3,5,5,4,5,4,3,4,5,Digital needs,12, , , , ,-99, , ,-99, , ,2, , , , ,1,no, ,1,1, , , , , , , , ,1,2,4,3,4,5,4,1, , , , , , , , ,1,2,2,3,3,4,3,2,2,3,-99, , ,-99, , ,-99, , , , , ,1,11,13, ,13,10, ,12,4, ,5,20 years,20,4,26,1,1, , , , ,26,1,4
2/21/2024 1:56:13,2/21/2024 2:23:06,100,1612,1,2/21/2024 2:23:06,R_7dVpFDjUjB7e1dT,38.9898,-76.7904,EN,1,64,1,5,4,3,4,4,4,5,5,4,4,3,7,7,Digital needs      
Computer skills are very important now,2,4,7, Natural Environment, ,-99, , ,-99, , ,1, Natural Environment, ,Adapt to the natural environment, ,6, , ,1,1, , , , , , , , ,1,5,3,6,7,6,5, , , , , , , , , ,4,4,4,4,4,4,4,4,4,4,-99, , ,-99, , ,-99, , , , , ,1,10,13, ,14,11, ,13,4, ,4,20 years,20,4,26,1,1, , , , ,26,1,4
2/13/2024 9:52:07,2/13/2024 10:00:01,100,474,1,2/13/2024 10:00:03,R_4YxET29vQFIneHS,12.996,7.6049,EN,1,74,1,3,4,5,5,5,7,4,5,5,4,5,5,6,Climate change is very important for our environment,6,4,1, , ,1, , ,1, , ,2, , , , ,2,Covid pandemic was really devastating and it impacted our finances As individuals and community,4,2,-99, , , , , , ,My major barrier is time,3,1,4,3,3,4,4,4, , , , , , , , , ,2,3,3,2,3,3,4,3,2,3,1, , ,1, , ,1, , ,People where not able to use these services, , ,1,11,13, ,16,10, ,14,4, ,4,20 years,20,4,26,1,1,1, , , ,26,1,4
2/14/2024 23:20:16,2/14/2024 23:21:58,100,102,1,2/14/2024 23:21:59,R_7fLAlFwiXFsTFG9,34.0862,-117.9641,EN,1,58,1,4,5,4,3,3,4,7,2,5,6,5,4,3, , , , , , ,-99, , ,-99, , ,2, , , , ,7, , ,1,1, , , , , , , , ,1,6,5,7,7,6,5,1, , ,1, , ,1, , ,3,4,3,3,4,3,4,4,3,3,-99, , ,-99, , ,-99, , , , , ,1,13,13, ,16,10, ,12,5, ,5,20  years,20,4,26,1,1,1,1, , ,26,1,4
2/14/2024 23:38:42,2/14/2024 23:42:25,100,222,1,2/14/2024 23:42:26,R_549csIopDVyvZ5f,33.9993,-118.2868,EN,1,89,1,3,3,3,2,2,3,3,3,4,1,4,2,1, , , , , , ,-99, , ,-99, , ,1, , , , ,6, , ,1,1, , , , , , , , ,1,5,6,7,7,7,7, , , , , , , , , ,3,4,3,4,3,3,4,4,4,3,-99, , ,-99, , ,-99, , , , , ,1,13,12, ,16,8, ,12,4, ,5,20  years,20,4,26,1,1,1,1, , ,26,1,4
2/21/2024 6:33:55,2/21/2024 6:42:06,100,491,1,2/21/2024 6:42:07,R_7eRvWsnNcJhfAh1,34.0544,-118.2441,EN,1,58,1,4,6,6,7,5,4,4,6,5,7,4,4,4,Incomplete housing security,4,1, , , ,-99, , ,-99, , ,2, , , , ,6, , ,3,-99, , , , , , , , ,1,5,6,4,6,6,6, , , , , , , , , ,4,4,4,4,4,4,4,4,4,4,-99, , ,-99, , ,-99, , , , , ,2,12,15, ,16,12, ,12,8, ,5,20,20,4,26, ,1, , , , ,26,1,4
2/14/2024 5:16:07,2/14/2024 5:29:01,100,774,1,2/14/2024 5:29:02,R_78UuT13dlbgBBXp,36.8633,-87.4848,EN,1,59,1,6,2,3,2,5,2,4,3,4,2,3,3,3, , , ,4, , ,1, , ,3, , ,2, , , , ,4, , ,2,-99, , , , , , , , ,1,2,3,3,6,3,6,4, , ,1, , ,1, , ,3,4,1,1,4,2,2,2,3,1,3, , ,3, , ,1, , , , , ,2,14,13, ,14,14, ,14,9, ,5,20,20,4,25, , , , , , ,26,1,4
2/19/2024 5:34:08,2/19/2024 5:37:22,100,194,1,2/19/2024 5:37:22,R_7nMZBn5pnhgJZ3s,38.0936,-84.5009,EN,1,65,1,5,1,1,5,2,6,7,6,6,3,1,3,5, , , , , , ,-99, , ,-99, , ,2, , , , ,5, , ,2,-99, , , , , , , , ,3,3,2,5,4,6,5, , , , , , , , , ,4,2,4,2,3,2,3,3,3,2,-99, , ,-99, , ,-99, , , , , ,1,16,14, ,10,12, ,15,11, ,9,20,20,4,26,1, , , , , ,26,1,4
2/25/2024 8:37:46,2/25/2024 9:00:31,100,1365,1,2/25/2024 9:00:32,R_18Jt403u2bpMA7f,39.5906,-86.3668,EN,1,57,1,7,5,2,5,7,5,6,4,5,4,4,4,5, , , ,3, , ,4, , ,6, , ,1,"Security needs: Community residents may require a safe and stable environment, including effective police or security forces, and measures to prevent crime and maintain public order.",1,"Community volunteers: Community members are encouraged to participate in volunteer activities to provide help and support to the community. Volunteers can participate in various projects, such as community cleaning activities, senior citizens' companionship, children's education, etc. Their contributions not only meet community needs, but also enhance community cohesion and participation.", ,2,"The importance of community cooperation and support: During the pandemic, community cohesion and mutual help become especially important, encouraging community members to support and cooperate with each other, such as establishing volunteer networks, helping vulnerable people buy food and medicine, and providing social support.",1,1,2, , , , , , ,I don't need,1,1,5,4,6,6,4,5,3, , ,5, , ,7, , ,3,4,2,4,3,2,4,4,3,3,4, , ,2, , ,3, , ,"Event and Class cancellations: Public libraries may have to cancel or postpone various events, classes, and lectures during the pandemic. This can have animpact on readers' learning and social interaction. To make up for this loss, libraries can consider the platform, offering virtual events, online courses and webinars. This way readers can continue to engage in learning and interaction and benefit from it. Partnerships: Libraries can partner with other organizations, institutions, and communities to co-host online events and courses. This expands the range of resources and participants and increases the impact.", , ,1,11,12, ,16,10, ,13,4, ,5,20,20,4,26, ,1, , , , ,26,1,4
2/27/2024 8:45:21,2/27/2024 8:50:20,100,298,1,2/27/2024 8:50:20,R_5P6EYh0IUchB2d4,39.3434,-84.4009,EN,1,89,1,2,6,5,4,6,7,4,1,7,3,3,3,4, , , , , , ,-99, , ,-99, , ,1, , , , ,5, , ,1,1, , , , , , , , ,1,5,2,3,5,4,4, , , , , , , , , ,3,2,4,2,3,4,1,2,2,3,-99, , ,-99, , ,-99, , , , , ,1,11,13, ,10,10, ,12,5, ,5,20,20,4,26, ,1, ,1, , ,26,1,4
3/2/2024 23:13:49,3/2/2024 23:25:05,100,675,1,3/2/2024 23:25:05,R_6WV5Jlp8UC1GDwB,37.1835,-121.7714,EN,1,4,1,7,1,7,7,7,1,7,7,7,1,1,7,1, , , ,1, , ,7, , ,1, , ,1, , , , ,1, , ,1,1, , , , , , , , ,1,1,3,6,6,3,2,1, , ,2, , ,3, , ,4,4,1,4,4,1,4,4,1,1,1, , ,4, , ,1, , , , , ,1,11,13, ,16,10, ,12,4, ,5,20,20,4,26, ,1, , , , ,26,1,4
3/3/2024 0:59:28,3/3/2024 4:18:22,100,11934,1,3/3/2024 4:18:23,R_5aOUCATc05S8IYo,34.0544,-118.2441,EN,1,65,1,4,3,4,3,4,4,4,4,3,4,4,4,4, , , ,3, , ,2, , ,2, , ,2, , , , ,4, , ,1,1, , , , , , , , ,1,7,7,7,6,5,6,5, , ,4, , ,5, , ,4,4,4,4,4,4,4,4,4,4,4, , ,4, , ,4, , , , , ,1,13,13, ,11,10, ,12,4, ,5,20,20,4,26,1,1,1,1, , ,26,1,4
3/2/2024 20:33:59,3/2/2024 20:49:13,100,913,1,3/2/2024 20:49:13,R_70MYlyaGaGkbQGM,37.1835,-121.7714,EN,1,55,1,6,7,5,4,6,4,6,7,6,7,7,7,6, , , ,4, , ,1, , ,2, , ,1, , , , ,3,Physiotherapy room, ,1,2, , , , , , ,unwilling to use,1,1,5,4,5,5,6,6,3, , ,3, , ,2, , ,3,3,4,3,4,3,4,4,4,4,4, , ,4, , ,3, , ,继续努力, , ,2,12,13, ,10,8, ,13,10, ,5,20,20,4,26, ,1, , , , ,27,1,4
2/24/2024 17:55:46,2/24/2024 18:10:25,100,878,1,2/24/2024 18:10:25,R_3YzWSEab5ZgL0Ah,39.7661,-86.1735,EN,1,99,1,4,5,5,3,4,3,3,6,3,4,4,1,5,The failed anthem and Reid negotiations 
the monopoly Reid has on healthcare in Richmond,8,1, , , ,-99, , ,-99, , ,-99, , , , ,3,"Yes, access to health care, housing security, food costs soar, huge inflation, child care",2,1,2, , , , , , ,I've been fortunate enough to not need assistance,1,1,4,7,7,7,7,5, ,A community closet, , , , , , , ,4,4,4,4,4,4,4,4,4,4,-99, , ,-99, , ,-99, , ,No, , ,1,12,13, ,16,10, ,12,4, ,5,2 years,2,1,26, ,1, , , , ,26,1,1
3/4/2024 6:03:33,3/4/2024 6:53:57,100,3023,1,3/4/2024 6:53:58,R_3IGmSBJk2mU6XQr,39.9564,-85.9651,EN,1,55,1,5,4,4,6,5,3,4,5,4,3,4,4,5,Housing problem because I don't have a place to live,4,1, , , ,-99, , ,-99, , ,2, , , , ,5, , ,1,2, , , , , , ,I don't need these services.,1,3,5,4,6,5,4,4, , , , , , , , , ,4,3,3,2,3,2,3,2,2,3,-99, , ,-99, , ,-99, , ,The COVID-19 pandemic has not affected my expectations for the role of public libraries in social services., , ,2,10,13, ,17,11, ,12,4, ,4,2 years,2,1,26,1,1,1,1, , ,26,1,1
2/25/2024 15:24:05,2/25/2024 15:41:17,100,1032,1,2/25/2024 15:41:17,R_6vdEcG2FAtrorYN,36.102,-115.1447,EN,1,72,1,7,7,7,7,1,1,1,7,7,7,7,7,7,Food related needs that is cause it is a very vital part of human desire they we need to live our everyday lives,3,4, ,None, ,-99, , ,-99, , ,2, , , , ,6,It affected a lot of our needs from food shortages to transportation and then medical aspect as well   it caused for a greater need for medical structures to be built in our community in case of emergency and also sources of good water,2,1,2, , , , , , ,"One of them is distance, from where I stay to accessing those services is far and transportation has to be checkmated as well making me thing like whets the point anyways",3,1,5,6,5,6,7,4, , , , , , , , , ,4,3,4,4,4,2,2,3,3,3,4,History of my community, ,-99, , ,-99, , ,"Yes, you see when we go out to library, there are now specified rules and regulations different from before the pandemic outbreak, the library now accumulates half of what it used to take in simultaneously because of the social distancing policy, and it has just been static", , ,1,10,12, ,16,12, ,12,4, ,4,2 years,2,1,26,1,1,1,1, , ,26,1,1
2/13/2024 20:02:52,2/13/2024 20:05:04,100,131,1,2/13/2024 20:05:04,R_1dcd1GpE3OjOyC0,41.7669,-87.5542,EN,1,62,1,6,5,5,6,5,6,7,7,6,5,7,6,6, , , , , , ,-99, , ,-99, , ,2, , , , ,7, , ,1,1, , , , , , , , ,1,5,3,6,2,4,4,1, , ,1, , ,1, , ,3,4,3,3,4,3,4,3,3,3,-99, , ,-99, , ,-99, , , , , ,1,10,13, ,14,12, ,13,6, ,4,2 years,2,1,26,1,1,1,1, , ,26,1,1
3/3/2024 4:57:03,3/3/2024 5:00:10,100,186,1,3/3/2024 5:00:10,R_7VvOEV2ibgXCcp3,37.1835,-121.7714,EN,1,57,1,6,3,3,3,4,4,3,4,4,2,4,4,5, , , ,3, , ,2, , ,3, , ,1, , , , ,5, , ,1,1, , , , , , , , ,1,3,4,5,3,4,4,2, , ,4, , ,2, , ,3,3,3,3,3,2,3,2,3,2,3, , ,2, , ,3, , , , , ,1,11,12, ,16,8, ,13,8, ,4,2 years,2,1,26,1, , ,1, , ,26,1,1
3/4/2024 6:55:46,3/4/2024 7:16:09,100,1222,1,3/4/2024 7:16:09,R_6rYYoSvPKOeBUgk,34.0544,-118.2441,EN,1,56,1,5,4,6,5,6,4,5,5,6,4,6,5,6, , , , , , ,-99, , ,-99, , ,1, , , , ,5, , ,1,1, , ,"Online consultation, I am very satisfied.",2, , , , ,1,3,4,6,5,5,5, , , , , , , , , ,3,2,3,2,3,3,3,2,4,4,-99, , ,-99, , ,-99, , ,The COVID-19 pandemic has not affected my expectations for the role of public libraries in social services., , ,1,10,12, ,17,11, ,12,4, ,4,2 years,2,1,26,1,1,1, , , ,26,1,1
2/14/2024 23:56:11,2/14/2024 23:58:23,100,131,1,2/14/2024 23:58:23,R_1jcCQHdShqM0XUm,41.5039,-88.2152,EN,1,71,1,1,2,1,4,3,4,2,2,3,2,2,3,3, , , , , , ,-99, , ,-99, , ,2, , , , ,1, , ,1,1, , , , , , , , ,2,-99,-99,-99,-99,-99,-99, , , , , , , , , ,1,2,1,1,1,2,2,2,2,2,-99, , ,-99, , ,-99, , , , , ,1,12,13, ,14,9, ,12,6, ,7,2  years,2,1,26, ,1,1,1, , ,26,1,1
2/19/2024 4:57:10,2/19/2024 5:01:12,100,242,1,2/19/2024 5:01:13,R_3yrevZfeny9m9B7,38.1405,-85.6936,EN,1,95,1,4,5,6,1,4,5,4,3,3,3,5,3,2, , , , , , ,-99, , ,-99, , ,1, , , , ,2, , ,1,1, , , , , , , , ,1,5,2,4,6,6,6,1,NA, ,1,NA, ,1,NA, ,2,3,2,3,3,2,2,2,3,3,-99, , ,-99, , ,-99, , , , , ,1,13,12, ,12,10, ,13,6, ,6,2,2,1,26, ,1, , , , ,26,1,1
2/21/2024 23:40:41,2/21/2024 23:46:51,100,370,1,2/21/2024 23:46:52,R_6OW79Mh9X9uAXt2,32.7212,-96.6765,EN,1,56,1,5,5,5,5,5,5,5,5,5,5,5,5,5, , , ,5, , ,5, , ,5, , ,2, , , , ,6,新冠疫情导致了全球范围内对医疗资源的大量需求，尤其是在疫情初期。医院面临患者激增的压力，医疗系统需要迅速适应以提供充足的护理。这包括增加重症监护病房（ICU）的能力、使用呼吸机和其他生命支持设备，以及确保有足够的个人防护装备（PPE）供医护人员使用。

此外，疫情期间，社区需求也发生了变化。例如，许多常规医疗服务不得不推迟或改为远程进行，以便为新冠患者腾出空间和资源。同时，心理健康支持的需求增加，因为隔离措施和疫情带来的不确定性给许多人带来了心理压力。

为了应对这些挑战，各国政府、卫生组织和医疗机构采取了一系列措施：

1. 加强公共卫生措施：包括推广戴口罩、保持社交距离、勤洗手和提高疫苗接种率。
2. 增加医疗资源：如建立临时医院和方舱医院，以及通过国际合作共享医疗设备和物资。
3. 远程医疗：推广使用视频会议和在线平台进行远程诊断和咨询，以减少面对面接触。
4. 心理健康支持：提供心理咨询服务，开展针对疫情引起的焦虑和抑郁的干预项目。
5. 研究与创新：加速疫苗和治疗方法的研发，以及对病毒传播方式和预防措施的研究。

通过这些措施，医疗系统能够更好地应对新冠疫情带来的挑战，并逐步恢复正常的医疗服务。随着疫情的演变，这些策略也在不断地调整和改进。,3,1,2, , , , , , ,"No, not needed at the moment",1,1,5,5,5,5,5,5, , , , , , , , , ,4,4,4,4,4,4,4,4,4,4,-99, , ,-99, , ,-99, , ,是，，远离他人, , ,1,11,13, ,14,9, ,12,4, ,4,2,2,1,26,1,1, , , , ,26,1,1
2/21/2024 23:40:44,2/21/2024 23:47:06,100,382,1,2/21/2024 23:47:06,R_3Xo4FZmNVrHzHsl,33.919,-117.2359,EN,1,64,1,5,5,5,5,5,5,5,5,5,5,5,5,5, , , ,5, , ,5, , ,5, , ,2, , , , ,6,新冠疫情导致了全球范围内对医疗资源的大量需求，尤其是在疫情初期。医院面临患者激增的压力，医疗系统需要迅速适应以提供充足的护理。这包括增加重症监护病房（ICU）的能力、使用呼吸机和其他生命支持设备，以及确保有足够的个人防护装备（PPE）供医护人员使用。

此外，疫情期间，社区需求也发生了变化。例如，许多常规医疗服务不得不推迟或改为远程进行，以便为新冠患者腾出空间和资源。同时，心理健康支持的需求增加，因为隔离措施和疫情带来的不确定性给许多人带来了心理压力。

为了应对这些挑战，各国政府、卫生组织和医疗机构采取了一系列措施：

1. 加强公共卫生措施：包括推广戴口罩、保持社交距离、勤洗手和提高疫苗接种率。
2. 增加医疗资源：如建立临时医院和方舱医院，以及通过国际合作共享医疗设备和物资。
3. 远程医疗：推广使用视频会议和在线平台进行远程诊断和咨询，以减少面对面接触。
4. 心理健康支持：提供心理咨询服务，开展针对疫情引起的焦虑和抑郁的干预项目。
5. 研究与创新：加速疫苗和治疗方法的研发，以及对病毒传播方式和预防措施的研究。

通过这些措施，医疗系统能够更好地应对新冠疫情带来的挑战，并逐步恢复正常的医疗服务。随着疫情的演变，这些策略也在不断地调整和改进。,3,1,2, , , , , , ,Not used yet, ,1,5,5,5,5,5,5, , , , , , , , , ,4,4,4,4,4,4,4,4,4,4,-99, , ,-99, , ,-99, , ,是，在家办公, , ,1,11,13, ,14,12, ,12,4, ,4,2,2,1,26,1,1, , , , ,26,1,1
2/21/2024 23:54:51,2/22/2024 0:00:09,100,318,1,2/22/2024 0:00:10,R_5AZkvTVUQDsbBPc,41.8874,-87.6318,EN,1,62,1,4,4,4,4,4,4,4,4,4,4,4,4,4, , , , , , ,-99, , ,-99, , ,2, , , , ,6,新冠疫情导致了全球范围内对医疗资源的大量需求，尤其是在疫情初期。医院面临患者激增的压力，医疗系统需要迅速适应以提供充足的护理。这包括增加重症监护病房（ICU）的能力、使用呼吸机和其他生命支持设备，以及确保有足够的个人防护装备（PPE）供医护人员使用。

此外，疫情期间，社区需求也发生了变化。例如，许多常规医疗服务不得不推迟或改为远程进行，以便为新冠患者腾出空间和资源。同时，心理健康支持的需求增加，因为隔离措施和疫情带来的不确定性给许多人带来了心理压力。

为了应对这些挑战，各国政府、卫生组织和医疗机构采取了一系列措施：

1. 加强公共卫生措施：包括推广戴口罩、保持社交距离、勤洗手和提高疫苗接种率。
2. 增加医疗资源：如建立临时医院和方舱医院，以及通过国际合作共享医疗设备和物资。
3. 远程医疗：推广使用视频会议和在线平台进行远程诊断和咨询，以减少面对面接触。
4. 心理健康支持：提供心理咨询服务，开展针对疫情引起的焦虑和抑郁的干预项目。
5. 研究与创新：加速疫苗和治疗方法的研发，以及对病毒传播方式和预防措施的研究。

通过这些措施，医疗系统能够更好地应对新冠疫情带来的挑战，并逐步恢复正常的医疗服务。随着疫情的演变，这些策略也在不断地调整和改进。,3,1,2, , , , , , ,Not used, ,1,7,7,7,7,7,7, , , , , , , , , ,4,4,4,4,4,4,4,4,4,4,-99, , ,-99, , ,-99, , ,在家办公, , ,1,10,13, ,14,12, ,12,4, ,4,2,2,1,26, ,1, , , , ,26,1,1
3/4/2024 19:36:16,3/4/2024 19:42:19,100,363,1,3/4/2024 19:42:20,R_6ISMMx4pMtRpdru,39.6823,-84.1594,EN,1,56,1,4,3,4,2,4,3,4,6,6,5,4,3,5, , , , , , ,-99, , ,-99, , ,2, , , , ,5,make no difference, ,1,1, , ,Satisfaction is very good no recommendations,2, , , , ,1,5,6,6,5,6,5, , , , , , , , , ,3,4,4,3,4,3,4,4,4,3,-99, , ,-99, , ,-99, , ,There are fewer books and the variety of books is not updated, , ,1,11,12, ,14,11, ,12,4, ,5,2,2,1,26,1,1,1, , , ,26,1,1
2/21/2024 23:22:47,2/21/2024 23:38:44,100,957,1,2/21/2024 23:38:45,R_1q2TUVGaQeK8ZYS,38.6583,-77.2481,EN,1,71,1,5,5,5,5,5,5,5,5,5,5,5,5,5, , , , , , ,-99, , ,-99, , ,2, , , , ,5,"The COVID-19 pandemic has resulted in a massive demand for medical resources around the world, especially in the early stages of the pandemic. Hospitals are under pressure from a surge of patients, and healthcare systems need to adapt quickly to provide adequate care. This includes increasing intensive care unit (ICU) capacity, access to ventilators and other life support equipment, and ensuring there is adequate personal protective equipment (PPE) for health care workers. In addition, community needs have also changed during the epidemic. For example, many routine medical services have had to be postponed or performed remotely to free up space and resources for COVID-19 patients. At the same time, the need for mental health support has increased, as isolation measures and the uncertainty caused by the epidemic have caused psychological stress for many people. In order to deal with these challenges, governments, health organizations and medical institutions have taken a series of measures: 1. Strengthening public health measures: including promoting wearing masks, maintaining social distance, washing hands frequently and increasing vaccination rates. 2. Increase medical resources: such as establishing temporary hospitals and makeshift hospitals, and sharing medical equipment and supplies through international cooperation. 3. Telemedicine: Promote the use of video conferencing and online platforms for remote diagnosis and consultation to reduce face-to-face contact. 4. Mental health support: Provide psychological counseling services and carry out intervention projects for anxiety and depression caused by the epidemic. 5. Research and innovation: Accelerate the development of vaccines and treatments, as well as research into how the virus spreads and prevention measures. Through these measures, the medical system can better cope with the challenges posed by the COVID-19 epidemic and gradually resume normal medical services. As the epidemic evolves, these strategies ar",3,1,2, , , , , , ,Not available at the moment,2,1,6,6,5,6,6,6, , , , , , , , , ,3,3,3,3,3,3,3,3,3,3,-99, , ,-99, , ,-99, , ,没有
做好隔离, , ,1,10,12, ,14,8, ,12,4, ,4,1年,1,1,25, , , , , , ,26,1,1
2/21/2024 23:22:52,2/21/2024 23:39:33,100,1001,1,2/21/2024 23:39:34,R_5l9II4rJ13hK1ay,41.4344,-81.6373,EN,1,4,1,4,4,4,4,4,4,4,4,4,4,4,4,4, , , , , , ,-99, , ,-99, , ,2, , , , ,6,新冠疫情导致了全球范围内对医疗资源的大量需求，尤其是在疫情初期。医院面临患者激增的压力，医疗系统需要迅速适应以提供充足的护理。这包括增加重症监护病房（ICU）的能力、使用呼吸机和其他生命支持设备，以及确保有足够的个人防护装备（PPE）供医护人员使用。

此外，疫情期间，社区需求也发生了变化。例如，许多常规医疗服务不得不推迟或改为远程进行，以便为新冠患者腾出空间和资源。同时，心理健康支持的需求增加，因为隔离措施和疫情带来的不确定性给许多人带来了心理压力。

为了应对这些挑战，各国政府、卫生组织和医疗机构采取了一系列措施：

1. 加强公共卫生措施：包括推广戴口罩、保持社交距离、勤洗手和提高疫苗接种率。
2. 增加医疗资源：如建立临时医院和方舱医院，以及通过国际合作共享医疗设备和物资。
3. 远程医疗：推广使用视频会议和在线平台进行远程诊断和咨询，以减少面对面接触。
4. 心理健康支持：提供心理咨询服务，开展针对疫情引起的焦虑和抑郁的干预项目。
5. 研究与创新：加速疫苗和治疗方法的研发，以及对病毒传播方式和预防措施的研究。

通过这些措施，医疗系统能够更好地应对新冠疫情带来的挑战，并逐步恢复正常的医疗服务。随着疫情的演变，这些策略也在不断地调整和改进。,3,1,2, , , , , , ,Not used, ,1,6,6,6,6,6,6, , , , , , , , , ,3,3,3,3,3,3,3,3,3,3,-99, , ,-99, , ,-99, , ,没有
远离他人, , ,1,10,12, ,14,9, ,12,4, ,4,1年,1,1,25, , , , , , ,26,1,1
2/28/2024 19:22:43,2/28/2024 19:29:01,100,377,1,2/28/2024 19:29:02,R_6JPKOSikLVAay0U,39.8335,-84.8983,EN,1,99,1,5,6,5,7,5,4,7,7,7,7,6,5,5,Caregiving as there is a real need for more childcare options
 as well as more elder day services,7,2, , , ,-99, , ,-99, , ,2, , , , ,3,A number of day cares of closed. Housing seems less affordable,5,1,2, , , , , , ,"Mostly, they are not services I need.  But I see the need in the community",1,1,6,7,5,5,6,5,7,after school childcare, ,7,book clubs/social activities for older adults to combat isolation, , , , ,3,3,4,3,4,3,4,4,4,4,-99, , ,-99, , ,-99, , ,It was great during COVID that the library expanded its online offerings and also had little art kits we could pick up and do for free.  I wish they still handed out the crafting kits. they were fun., , ,1,13,13, ,17,11, ,12,4, ,4,19 years,19,4,26,1,1, , , , ,26,1,4
2/13/2024 21:47:37,2/13/2024 21:49:38,100,120,1,2/13/2024 21:49:39,R_5vs134tLXYhzmCZ,36.0913,-80.3271,EN,1,61,1,5,6,3,4,6,3,6,4,7,5,3,4,6, , , , , , ,-99, , ,-99, , ,2, , , , ,7, , ,1,1, , , , , , , , ,1,6,7,7,6,5,6, , , , , , , , , ,4,3,4,3,3,4,3,3,3,4,-99, , ,-99, , ,-99, , , , , ,1,13,13, ,16,11, ,12,5, ,7,19   years,19,4,26,1,1,1,1, , ,26,1,4
2/14/2024 6:21:32,2/14/2024 6:40:54,100,1161,1,2/14/2024 6:40:54,R_5QDkD8amsBekcOX,38.1405,-85.6936,EN,1,69,1,6,7,4,4,3,2,6,2,1,1,2,5,5, , , ,4, , ,7, , ,4, , ,2, , , , ,3, , ,2,-99, , , , , , , , ,2,-99,-99,-99,-99,-99,-99, , , , , , , , , ,4,4,4,3,2,2,1,3,2,3,4, , ,2, , ,3, , , , , ,2,15,14, ,9,11, ,13,10, ,4,19,19,4,26,1, , , , , ,26,1,4
2/19/2024 6:49:15,2/19/2024 6:56:40,100,445,1,2/19/2024 6:56:41,R_67vNr9cDqja56uu,38.2577,-85.7098,EN,1,96,1,6,4,5,3,1,6,3,3,5,6,5,3,4, , , , , , ,-99, , ,-99, , ,2, , , , ,5, , ,2,-99, , , , , , , , ,2,-99,-99,-99,-99,-99,-99, , , , , , , , , ,1,3,3,2,2,1,2,2,3,1,-99, , ,-99, , ,-99, , , , , ,2,15,12, ,12,10, ,14,8, ,7,19,19,4,25, , , , , , ,26,1,4
2/23/2024 8:28:43,2/23/2024 8:34:36,100,352,1,2/23/2024 8:34:36,R_7Bw3TiqMdnEr0Pv,38.9924,-84.6462,EN,1,88,1,7,4,3,5,5,6,4,5,2,2,2,2,2, , , , , , ,-99, , ,-99, , ,2, , , , ,5, , ,1,1, , , , , , , , ,2,-99,-99,-99,-99,-99,-99, , , , , , , , , ,1,2,3,3,2,3,2,4,1,2,-99, , ,-99, , ,-99, , , , , ,1,11,12, ,12,11, ,14,7, ,5,18 years,18,4,25, , , , , , ,26,1,4
2/13/2024 20:32:59,2/13/2024 20:36:01,100,182,1,2/13/2024 20:36:02,R_6PXhJ7Y3yNfWdBd,18.5505,-69.805,EN,1,96,1,6,6,6,5,6,6,6,5,5,6,5,5,5, , , , , , ,-99, , ,-99, , ,2, , , , ,7, , ,1,1, , , , , , , , ,1,4,6,6,7,5,4,1, , ,1, , ,1, , ,4,4,3,4,3,3,4,4,3,3,-99, , ,-99, , ,-99, , , , , ,1,12,13, ,16,11, ,12,6, ,5,18  years,18,4,26,1,1,1,1, , ,26,1,4
2/14/2024 23:22:25,2/14/2024 23:23:55,100,90,1,2/14/2024 23:23:56,R_6QRIao7I4TC9L0P,40.9033,-74.1579,EN,1,67,1,2,3,3,4,1,1,1,1,2,3,2,3,3, , , , , , ,-99, , ,-99, , ,2, , , , ,1, , ,1,1, , , , , , , , ,2,-99,-99,-99,-99,-99,-99, , , , , , , , , ,1,2,1,1,1,2,2,2,1,1,-99, , ,-99, , ,-99, , , , , ,1,13,12, ,13,8, ,12,6, ,7,18  years,18,4,26, ,1,1,1, , ,26,1,4
2/14/2024 23:30:38,2/14/2024 23:32:23,100,105,1,2/14/2024 23:32:24,R_7veHlGU7t55jZHP,40.7123,-74.0068,EN,1,98,1,5,3,3,6,4,2,3,5,4,4,4,4,3, , , , , , ,-99, , ,-99, , ,2, , , , ,1, , ,1,1, , , , , , , , ,2,-99,-99,-99,-99,-99,-99, , , , , , , , , ,1,2,2,2,2,2,2,1,3,2,-99, , ,-99, , ,-99, , , , , ,1,13,13, ,11,9, ,12,6, ,7,18  years,18,4,26, ,1,1, , , ,26,1,4
2/21/2024 3:42:43,2/21/2024 4:08:08,100,1525,1,2/21/2024 4:08:09,R_1MIOjWirkmZ3Odr,37.1835,-121.7714,EN,1,57,1,7,7,7,7,7,5,7,7,7,7,5,4,5,Food demand,3,4, , , ,-99, , ,-99, , ,2, , , , ,4,It affects me. My medical needs aren't being met.,3,3,-99, , , , , , , , ,1,6,6,6,6,6,6, , , , , , , , , ,4,4,4,4,4,4,4,4,4,4,-99, , ,-99, , ,-99, , ,"No, because I had little time to go to the library.", , ,1,11,12, ,16,11, ,12,4, ,5,18,18,4,26,1,1, , , , ,26,1,4
2/13/2024 17:15:45,2/13/2024 17:25:34,100,588,1,2/13/2024 17:25:35,R_31xmB2Y76dUp0e5,32.3886,-86.1691,EN,1,68,1,3,4,7,5,6,6,6,6,4,2,3,3,5,Climate changes,6, , , , ,-99, , ,-99, , ,1, , , , ,4, , ,2,-99, , , , , , , , ,2,-99,-99,-99,-99,-99,-99, , , , , , , , , ,4,2,2,3,3,3,2,2,2,3,2, , ,4, , ,4, , , , , ,1,14,13, ,13,9, ,13,4, ,5,17 years,17,4,26, ,1,1, , , ,26,1,4
2/13/2024 22:45:34,2/13/2024 22:48:47,100,193,1,2/13/2024 22:48:48,R_733iCWCBgAacHqV,26.1136,-80.2282,EN,1,70,1,7,4,5,5,3,5,4,6,6,7,5,6,7, , , , , , ,-99, , ,-99, , ,2, , , , ,7, , ,1,1, , , , , , , , ,1,3,5,5,2,2,4,1, , ,1, , ,1, , ,4,2,3,3,3,3,3,4,3,2,-99, , ,-99, , ,-99, , , , , ,1,12,13, ,15,8, ,12,5, ,5,17 years,17,4,26,1,1,1, , , ,26,1,4
2/13/2024 20:40:09,2/13/2024 20:42:01,100,111,1,2/13/2024 20:42:01,R_6dFbcJ2xX75lTLr,33.4122,-112.0287,EN,1,69,1,2,1,3,2,1,2,2,3,2,3,3,3,3, , , , , , ,-99, , ,-99, , ,2, , , , ,1, , ,1,1, , , , , , , , ,2,-99,-99,-99,-99,-99,-99, , , , , , , , , ,3,1,2,2,1,2,2,2,3,2,-99, , ,-99, , ,-99, , , , , ,1,13,12, ,16,10, ,12,5, ,5,17   years,17,4,26,1,1,1,1, , ,26,1,4
2/14/2024 5:16:07,2/14/2024 5:35:29,100,1161,1,2/14/2024 5:35:29,R_71pjoJ3sy4ty9QD,38.1405,-85.6936,EN,1,92,1,5,5,4,3,5,2,4,4,5,3,6,5,5, , , ,4, , ,4, , ,3, , ,1, , , , ,7, , ,2,-99, , , , , , , , ,3,2,2,3,5,6,5,5, , ,2, , ,1, , ,4,3,3,1,4,1,3,2,2,3,3, , ,3, , ,1, , , , , ,1,16,15, ,11,12, ,13,5, ,5,17,17,4,26, , , ,1, , ,26,1,4
2/19/2024 6:49:15,2/19/2024 7:04:53,100,937,1,2/19/2024 7:04:53,R_3gOt8OeJIXEZaW1,37.751,-97.822,EN,1,90,1,1,3,3,4,3,4,2,5,5,4,4,1,6, , , , , , ,-99, , ,-99, , ,1, , , , ,7, , ,1,1, , , , , , , , ,1,6,5,3,4,2,5, , , , , , , , , ,1,3,3,3,3,4,2,2,3,4,-99, , ,-99, , ,-99, , , , , ,1,11,13, ,15,11, ,12,7, ,7,17,17,4,25, , , , , , ,26,1,4
2/20/2024 22:09:39,2/20/2024 22:27:50,100,1090,1,2/20/2024 22:27:51,R_5lAm6fd9Y8Yi0SF,34.0544,-118.2441,EN,1,82,1,7,7,5,5,4,4,5,6,6,6,3,6,6, , , , , , ,-99, , ,-99, , ,2, , , , ,6,Yes, ,1,1, , ,High satisfaction with experience and service usage,2, , , , ,1,6,5,6,5,6,5,5, , ,3, , ,4, , ,4,4,4,2,3,2,2,4,3,4,2, , ,3, , ,3, , ,No, , ,1,12,13, ,16,11, ,12,4, ,5,16years,16,4,26,1,1,1,1, , ,26,1,4
2/13/2024 9:41:38,2/13/2024 9:52:03,100,625,1,2/13/2024 9:52:04,R_624OCHVWnmcDnrj,12.996,7.6049,EN,1,57,1,6,5,5,6,6,5,5,6,7,6,7,6,5,Mental health issues because mental health is underated,9, ,1, , ,1, , ,1, , ,2, , , , ,2,It has affected my finance greatly,4,2,-99, , , , , , ,My personal reasons, ,1,3,2,3,4,4,3,1, , ,1, , ,1, , ,3,3,4,3,2,3,4,3,3,4,-99, , ,-99, , ,-99, , ,No, , ,1,11,12, ,16,11, ,12,5, ,5,16 years,16,4,26,1,1, , , , ,26,1,4
2/17/2024 6:58:06,2/17/2024 7:21:52,100,1426,1,2/17/2024 7:21:53,R_1ex7b2lv3aulCck,39.7954,-86.2658,EN,1,99,1,5,4,3,4,4,3,4,7,7,4,7,5,3,Mental health issues as the substance abuse and sexual predation many in our community have experienced either now or in childhood leaves a lasting impact,9, ,7,Medical issues as Reid Health has monopolized care and exploits its position with population getting sicker and the cost of care skyrocketing,0,7,Social connection because I think it is an underlying factor in our substance abuse and mental health problems,0,5,Crime because substance abuse and mental health challenges is fueling a lengthy list of repeat offenders,0,1,Mental health issues,9,I’ve worked with medical and social (aka counseling) resources to address,1,5,"COVID amplified the isolation I felt and my health challenges as I was frontlines for my staff, attempting to navigate them through fearlessly. My community needs did not change; they were simply magnified.",1,1,2, , , , , , ,Specifically what comes to mind is the Ask a Lawyer service. It and other services not easy to access as a full-time career person.,2,1,6,6,7,6,4,5, , , , , , , , , ,4,4,4,4,4,1,4,4,4,4,-99, , ,-99, , ,-99, , ,"Prior to seeing the suggested ideas in the previous set, I would say it had not impacted it. I would now say it has expanded it slightly.", , ,1,12,13, ,16,11, ,12,4, ,7,16 years,16,4,26,1,1, , ,1,Company phone hotspot or MRL hotspot,26,1,4
2/13/2024 17:15:43,2/13/2024 17:25:27,100,583,1,2/13/2024 17:25:27,R_3WVllChuyw5Z2Ka,41.8825,-87.7185,EN,1,64,1,5,4,4,3,5,5,3,3,5,5,5,6,6, , , , , , ,-99, , ,-99, , ,1, , , , ,2, , ,1,1, , , , , , , , ,1,4,2,3,3,6,6,5, , ,5, , ,6, , ,3,4,2,2,3,3,2,2,3,3,-99, , ,-99, , ,-99, , , , , ,1,14,13, ,15,9, ,12,4, ,5,16 years,16,4,26, ,1, ,1, , ,26,1,4
2/13/2024 22:53:15,2/13/2024 22:56:37,100,202,1,2/13/2024 22:56:37,R_6DkeKD9QI05Puud,32.3746,-80.7697,EN,1,84,1,6,6,4,6,7,7,4,7,5,6,4,7,6, , , , , , ,-99, , ,-99, , ,2, , , , ,7, , ,1,1, , , , , , , , ,1,5,3,5,5,4,3,1, , ,1, , ,1, , ,4,2,3,3,4,3,4,4,3,4,-99, , ,-99, , ,-99, , , , , ,1,13,13, ,14,9, ,12,4, ,5,16 years,16,4,26,1,1,1, , , ,26,1,4
2/13/2024 20:08:03,2/13/2024 20:10:13,100,130,1,2/13/2024 20:10:14,R_7WUHIKeQhiZOmAN,34.0651,-81.0281,EN,1,63,1,5,4,5,7,7,5,7,5,6,5,6,4,7, , , , , , ,-99, , ,-99, , ,2, , , , ,2, , ,1,1, , , , , , , , ,1,2,3,2,2,2,3, , , , , , , , , ,3,1,2,2,1,3,2,1,2,2,-99, , ,-99, , ,-99, , , , , ,1,12,12, ,16,9, ,12,6, ,5,16   years,16,4,26,1,1,1,1, , ,26,1,4
2/26/2024 9:01:07,2/26/2024 9:17:31,100,983,1,2/26/2024 9:17:32,R_7Cwg4MbfJEjHSNQ,40.5743,-85.6741,EN,1,67,1,6,5,5,5,4,2,6,5,7,5,6,6,1,Mental Health issues and Drug abuse issues,9, ,7,Drug Rehab,0,7,Juvenile Detention Facility in Grant County,4,7,Blight removal to stabilize existing neighborhoods,4,1,"People with mental health/drug induced issues prevent the public from safely accessing the Library, Post Office, Pharmacy and downtown area.",9,Express concerns to elected officials.,5,2,No. The COVID pandemic allowed government to make lazy people more dependent on free services and have LESS concern for others.,6,1,2, , , , , , ,None. Library does a great job.
I have a computer and internet at home.,1,1,6,4,4,6,6,6,6,Classes for self care, ,6,Self confidence Classes for teenagers, , , , ,4,4,4,4,4,3,3,4,4,4,4,Provide a SAFE environment., ,-99, , ,-99, , ,"Unfortunately the COVID events showed that without internet & computer access, people don't have any way to find info. The Library was forced to close, people couldn't go there for help!", , ,1,15,12, ,16,14,Retired,14,4, ,7,16,16,4,26,1,1, , ,1,Streaming TV,27,1,4
2/20/2024 18:34:35,2/20/2024 18:59:23,100,1488,1,2/20/2024 18:59:24,R_5CZbfqgeSMmjhVn,34.0544,-118.2441,EN,1,64,1,6,6,6,6,7,7,6,6,5,6,3,3,4,medical care,8, ,6,Home care,0,6,Mental health education,6,-99, , ,1,"My father accidentally fell down the stairs while pruning the branches of the trees in the garden, broke his leg and the wound was bleeding. We simply dealt with the medical staff who were sent to the community. They lacked treatable medical equipment and let us go to other places …",8, , ,2,"Yes, it had a great impact. After my father brushed his leg, we went to other places because of the lack of treatable medical equipment in the community due to the COVID-19 epidemic, but in the end, there were no beds. The hospital was full of people infected with the virus. My father died shortly after being infected with the wound.",3,3,-99, , , , , , , , ,1,5,4,5,5,5,5, , , , , , , , , ,4,4,4,3,3,4,3,3,2,4,-99, , ,-99, , ,-99, , ,"When it comes to Covid-19, I don't want to discuss anything. I only know that it has done me great harm. I hate that virus.", , ,1,11,13, ,11,8, ,12,10, ,4,16,16,4,26,1,1,1,1, , ,26,1,4
2/14/2024 3:09:21,2/14/2024 3:11:44,100,142,1,2/14/2024 3:11:45,R_1HoWSUhBRVzk1yh,37.1867,-84.9824,EN,1,96,1,3,7,7,5,5,7,7,4,4,6,4,2,4, , , ,1, , ,6, , ,6, , ,1, , , , ,6, , ,3,-99, , , , , , , , ,1,4,2,3,3,5,3,7, , ,2, , ,3, , ,1,1,4,2,3,3,1,3,4,1,1, , ,4, , ,4, , , , , ,1,14,14, ,14,8, ,15,10, ,6,16,16,4,26, , , ,1, , ,26,1,4
2/14/2024 3:50:22,2/14/2024 3:54:14,100,231,1,2/14/2024 3:54:14,R_3MP1V2FwGtiXEA1,37.6199,-87.0542,EN,1,71,1,2,5,2,4,4,6,3,6,7,4,6,1,5, , , ,1, , ,6, , ,2, , ,1, , , , ,3, , ,2,-99, , , , , , , , ,1,2,5,3,2,6,4,1, , ,6, , ,6, , ,1,3,3,1,4,3,1,1,2,2,1, , ,2, , ,4, , , , , ,1,13,13, ,10,10, ,14,9, ,7,16,16,4,25, , , , , , ,26,1,4
2/19/2024 6:12:26,2/19/2024 6:14:47,100,141,1,2/19/2024 6:14:48,R_1uTFeb4p2WxDBVc,37.6199,-87.0542,EN,1,57,1,3,6,2,6,4,7,2,2,4,5,2,1,1, , , , , , ,-99, , ,-99, , ,2, , , , ,2, , ,1,1, , , , , , , , ,1,6,3,1,3,5,3, , , , , , , , , ,2,4,2,1,1,1,3,2,4,2,-99, , ,-99, , ,-99, , , , , ,1,11,14, ,13,8, ,16,6, ,6,16,16,4,25, , , , , , ,26,1,4
2/28/2024 11:17:52,2/28/2024 11:25:35,100,463,1,2/28/2024 11:25:35,R_1mYpodhMzKiLrCV,42.3575,-83.2162,EN,1,99,1,6,6,5,6,6,2,6,6,7,6,6,2,2,Mental health services great need and few qualified providers,9,1, , , ,-99, , ,-99, , ,2, , , , ,3,No,8,3,-99, , , , , , , , ,1,4,5,5,7,6,4, , , , , , , , , ,1,4,4,1,4,1,1,4,4,1,-99, , ,-99, , ,-99, , ,No, , ,1,13,13, ,17,11, ,12,4, ,7,15 years,15,3,26,1,1, , , , ,26,1,3
2/28/2024 11:52:47,2/28/2024 12:05:44,100,776,1,2/28/2024 12:05:45,R_3WxEgLQ9YupQSFb,39.8335,-84.8983,EN,1,99,1,3,3,5,7,6,3,7,5,7,7,6,6,7,Mental Health,9, , ,Self care education and awareness,0,7,Access to resources in the outlying communities,5,-99, , ,1,Lack of accessible resources for wellness and self care,8,I offered programs in our local library and schools,3,5,Lack of education and resources for coping and self care especially for youth,8,2,-99, , , , , , ,Services are not provided,2,1,6,5,6,7,7,7, , , , , , , , , ,4,4,4,4,4,4,4,4,4,4,-99, , ,-99, , ,-99, , ,No, , ,1,13,13, ,17,9, ,13,4, ,4,15 years,15,3,26,1,1, , , , ,26,1,3
2/13/2024 17:15:39,2/13/2024 17:25:20,100,581,1,2/13/2024 17:25:20,R_6mO1YLwJj2L2A0h,25.9092,-80.3927,EN,1,57,1,4,3,4,3,5,4,5,6,3,5,2,3,6, , , , , , ,-99, , ,-99, , ,1, , , , ,5, , ,1,2, , , , , , , , ,2,-99,-99,-99,-99,-99,-99, , , , , , , , , ,3,3,2,2,2,2,3,2,4,3,4, , ,2, , ,3, , , , , ,1,14,13, ,13,9, ,12,4, ,5,15 years,15,3,26,1,1, , , , ,26,1,3
2/27/2024 8:00:58,2/27/2024 8:05:08,100,249,1,2/27/2024 8:05:08,R_5EXtTtCGfDLEFRc,25.7689,-80.1946,EN,1,59,1,2,2,6,3,4,4,5,3,5,6,6,6,6, , , , , , ,-99, , ,-99, , ,2, , , , ,3, , ,1,1, , , , , , , , ,1,5,2,2,5,3,5, , , , , , , , , ,2,2,2,1,2,3,3,2,4,2,-99, , ,-99, , ,-99, , , , , ,2,11,13, ,10,10, ,12,4, ,5,15 years,15,3,26,1,1, , , , ,26,1,3
2/14/2024 22:53:28,2/14/2024 22:55:29,100,121,1,2/14/2024 22:55:30,R_7ZC5NxGMQC09qkg,38.8892,-76.9417,EN,1,76,1,4,2,6,2,4,6,7,2,5,7,7,6,6, , , , , , ,-99, , ,-99, , ,2, , , , ,6, , ,1,1, , , , , , , , ,1,4,6,6,3,5,4,1, , ,1, , ,1, , ,4,2,3,4,3,2,3,2,2,2,-99, , ,-99, , ,-99, , , , , ,1,11,13, ,16,11, ,12,4, ,5,15  years,15,3,26,1,1,1,1, , ,26,1,3
2/14/2024 22:58:00,2/14/2024 22:59:40,100,100,1,2/14/2024 22:59:41,R_3Rvs6W5Kr17azSx,39.6491,-75.5155,EN,1,79,1,6,2,5,3,5,5,6,6,5,6,4,5,2, , , , , , ,-99, , ,-99, , ,2, , , , ,7, , ,1,1, , , , , , , , ,1,5,6,6,7,6,7, , , , , , , , , ,4,3,4,4,3,3,3,3,3,4,-99, , ,-99, , ,-99, , , , , ,1,11,13, ,14,12, ,12,5, ,6,15  years,15,3,26,1,1,1,1, , ,26,1,3
2/14/2024 23:00:01,2/14/2024 23:01:40,100,99,1,2/14/2024 23:01:41,R_1jCgrY77T4oLMJR,32.1545,-90.1301,EN,1,92,1,5,6,2,3,5,2,6,4,5,2,4,5,4, , , , , , ,-99, , ,-99, , ,2, , , , ,2, , ,1,1, , , , , , , , ,2,-99,-99,-99,-99,-99,-99, , , , , , , , , ,3,2,2,1,1,2,2,3,2,2,-99, , ,-99, , ,-99, , , , , ,1,12,13, ,11,12, ,12,6, ,7,15  years,15,3,26,1,1,1,1, , ,26,1,3
2/13/2024 19:03:12,2/13/2024 19:06:21,100,189,1,2/13/2024 19:06:22,R_1TWYigKOvgicLg2,40.0265,-79.5566,EN,1,98,1,6,4,6,4,4,5,7,7,4,4,4,7,4, , , , , , ,-99, , ,-99, , ,2, , , , ,7, , ,1,1, , , , , , , , ,1,6,3,2,5,3,7,1, , ,1, , ,1, , ,3,4,3,4,3,4,4,4,4,4,-99, , ,-99, , ,-99, , , , , ,1,13,13, ,16,11, ,12,5, ,6,15   years,15,3,26,1,1,1,1, , ,26,1,3
2/13/2024 19:25:30,2/13/2024 19:27:41,100,130,1,2/13/2024 19:27:41,R_1dhPvSgsuJUblFU,40.0172,-75.0883,EN,1,56,1,2,7,6,5,7,5,7,5,6,5,2,3,3, , , , , , ,-99, , ,-99, , ,2, , , , ,7, , ,1,1, , , , , , , , ,1,6,7,5,5,6,7, , , , , , , , , ,3,2,2,4,2,3,2,4,4,2,-99, , ,-99, , ,-99, , , , , ,1,11,13, ,16,12, ,12,7, ,5,15   years,15,3,26,1,1,1,1, , ,26,1,3
3/2/2024 23:13:57,3/2/2024 23:22:29,100,511,1,3/2/2024 23:22:30,R_7Q5RrQ9VhwVNd6u,37.1835,-121.7714,EN,1,56,1,7,4,4,6,4,3,6,4,4,5,3,4,2,safety first,1, ,6,convenient transportation,0,5,food hygiene,0,-99, , ,2, , , , ,5, , ,1,1,I've used all of these services., ,very happy,2, , , , ,1,7,6,7,6,5,6,6, , ,5, , ,6, , ,4,4,3,4,4,3,3,4,2,4,4, , ,3, , ,3, , ,"Yeah, I don't know what to do with myself.", , ,1,11,13, ,16,10, ,13,4, ,4,15,15,3,26,1,1,1, , , ,26,1,3
2/13/2024 17:57:19,2/13/2024 18:00:08,100,168,1,2/13/2024 18:00:08,R_53vhjvo4M8VnfE0,38.9206,-76.8787,EN,1,55,1,7,5,7,6,7,6,5,6,5,6,4,6,5, , , , , , ,-99, , ,-99, , ,1, , , , ,1, , ,1,1, , , , , , , , ,1,6,7,5,7,7,5,1, , ,1, , ,1, , ,2,3,3,2,3,4,3,3,3,3,1, , ,1, , ,1, , , , , ,1,11,12, ,14,12, ,13,5, ,5,15,15,3,26,1,1,1,1, , ,26,1,3
2/14/2024 3:13:10,2/14/2024 3:26:55,100,825,1,2/14/2024 3:26:56,R_70H5UHRj3CThEXn,38.1608,-85.7807,EN,1,70,1,7,3,4,6,3,7,4,3,7,5,2,4,4, , , ,2, , ,4, , ,6, , ,1, , , , ,4, , ,3,-99, , , , , , , , ,1,5,4,6,7,7,4,4, , ,7, , ,7, , ,3,4,3,2,2,3,3,4,2,3,2, , ,3, , ,4, , , , , ,1,14,15, ,15,11, ,12,4, ,4,15,15,3,25, , , , , , ,26,1,3
2/14/2024 3:50:48,2/14/2024 4:06:32,100,944,1,2/14/2024 4:06:32,R_39bHKppSTPR9NNS,38.0052,-84.423,EN,1,97,1,4,2,6,5,5,7,2,7,4,3,4,7,2, , , ,6, , ,4, , ,3, , ,1, , , , ,1, , ,1,1, , , , , , , , ,1,4,4,7,4,4,3,5, , ,1, , ,6, , ,2,3,2,2,1,3,3,3,3,3,1, , ,3, , ,4, , , , , ,1,12,13, ,14,12, ,15,5, ,6,15,15,3,25, , , , , , ,26,1,3
2/14/2024 4:07:24,2/14/2024 4:14:05,100,400,1,2/14/2024 4:14:05,R_3hDQPtMQwGqdRNy,38.0076,-85.6921,EN,1,63,1,6,4,3,5,2,5,1,3,2,5,1,6,5, , , ,5, , ,3, , ,2, , ,1, , , , ,1, , ,2,-99, , , , , , , , ,1,4,6,5,5,3,6,1, , ,4, , ,5, , ,2,3,2,3,2,2,3,3,1,3,3, , ,3, , ,2, , , , , ,1,13,13, ,13,11, ,13,4, ,5,15,15,3,26,1, , , , , ,26,1,3
2/19/2024 4:44:25,2/19/2024 4:48:02,100,216,1,2/19/2024 4:48:02,R_7dxV8mGfSHaTvxR,38.0012,-84.5325,EN,1,69,1,1,3,3,1,6,3,5,3,3,3,1,4,4, , , , , , ,-99, , ,-99, , ,2, , , , ,2, , ,1,1, , , , , , , , ,3,6,3,5,6,5,3, , , , , , , , , ,4,3,2,2,2,2,4,2,4,2,-99, , ,-99, , ,-99, , , , , ,2,13,12, ,11,13, ,14,10, ,7,15,15,3,26,1, ,1,1, , ,26,1,3
2/19/2024 4:53:26,2/19/2024 4:56:23,100,177,1,2/19/2024 4:56:24,R_1Eo6JvtlL50ADpu,37.9851,-84.1724,EN,1,63,1,4,4,3,5,1,3,6,4,5,4,3,4,6, , , , , , ,-99, , ,-99, , ,-99, , , , ,3, , ,2,-99, , , , , , , , ,1,6,2,4,4,4,3,1, , ,1, , ,1, , ,4,2,2,2,3,1,4,2,2,3,-99, , ,-99, , ,-99, , , , , ,2,13,12, ,13,10, ,16,8, ,6,15,15,3,26,1, ,1, , , ,26,1,3
2/19/2024 4:57:07,2/19/2024 5:01:16,100,248,1,2/19/2024 5:01:16,R_34Ctp0aFF4iqJa3,38.6583,-77.2481,EN,1,99,1,2,3,2,6,4,4,4,2,7,5,5,5,2, , , , , , ,-99, , ,-99, , ,1, , , , ,5, , ,2,-99, , , , , , , , ,1,6,2,3,6,5,3, , , , , , , , , ,2,4,2,4,2,2,3,2,3,4,-99, , ,-99, , ,-99, , , , , ,1,14,13, ,12,10, ,14,8, ,8,15,15,3,26, , , ,1, , ,26,1,3
2/19/2024 6:40:23,2/19/2024 6:44:58,100,275,1,2/19/2024 6:44:59,R_5X2qaoHcTDe6QO5,38.2577,-85.7098,EN,1,58,1,3,4,3,3,3,2,2,5,4,7,2,3,1, , , , , , ,-99, , ,-99, , ,2, , , , ,3, , ,1,1, , , , , , , , ,1,6,2,6,4,1,6, , , , , , , , , ,2,4,2,2,2,3,3,4,3,3,-99, , ,-99, , ,-99, , , , , ,1,16,12, ,15,11, ,12,7, ,9,15,15,3,26,1,1, ,1, , ,26,1,3
2/19/2024 6:49:15,2/19/2024 7:01:59,100,764,1,2/19/2024 7:02:00,R_5xz30cER4OdeDej,38.0414,-84.5494,EN,1,64,1,6,4,4,6,3,3,7,2,2,5,4,6,4, , , , , , ,-99, , ,-99, , ,2, , , , ,6, , ,1,1, , , , , , , , ,1,3,4,2,5,4,4,1,NA, ,1,NA, ,1,NA, ,2,4,3,1,2,3,4,3,2,2,-99, , ,-99, , ,-99, , , , , ,2,14,12, ,11,10, ,14,9, ,7,15,15,3,26,1,1, , , , ,26,1,3
2/20/2024 21:37:20,2/20/2024 21:51:10,100,829,1,2/20/2024 21:51:10,R_1oAzsBPVTzzsufT,34.0544,-118.2441,EN,1,57,1,5,4,5,6,5,5,5,6,5,4,4,5,6, , , , , , ,-99, , ,-99, , ,2, , , , ,5,The community needs more volunteer services.,1,2,-99, , , , , , ,The amount of library information is limited.,2,1,6,5,3,6,6,3,4, , ,3, , ,2, , ,4,4,2,4,4,4,4,4,2,4,-99, , ,-99, , ,-99, , ,Safety and security in public places, , ,2,10,12, ,14,11, ,12,4, ,4,15,15,3,26,1, ,1, , , ,26,1,3
2/13/2024 22:09:48,2/13/2024 22:11:40,100,112,1,2/13/2024 22:11:41,R_7Kn7fOKNVXXPPhv,34.0014,-84.0144,EN,1,99,1,7,4,4,5,6,5,5,4,5,6,5,6,5, , , , , , ,-99, , ,-99, , ,2, , , , ,7, , ,1,1, , , , , , , , ,1,5,6,7,7,7,6, , , , , , , , , ,3,3,3,4,3,3,4,3,3,3,-99, , ,-99, , ,-99, , , , , ,1,13,13, ,17,11, ,12,4, ,7,14 years,14,3,26,1,1,1, , , ,26,1,3
2/13/2024 22:26:22,2/13/2024 22:28:16,100,114,1,2/13/2024 22:28:16,R_5fGEKYucYcqWhWr,42.5418,-83.213,EN,1,87,1,5,3,6,6,5,5,4,5,6,3,3,5,4, , , , , , ,-99, , ,-99, , ,2, , , , ,1, , ,2,-99, , , , , , , , ,2,-99,-99,-99,-99,-99,-99, , , , , , , , , ,3,2,1,1,1,2,2,1,2,2,-99, , ,-99, , ,-99, , , , , ,1,12,12, ,16,9, ,12,5, ,5,14   years,14,3,26,1,1,1, , , ,26,1,3
2/14/2024 3:50:20,2/14/2024 4:06:25,100,964,1,2/14/2024 4:06:26,R_7zHeUWEs9v5PXuV,37.2249,-85.7542,EN,1,97,1,7,5,6,6,5,6,2,3,2,1,4,3,3, , , ,4, , ,2, , ,6, , ,2, , , , ,5, , ,2,-99, , , , , , , , ,1,4,6,2,3,1,1,1, , ,2, , ,2, , ,4,1,3,2,2,3,3,2,3,3,1, , ,2, , ,2, , , , , ,1,13,14, ,11,13, ,13,6, ,5,14,14,3,26,1, , , , , ,26,1,3
2/14/2024 4:07:22,2/14/2024 4:14:20,100,417,1,2/14/2024 4:14:20,R_56h60A5oDwgC7MR,37.751,-97.822,EN,1,91,1,6,3,2,6,4,3,5,1,2,3,3,4,6, , , ,1, , ,4, , ,7, , ,2, , , , ,2, , ,1,1, , , , , , , , ,2,-99,-99,-99,-99,-99,-99, , , , , , , , , ,2,1,3,3,3,4,1,2,2,4,3, , ,2, , ,3, , , , , ,2,15,15, ,17,12, ,14,4, ,5,14,14,3,25, , , , , , ,26,1,3
2/14/2024 4:15:19,2/14/2024 4:19:03,100,224,1,2/14/2024 4:19:04,R_1TosXkPKTKPiOYT,38.0076,-85.6921,EN,1,100,1,6,2,3,2,6,4,3,7,6,6,5,2,4, , , ,5, , ,7, , ,2, , ,1, , , , ,2, , ,2,-99, , , , , , , , ,1,1,4,7,5,6,5,6, , ,5, , ,4, , ,2,2,2,1,3,4,4,3,4,3,2, , ,2, , ,4, , , , , ,1,15,13, ,11,9, ,13,5, ,6,14,14,3,25, , , , , , ,26,1,3
2/19/2024 4:49:04,2/19/2024 4:52:31,100,206,1,2/19/2024 4:52:31,R_7kEMPWU6wOfPaDX,38.0052,-84.423,EN,1,67,1,3,1,1,4,4,5,2,6,6,3,2,4,4, , , , , , ,-99, , ,-99, , ,1, , , , ,5, , ,1,1, , , , , , , , ,1,5,3,4,5,3,3, , , , , , , , , ,2,1,2,2,1,1,2,3,1,1,-99, , ,-99, , ,-99, , , , , ,1,11,12, ,13,9, ,13,11, ,8,14,14,3,26, ,1, , , , ,26,1,3
2/19/2024 4:53:28,2/19/2024 4:56:07,100,159,1,2/19/2024 4:56:08,R_1OJFn6T9EdygTGi,36.802,-87.8286,EN,1,92,1,2,3,5,1,5,4,6,4,4,5,4,6,3, , , , , , ,-99, , ,-99, , ,2, , , , ,5, , ,2,-99, , , , , , , , ,1,2,3,3,3,7,1,1, , ,1, , ,1, , ,4,2,2,2,3,3,3,2,2,2,-99, , ,-99, , ,-99, , , , , ,2,12,12, ,13,11, ,14,7, ,9,14,14,3,26,1, , ,1, , ,26,1,3
2/19/2024 5:58:42,2/19/2024 6:02:31,100,229,1,2/19/2024 6:02:32,R_3r6SNXd79yNOHjH,37.2983,-83.1912,EN,1,69,1,6,6,5,3,1,3,2,3,7,5,2,2,4, , , , , , ,-99, , ,-99, , ,2, , , , ,3, , ,1,2, , , , , , , , ,3,6,3,3,6,3,6, , , , , , , , , ,4,3,3,3,4,3,2,2,2,3,-99, , ,-99, , ,-99, , , , , ,2,14,12, ,9,11, ,13,9, ,8,14,14,3,25, , , , , , ,26,1,3
2/19/2024 6:03:41,2/19/2024 6:05:49,100,128,1,2/19/2024 6:05:50,R_6XuJ4XQJI1cx55v,38.6583,-77.2481,EN,1,60,1,1,2,4,7,2,3,2,6,2,5,6,2,3, , , , , , ,-99, , ,-99, , ,2, , , , ,3, , ,1,1, , , , , , , , ,1,3,6,6,3,5,2, , , , , , , , , ,2,1,3,1,2,1,3,4,1,2,-99, , ,-99, , ,-99, , , , , ,2,13,13, ,13,13, ,14,8, ,8,14,14,3,26, ,1, ,1, , ,26,1,3
2/19/2024 6:22:02,2/19/2024 6:25:42,100,219,1,2/19/2024 6:25:43,R_1zl54MLWP4ip5Ed,38.3048,-85.5865,EN,1,62,1,2,5,2,6,3,4,5,5,3,6,7,4,4, , , , , , ,-99, , ,-99, , ,2, , , , ,5, , ,1,1, , , , , , , , ,3,2,1,5,6,4,6,1,NA, ,1,NA, ,1,NA, ,2,2,2,3,4,2,3,2,2,3,-99, , ,-99, , ,-99, , , , , ,1,12,13, ,12,11, ,12,9, ,5,14,14,3,26,1,1, , , , ,26,1,3
2/14/2024 22:15:43,2/14/2024 22:18:35,100,171,1,2/14/2024 22:18:35,R_60CrnZMPgXWqzl8,36.1732,-85.4536,EN,1,60,1,2,2,3,1,1,2,1,1,3,2,2,2,3, , , , , , ,-99, , ,-99, , ,2, , , , ,2, , ,1,1, , , , , , , , ,2,-99,-99,-99,-99,-99,-99, , , , , , , , , ,3,1,2,2,2,2,2,2,1,1,-99, , ,-99, , ,-99, , , , , ,1,13,12, ,14,9, ,12,7, ,5,13  years,13,3,26, ,1,1,1, , ,26,1,3
2/19/2024 5:43:31,2/19/2024 5:46:52,100,200,1,2/19/2024 5:46:52,R_7IRkH6LwsqqCJQ5,37.5197,-82.5228,EN,1,69,1,2,6,5,3,6,3,6,4,7,7,6,2,1, , , , , , ,-99, , ,-99, , ,2, , , , ,4, , ,1,1, , , , , , , , ,2,-99,-99,-99,-99,-99,-99, , , , , , , , , ,2,1,2,3,1,2,3,1,3,2,-99, , ,-99, , ,-99, , , , , ,2,14,13, ,15,10, ,12,6, ,9,13,13,3,26,1, ,1, , , ,26,1,3
2/19/2024 6:49:17,2/19/2024 7:00:14,100,656,1,2/19/2024 7:00:14,R_1knvtv1H9Fruqlv,38.3048,-85.5865,EN,1,59,1,3,5,2,2,4,5,3,6,5,4,3,3,4, , , , , , ,-99, , ,-99, , ,2, , , , ,4, , ,2,-99, , , , , , , , ,1,1,2,6,1,7,6,1,NA, ,1,NA, ,1,NA, ,4,2,3,2,2,3,3,4,1,3,1,NA, ,1,NA, ,1,NA, ,NA, , ,2,12,13, ,10,9, ,15,10, ,7,13,13,3,26,1,1,1, , , ,26,1,3
2/13/2024 20:30:05,2/13/2024 20:32:37,100,151,1,2/13/2024 20:32:38,R_5HZ2ZvxmESZU6FH,18.5505,-69.805,EN,1,98,1,6,7,7,6,6,4,4,4,5,6,4,7,5, , , , , , ,-99, , ,-99, , ,2, , , , ,7, , ,1,1, , , , , , , , ,1,6,7,7,7,6,5, , , , , , , , , ,2,3,4,3,3,3,4,3,3,4,-99, , ,-99, , ,-99, , , , , ,1,11,13, ,14,12, ,13,5, ,5,12years,12,3,26,1,1,1,1, , ,26,1,3
3/6/2024 1:18:46,3/6/2024 1:33:26,100,879,1,3/6/2024 1:33:26,R_1V8isrPLaGGnJBL,37.1835,-121.7714,EN,1,61,1,7,4,3,7,4,4,5,5,1,2,5,6,5,Public safety and housing are the most important because they are the most fundamental,1,4, , , ,-99, , ,-99, , ,2, , , , ,3,"COVID pandemic has a certain impact, but not significant",8,2,-99, , , , , , ,"I don't know what services the library offers, and no one told me about it",4,1,3,3,4,5,6,5, , , , , , , , , ,3,3,3,3,3,2,1,3,4,3,-99, , ,-99, , ,-99, , ,The COVID prevented me from going to the public library, , ,1,11,12, ,16,11, ,12,8, ,5,12 years,12,3,26, , , ,1, , ,26,1,3
2/13/2024 17:15:18,2/13/2024 17:24:28,100,550,1,2/13/2024 17:24:28,R_7moVTrfjJ5X1S7L,41.7405,-87.6587,EN,1,55,1,4,5,3,3,4,5,3,7,7,6,5,4,3,Cultural diversity,13, , , , ,-99, , ,-99, , ,1, , , , ,4, , ,2,-99, , , , , , , , ,1,5,5,3,5,5,6,3, , ,5, , ,3, , ,3,4,2,3,4,2,2,2,4,3,-99, , ,-99, , ,-99, , , , , ,1,12,14, ,13,10, ,12,5, ,5,12 years,12,3,26, ,1, ,1, , ,26,1,3
2/14/2024 22:19:27,2/14/2024 22:21:39,100,132,1,2/14/2024 22:21:39,R_3h2HCj4BUjhQizL,40.5511,-74.4606,EN,1,62,1,6,6,6,4,5,6,7,4,5,6,5,6,6, , , , , , ,-99, , ,-99, , ,2, , , , ,6, , ,1,1, , , , , , , , ,1,4,6,7,6,7,6, , , , , , , , , ,4,4,3,4,3,4,2,4,2,4,-99, , ,-99, , ,-99, , , , , ,1,11,12, ,16,9, ,12,5, ,4,12 years,12,3,26,1,1,1,1, , ,26,1,3
2/14/2024 23:42:58,2/14/2024 23:45:01,100,122,1,2/14/2024 23:45:01,R_5WuP2KzYxwaMEz7,42.6193,-82.961,EN,1,97,1,7,7,4,2,6,6,3,6,2,3,7,7,7, , , , , , ,-99, , ,-99, , ,2, , , , ,7, , ,1,1, , , , , , , , ,1,4,5,5,4,4,6,1, , ,1, , ,1, , ,2,3,4,3,3,2,3,2,4,2,-99, , ,-99, , ,-99, , , , , ,1,12,13, ,13,12, ,13,5, ,5,12 years,12,3,26,1,1,1,1, , ,26,1,3
2/23/2024 8:22:49,2/23/2024 8:27:36,100,287,1,2/23/2024 8:27:37,R_7IfpjcUEePVreqB,37.5197,-82.5228,EN,1,81,1,7,7,6,7,7,6,7,6,7,6,6,7,6, , , , , , ,-99, , ,-99, , ,2, , , , ,4, , ,1,2, , , , , , , , ,1,4,3,6,3,4,6, , , , , , , , , ,2,1,2,3,2,1,2,4,3,3,-99, , ,-99, , ,-99, , , , , ,1,15,13, ,15,9, ,12,8, ,7,12 years,12,3,26,1,1, , , , ,26,1,3
2/23/2024 8:28:44,2/23/2024 8:44:02,100,917,1,2/23/2024 8:44:02,R_1qwhZjNOiTqjNs3,38.2181,-84.8788,EN,1,65,1,3,2,3,4,2,3,4,4,3,6,6,4,3, , , , , , ,-99, , ,-99, , ,2, , , , ,4, , ,1,1, , , , , , , , ,1,7,5,6,4,3,2,1, , ,1, , ,1, , ,2,2,4,2,1,2,3,3,2,4,-99, , ,-99, , ,-99, , , , , ,1,14,12, ,14,12, ,15,10, ,7,12 years,12,3,26,1,1, , , , ,26,1,3
2/27/2024 8:00:58,2/27/2024 8:04:55,100,237,1,2/27/2024 8:04:56,R_7PoBW28KIBP13Fo,34.0544,-118.2441,EN,1,69,1,7,5,5,5,5,5,6,4,6,5,5,5,5, , , , , , ,-99, , ,-99, , ,2, , , , ,3, , ,1,1, , , , , , , , ,1,5,3,5,3,4,4, , , , , , , , , ,1,3,3,3,2,3,4,3,2,1,-99, , ,-99, , ,-99, , , , , ,1,12,13, ,10,9, ,13,4, ,4,12 years,12,3,25, , , , , , ,26,1,3
2/27/2024 8:06:14,2/27/2024 8:10:24,100,250,1,2/27/2024 8:10:24,R_7C9HcAoC05lQdWN,37.3372,-121.798,EN,1,92,1,5,4,6,5,5,1,1,2,5,4,4,3,4, , , , , , ,-99, , ,-99, , ,2, , , , ,4, , ,1,1, , , , , , , , ,1,3,5,5,2,3,4, , , , , , , , , ,3,3,3,1,2,4,3,4,2,4,-99, , ,-99, , ,-99, , , , , ,1,14,12, ,10,11, ,13,6, ,6,12 years,12,3,26,1,1, , , , ,26,1,3
2/13/2024 19:07:04,2/13/2024 19:10:07,100,183,1,2/13/2024 19:10:07,R_57JzpTmVBEsQr5F,30.45,-81.6624,EN,1,4,1,5,6,5,5,5,5,4,4,5,6,7,7,5, , , , , , ,-99, , ,-99, , ,2, , , , ,7, , ,1,1, , , , , , , , ,1,6,6,5,6,6,7, , , , , , , , , ,3,4,3,3,4,4,3,4,3,3,-99, , ,-99, , ,-99, , , , , ,1,13,13, ,17,8, ,15,6, ,5,12  years,12,3,26,1,1,1,1, , ,26,1,3
2/14/2024 22:29:46,2/14/2024 22:31:48,100,122,1,2/14/2024 22:31:48,R_60Mf5SKX5vUASJF,42.4125,-71.0034,EN,1,65,1,2,3,1,3,2,3,1,4,3,2,1,1,1, , , , , , ,-99, , ,-99, , ,2, , , , ,1, , ,1,1, , , , , , , , ,2,-99,-99,-99,-99,-99,-99, , , , , , , , , ,3,2,1,3,3,3,2,3,3,2,-99, , ,-99, , ,-99, , , , , ,-99,13,13, ,14,12, ,13,5, ,5,12  years,12,3,26,1,1,1,1, , ,26,0,3
2/13/2024 20:05:32,2/13/2024 20:07:33,100,121,1,2/13/2024 20:07:34,R_7oBp1VPbjPGCYg7,25.7277,-80.3716,EN,1,61,1,3,4,3,4,3,6,7,5,2,4,7,6,6, , , , , , ,-99, , ,-99, , ,2, , , , ,7, , ,1,1, , , , , , , , ,1,5,6,7,7,6,6, , , , , , , , , ,3,4,4,4,4,3,4,3,3,4,-99, , ,-99, , ,-99, , , , , ,1,11,13, ,16,9, ,12,5, ,4,12   years,12,3,26,1,1,1,1, , ,26,1,3
2/13/2024 21:36:34,2/13/2024 21:38:41,100,127,1,2/13/2024 21:38:42,R_5y3ePmosr58fz47,27.9623,-81.9375,EN,1,89,1,4,6,6,4,3,5,6,4,6,6,2,4,6, , , , , , ,-99, , ,-99, , ,2, , , , ,7, , ,1,1, , , , , , , , ,1,6,4,5,6,6,7, , , , , , , , , ,2,4,4,3,2,3,3,2,3,2,-99, , ,-99, , ,-99, , , , , ,1,12,13, ,16,11, ,12,4, ,5,12   years,12,3,26,1,1,1, , , ,26,1,3
2/13/2024 22:49:41,2/13/2024 22:52:21,100,160,1,2/13/2024 22:52:22,R_71seIVS08opOWIY,32.7537,-96.8367,EN,1,61,1,5,5,7,2,5,3,3,7,4,7,5,4,3, , , , , , ,-99, , ,-99, , ,2, , , , ,7, , ,1,1, , , , , , , , ,1,5,6,6,7,6,5, , , , , , , , , ,4,2,3,4,4,4,3,3,3,4,-99, , ,-99, , ,-99, , , , , ,1,12,13, ,14,12, ,12,5, ,5,12   years,12,3,26,1,1,1, , , ,26,1,3
2/13/2024 17:15:34,2/13/2024 17:25:07,100,573,1,2/13/2024 17:25:08,R_5dicQ5gUwujH9jU,35.6679,-97.4795,EN,1,4,1,3,4,4,6,4,3,5,5,5,3,5,6,5,Public education,5, , , , ,-99, , ,-99, , ,1, , , , ,2, , ,2,-99, , , , , , , , ,1,6,4,2,6,5,6,4, , ,4, , ,6, , ,3,4,2,4,4,3,3,2,4,3,-99, , ,-99, , ,-99, , , , , ,1,14,12, ,15,8, ,13,5, ,5,12,12,3,26,1, , , , , ,26,1,3
2/14/2024 3:09:24,2/14/2024 3:11:40,100,136,1,2/14/2024 3:11:41,R_77P9RaqiDloqGyg,36.7445,-84.1399,EN,1,64,1,4,6,4,5,3,4,3,3,2,5,4,5,3, , , ,7, , ,3, , ,2, , ,2, , , , ,1, , ,3,-99, , , , , , , , ,1,4,3,2,4,6,2,3, , ,2, , ,5, , ,3,2,2,4,1,2,1,2,3,2,3, , ,3, , ,2, , , , , ,1,13,15, ,17,12, ,15,4, ,5,12,12,3,26,1, , , , , ,26,1,3
2/14/2024 3:45:37,2/14/2024 3:49:11,100,213,1,2/14/2024 3:49:11,R_6ISLJKguLvwMVte,38.3048,-85.5865,EN,1,92,1,4,4,6,4,2,3,4,7,2,2,5,5,2, , , ,6, , ,2, , ,3, , ,1, , , , ,3, , ,1,1, , , , , , , , ,2,-99,-99,-99,-99,-99,-99, , , , , , , , , ,1,3,3,4,4,3,3,2,1,1,1, , ,2, , ,4, , , , , ,1,12,15, ,11,11, ,14,7, ,6,12,12,3,25, , , , , , ,26,1,3
2/14/2024 5:04:41,2/14/2024 5:12:30,100,468,1,2/14/2024 5:12:30,R_31nz8SInmmTqRQJ,38.7704,-84.5983,EN,1,87,1,6,1,2,3,4,5,3,5,7,3,2,6,2, , , ,2, , ,5, , ,1, , ,1, , , , ,5, , ,3,-99, , , , , , , , ,1,6,1,5,5,3,4,3, , ,3, , ,3, , ,3,1,2,2,3,3,1,2,3,3,3, , ,1, , ,2, , , , , ,1,13,13, ,11,9, ,14,10, ,4,12,12,3,25, , , , , , ,26,1,3
2/14/2024 5:16:06,2/14/2024 5:27:41,100,694,1,2/14/2024 5:27:42,R_6ov8JfiL48DRM8m,38.1405,-85.6936,EN,1,91,1,3,2,3,5,3,6,1,3,6,1,2,6,3, , , ,7, , ,6, , ,7, , ,2, , , , ,3, , ,2,-99, , , , , , , , ,2,-99,-99,-99,-99,-99,-99, , , , , , , , , ,2,3,2,2,3,4,4,2,2,3,1, , ,1, , ,3, , , , , ,1,11,14, ,14,14, ,13,4, ,5,12,12,3,25, , , , , , ,26,1,3
2/19/2024 4:44:29,2/19/2024 4:47:52,100,202,1,2/19/2024 4:47:53,R_5G4dLbOUFFNUuQ1,38.2655,-85.5621,EN,1,87,1,1,3,4,2,2,6,6,6,2,7,3,6,3, , , , , , ,-99, , ,-99, , ,2, , , , ,4, , ,1,1, , , , , , , , ,1,4,4,6,5,7,6,1, , ,1, , ,1, , ,2,2,3,2,2,2,2,3,2,2,-99, , ,-99, , ,-99, , , , , ,1,12,13, ,13,10, ,12,6, ,7,12,12,3,25, , , , , , ,26,1,3
2/19/2024 4:53:30,2/19/2024 4:56:02,100,152,1,2/19/2024 4:56:02,R_7Ey0lA6lKPV7gBq,38.8873,-84.6311,EN,1,99,1,2,2,4,1,5,3,1,2,7,7,7,1,6, , , , , , ,-99, , ,-99, , ,2, , , , ,5, , ,2,-99, , , , , , , , ,2,-99,-99,-99,-99,-99,-99, , , , , , , , , ,2,2,2,2,3,2,4,3,4,3,-99, , ,-99, , ,-99, , , , , ,1,12,13, ,15,11, ,13,9, ,4,12,12,3,25, , , , , , ,26,1,3
2/19/2024 6:12:24,2/19/2024 6:15:36,100,191,1,2/19/2024 6:15:36,R_3e20hCaeEHFZrAm,38.0012,-84.5325,EN,1,62,1,7,5,4,2,4,3,5,4,5,2,2,7,5, , , , , , ,-99, , ,-99, , ,2, , , , ,6, , ,1,1, , , , , , , , ,1,4,3,6,3,3,2, , , , , , , , , ,1,4,1,3,2,3,3,2,2,2,-99, , ,-99, , ,-99, , , , , ,2,12,13, ,10,9, ,13,9, ,8,12,12,3,25, , , , , , ,26,1,3
2/19/2024 6:16:19,2/19/2024 6:19:03,100,164,1,2/19/2024 6:19:04,R_6lRoWhbS2ZdQ9T4,38.3927,-85.3859,EN,1,59,1,5,2,6,2,5,3,4,5,2,2,5,7,2, , , , , , ,-99, , ,-99, , ,2, , , , ,6, , ,1,1, , , , , , , , ,3,6,2,7,4,2,2, , , , , , , , , ,2,3,2,1,4,4,3,2,1,2,-99, , ,-99, , ,-99, , , , , ,2,13,13, ,13,13, ,13,7, ,5,12,12,3,25, , , , , , ,26,1,3
2/19/2024 6:26:58,2/19/2024 6:32:38,100,340,1,2/19/2024 6:32:38,R_5Mbtby8GycC0XXB,38.1405,-85.6936,EN,1,67,1,3,1,3,4,6,6,2,2,5,5,5,1,4, , , , , , ,-99, , ,-99, , ,1, , , , ,3, , ,1,2, , , , , , , , ,3,6,2,3,5,6,5, , , , , , , , , ,2,2,2,1,2,1,4,4,3,4,-99, , ,-99, , ,-99, , , , , ,1,10,13, ,15,8, ,12,5, ,6,12,12,3,25, , , , , , ,26,1,3
2/19/2024 6:34:13,2/19/2024 6:38:49,100,276,1,2/19/2024 6:38:50,R_6i83AYHdwobl2wp,38.1405,-85.6936,EN,1,61,1,5,6,3,1,5,5,6,3,1,5,5,3,5, , , , , , ,-99, , ,-99, , ,2, , , , ,3, , ,1,2, , , , , , , , ,1,6,1,6,6,5,3, , , , , , , , , ,2,3,3,4,3,2,3,1,4,3,-99, , ,-99, , ,-99, , , , , ,2,10,13, ,11,13, ,15,4, ,8,12,12,3,26, , ,1,1, , ,26,1,3
2/19/2024 6:49:15,2/19/2024 7:13:00,100,1424,1,2/19/2024 7:13:01,R_5DvvN1YGrd8xM5t,37.9055,-86.5237,EN,1,94,1,2,6,4,4,6,4,2,4,1,5,1,4,3, , , , , , ,-99, , ,-99, , ,2, , , , ,1, , ,2,-99, , , , , , , , ,2,-99,-99,-99,-99,-99,-99, , , , , , , , , ,3,3,1,2,1,3,3,3,2,2,-99, , ,-99, , ,-99, , , , , ,1,14,12, ,13,9, ,15,6, ,4,12,12,3,26,1,1, ,1, , ,26,1,3
2/27/2024 8:24:43,2/27/2024 8:28:22,100,218,1,2/27/2024 8:28:22,R_3t0v0Z3WTgOiisx,43.1661,-77.5555,EN,1,90,1,6,2,4,6,3,2,5,5,4,7,5,5,4, , , , , , ,-99, , ,-99, , ,1, , , , ,5, , ,2,-99, , , , , , , , ,2,-99,-99,-99,-99,-99,-99, , , , , , , , , ,4,2,2,3,2,3,4,2,3,1,-99, , ,-99, , ,-99, , , , , ,1,11,13, ,10,10, ,14,5, ,5,12,12,3,26,1,1, , , , ,26,1,3
2/13/2024 22:05:00,2/13/2024 22:07:03,100,122,1,2/13/2024 22:07:03,R_6vdQB7uBuKOJ4TD,39.8304,-89.6498,EN,1,67,1,6,7,7,7,4,4,6,6,6,5,4,6,5, , , , , , ,-99, , ,-99, , ,2, , , , ,7, , ,1,1, , , , , , , , ,1,4,6,7,6,6,6, , , , , , , , , ,4,3,4,4,3,3,3,4,4,4,-99, , ,-99, , ,-99, , , , , ,1,13,12, ,14,8, ,12,5, ,5,11   years,11,3,26,1,1,1,1, , ,26,1,3
2/13/2024 22:42:50,2/13/2024 22:44:50,100,119,1,2/13/2024 22:44:51,R_5R6NYxwFFvlnm6Z,42.6453,-73.7639,EN,1,91,1,7,7,6,4,6,7,6,5,5,4,6,4,6, , , , , , ,-99, , ,-99, , ,2, , , , ,7, , ,1,1, , , , , , , , ,1,6,7,7,6,6,5, , , , , , , , , ,3,2,3,4,3,3,3,4,3,3,-99, , ,-99, , ,-99, , , , , ,1,11,13, ,16,9, ,12,6, ,5,11   years,11,3,26,1,1,1, , , ,26,1,3
2/19/2024 5:34:06,2/19/2024 5:37:27,100,200,1,2/19/2024 5:37:27,R_5FhTkmoe7PZCsTa,37.019,-86.4537,EN,1,70,1,5,2,4,6,6,1,7,3,4,5,3,4,3, , , , , , ,-99, , ,-99, , ,2, , , , ,5, , ,1,1, , , , , , , , ,3,6,3,3,2,5,4, , , , , , , , , ,3,4,2,2,2,1,1,2,4,3,-99, , ,-99, , ,-99, , , , , ,1,15,14, ,13,8, ,12,6, ,6,11,11,3,25, , , , , , ,26,1,3
2/19/2024 5:43:29,2/19/2024 5:50:09,100,399,1,2/19/2024 5:50:10,R_7uUry0teeRfmHHa,38.2634,-85.673,EN,1,94,1,4,5,5,4,4,3,7,7,4,6,6,3,6, , , , , , ,-99, , ,-99, , ,2, , , , ,4, , ,1,1, , , , , , , , ,2,-99,-99,-99,-99,-99,-99, , , , , , , , , ,3,4,2,3,3,2,2,3,3,2,-99, , ,-99, , ,-99, , , , , ,1,15,12, ,15,11, ,14,5, ,4,11,11,3,25, , , , , , ,26,1,3
3/4/2024 21:58:23,3/4/2024 22:12:40,100,856,1,3/4/2024 22:12:40,R_5QDTG84NCTSBqQF,41.6718,-86.2136,EN,1,67,1,5,4,4,6,5,6,5,6,5,5,6,4,6,Medical care,8, ,6, , ,6, , ,6, , ,2, , , , ,5,yes, ,1,2, , , , , , ,complexity, ,1,5,4,5,6,6,7,5, , ,4, , ,5, , ,3,4,4,3,3,3,3,4,4,4,4, , ,4, , ,4, , ,yes, , ,1,12,12, ,15,13, ,12,4, ,5,10years,10,2,26, ,1, , , , ,26,1,2
3/4/2024 21:58:27,3/4/2024 22:13:03,100,876,1,3/4/2024 22:13:03,R_5XW1aupJsFxao8h,41.3458,-85.4155,EN,1,68,1,4,3,5,5,4,5,6,5,5,6,4,5,6,Medical care,8, ,4, , ,5, , ,4, , ,2, , , , ,4,yes, ,1,2, , , , , , ,complexity, ,1,5,4,5,5,6,5,4, , ,5, , ,6, , ,2,3,3,3,2,3,4,3,3,4,3, , ,3, , ,3, , ,yes, , ,1,12,12, ,14,9, ,12,4, ,5,10years,10,2,26,1, , , , , ,26,1,2
2/27/2024 17:54:28,2/27/2024 18:08:52,100,864,1,2/27/2024 18:08:53,R_31UZrVxxRO2Dtjb,40.7809,-73.9502,EN,1,99,1,5,5,3,4,2,1,3,5,6,2,1,1,1,Public safety,1, , , , ,-99, , ,-99, , ,2, , , , ,5,No because I went about life as usual,8,3,-99, , , , , , , , ,1,6,7,4,5,6,3, , , , , , , , , ,4,4,3,4,3,1,2,4,4,4,-99, , ,-99, , ,-99, , ,No, , ,1,11,13, ,15,14,Medical,12,4, ,9,10 years,10,2,26,1,1, , , , ,26,1,2
2/23/2024 14:29:48,2/23/2024 14:35:21,100,332,1,2/23/2024 14:35:21,R_5waVjUoMhomJGHT,41.945,-87.7996,EN,1,67,1,4,2,5,5,4,5,6,6,4,4,6,6,4,More things available for teens and young adults to do,11,2, , , ,-99, , ,-99, , ,2, , , , ,2, , ,3,-99, , , , , , , , ,1,7,7,7,7,7,7, , , , , , , , , ,4,4,4,4,4,4,4,4,4,4,-99, , ,-99, , ,-99, , , , , ,1,14,13, ,15,13, ,14,4, ,4,10 years,10,2,26, , , , ,1,Hot spot device,26,1,2
3/4/2024 0:08:16,3/4/2024 0:20:14,100,718,1,3/4/2024 0:20:15,R_1imo8qtUsGyIPlv,41.6062,-87.2593,EN,1,56,1,5,6,5,5,6,6,6,6,6,6,5,5,4,Mental Health Issues,9, , , , ,-99, , ,-99, , ,1,Social Connections
Digital Needs,11,Temporarily meeting community needs, ,6,Having an impact, ,1,1,Not for the time being, ,Very good,2, , , , ,1,6,7,6,5,6,6, , , , , , , , , ,3,3,3,4,3,4,4,4,4,3,-99, , ,-99, , ,-99, , , , , ,1,12,12, ,16,10, ,12,4, ,5,10 years,10,2,25, , , , , , ,26,1,2
3/4/2024 0:08:14,3/4/2024 0:20:02,100,708,1,3/4/2024 0:20:03,R_1P4Zq7BXHnmWplb,41.1622,-85.4724,EN,1,55,1,5,6,6,5,6,5,5,6,5,6,5,5,6,Healthcare,8, , , , ,-99, , ,-99, , ,1,Healthcare
Mental Health Issues,9,Temporarily meeting community needs, ,6,Having an impact, ,1,1,Not for the time being, ,Very good,2, , , , ,1,6,6,6,5,5,6, , , , , , , , , ,4,3,3,3,4,4,4,3,4,4,-99, , ,-99, , ,-99, , , , , ,1,12,13, ,16,9, ,12,4, ,5,10 years,10,2,25, , , , , , ,26,1,2
3/4/2024 0:08:11,3/4/2024 0:19:55,100,704,1,3/4/2024 0:19:56,R_1E6MJEKSCVnJ7xB,41.4379,-85.021,EN,1,4,1,5,5,5,6,6,5,6,5,5,6,5,6,5,climate change,6, , , , ,-99, , ,-99, , ,1,Healthcare
Mental Health Issues,8,Temporarily meeting community needs,4,6,Having an impact, ,1,1,Not for the time being, ,Very good,2, , , , ,1,5,6,6,6,6,6, , , , , , , , , ,4,3,4,4,4,3,3,4,3,3,-99, , ,-99, , ,-99, , , , , ,1,11,12, ,16,8, ,12,4, ,5,10 years,10,2,26,1,1, , , , ,26,1,2
2/27/2024 8:06:38,2/27/2024 8:10:20,100,222,1,2/27/2024 8:10:21,R_7o4OuqVBtOLDMr0,47.6034,-122.3414,EN,1,99,1,4,5,5,2,6,6,2,3,3,6,7,6,4, , , , , , ,-99, , ,-99, , ,1, , , , ,3, , ,1,1, , , , , , , , ,1,6,2,5,4,4,3, , , , , , , , , ,4,2,3,2,3,1,2,2,3,3,-99, , ,-99, , ,-99, , , , , ,1,12,13, ,13,11, ,13,5, ,5,10 years,10,2,26,1, , , , , ,26,1,2
3/4/2024 0:21:20,3/4/2024 0:32:19,100,658,1,3/4/2024 0:32:19,R_3vXZzj8KTELmYmZ,41.624,-85.8254,EN,1,56,1,6,6,6,5,6,6,6,6,5,5,6,7,6, , , , , , ,-99, , ,-99, , ,1,Mental Health Issues
Transportation,9,Temporarily meeting community needs, ,6,Temporarily meeting community needs,2,1,1,Library services, ,Very good, , , , , ,1,6,6,6,6,6,6, , , , , , , , , ,3,3,4,4,3,3,3,4,4,3,-99, , ,-99, , ,-99, , ,Not for the time being, , ,1,11,12, ,16,10, ,12,4, ,5,10 years,10,2,25, , , , , , ,26,1,2
3/4/2024 0:21:21,3/4/2024 0:32:24,100,662,1,3/4/2024 0:32:24,R_3QH6a0ncBQjGmat,41.0491,-85.1514,EN,1,59,1,6,5,4,5,5,4,6,5,5,6,6,7,6, , , , , , ,-99, , ,-99, , ,1,Mental Health Issues
Transportation,9,Temporarily meeting community needs, ,5,Temporarily meeting community needs,2,1,1,Library services, ,Very good,2, , , , ,1,6,6,6,5,6,6,6, , ,5, , ,1, , ,3,3,3,3,4,4,3,3,3,3,-99, , ,-99, , ,-99, , ,Not for the time being, , ,1,12,12, ,16,11, ,12,4, ,5,10 years,10,2,25, , , , , , ,26,1,2
3/4/2024 0:21:22,3/4/2024 0:32:30,100,667,1,3/4/2024 0:32:31,R_5GflFayB0wMbcd3,41.6227,-86.2452,EN,1,61,1,5,6,5,5,5,5,5,5,5,5,6,6,6, , , , , , ,-99, , ,-99, , ,1,Social Connections
Digital Needs,11,Temporarily meeting community needs, ,6,Temporarily meeting community needs,2,1,1,Library services, ,Very good,2, , , , ,1,6,5,5,7,6,6, , , , , , , , , ,3,4,3,3,4,3,4,4,4,3,-99, , ,-99, , ,-99, , ,Not for the time being, , ,1,12,13, ,16,12, ,12,4, ,5,10 years,10,2,25, , , , , , ,26,1,2
2/13/2024 19:28:24,2/13/2024 19:30:56,100,151,1,2/13/2024 19:30:56,R_72Mk6e54NXGjAKM,37.7958,-122.4203,EN,1,57,1,3,5,6,2,6,2,6,3,6,3,7,6,6, , , , , , ,-99, , ,-99, , ,2, , , , ,7, , ,1,1, , , , , , , , ,1,7,6,7,7,7,6,1, , ,1, , ,1, , ,4,3,3,3,4,4,3,4,3,4,-99, , ,-99, , ,-99, , , , , ,1,11,13, ,16,12, ,13,4, ,4,10   years,10,2,26,1,1,1,1, , ,26,1,2
2/13/2024 20:27:03,2/13/2024 20:29:39,100,156,1,2/13/2024 20:29:40,R_5jWcwZiKqvDkDXH,35.9335,-84.1481,EN,1,80,1,4,3,5,6,2,2,4,3,6,7,6,5,3, , , , , , ,-99, , ,-99, , ,2, , , , ,7, , ,1,1, , , , , , , , ,1,6,7,6,6,5,7, , , , , , , , , ,4,4,3,3,4,3,4,4,3,4,-99, , ,-99, , ,-99, , , , , ,1,10,13, ,12,12, ,13,9, ,4,10   years,10,2,26,1,1,1,1, , ,26,1,2
2/13/2024 21:50:06,2/13/2024 21:52:04,100,117,1,2/13/2024 21:52:04,R_1l4wMXq2IasV5Ut,41.6697,-83.6071,EN,1,70,1,3,2,3,4,3,3,3,4,4,1,1,3,2, , , , , , ,-99, , ,-99, , ,2, , , , ,2, , ,2,-99, , , , , , , , ,2,-99,-99,-99,-99,-99,-99, , , , , , , , , ,2,2,1,2,2,2,1,1,1,2,-99, , ,-99, , ,-99, , , , , ,1,12,13, ,17,12, ,12,7, ,5,10   years,10,2,26,1,1,1,1, , ,26,1,2
3/3/2024 20:01:16,3/3/2024 20:04:35,100,198,1,3/3/2024 20:04:35,R_3C7w72pqoqbg9CJ,41.6244,-93.6694,EN,1,59,1,3,3,4,2,3,2,2,2,2,2,2,3,2,sdf, , ,4, , ,3, , ,3, , ,1,sdf, ,sdfsd, ,5,sdf, ,1,1,sdf, ,sdf,2, , , , ,1,4,2,3,2,2,2,2, , ,2, , ,4, , ,2,2,4,2,2,2,3,2,2,3,2, , ,2, , ,2, , ,asf, , ,1,12,12, ,16,11, ,14,4, ,5,10,10,2,26,1,1, , , , ,26,1,2
2/24/2024 8:38:13,2/24/2024 8:45:05,100,411,1,2/24/2024 8:45:05,R_5iC569fZz7TGxYL,4.7731,7.0085,EN,1,58,1,6,6,6,4,3,6,6,4,6,5,4,6,5,Cultural diversity I think all races should be acknowledged,13, , ,N/A, ,5, , ,5, , ,1,Cultural enhancements,13,None, ,6, , ,2,-99, , , , , , ,The cost of accessing it,1,1,7,7,7,7,7,7,6, , ,6, , ,6, , ,4,3,4,4,4,4,3,3,4,4,4, , ,4, , ,4, , , , , ,2,11,12, ,16,8, ,12,5, ,5,10,10,2,26,1,1, , , , ,26,1,2
2/19/2024 5:07:15,2/19/2024 5:11:22,100,247,1,2/19/2024 5:11:23,R_7plCv6PsC8it8qI,38.2132,-84.5455,EN,1,85,1,3,4,7,7,2,3,5,2,6,5,4,7,4, , , , , , ,-99, , ,-99, , ,2, , , , ,3, , ,1,1, , , , , , , , ,1,6,4,1,5,2,2, , , , , , , , , ,4,1,3,1,2,4,3,1,2,3,-99, , ,-99, , ,-99, , , , , ,1,15,13, ,13,11, ,13,6, ,6,10,10,2,26,1, , ,1, , ,26,1,2
2/19/2024 5:12:31,2/19/2024 5:15:27,100,176,1,2/19/2024 5:15:28,R_5wpit3mFra2VJtK,38.0463,-85.5608,EN,1,61,1,5,6,3,3,5,7,3,6,3,2,6,4,3, , , , , , ,-99, , ,-99, , ,2, , , , ,3, , ,1,1, , , , , , , , ,1,6,3,3,2,5,5, , , , , , , , , ,4,3,3,4,3,2,3,2,3,3,-99, , ,-99, , ,-99, , , , , ,2,11,13, ,15,11, ,13,5, ,8,10,10,2,26, , , ,1, , ,26,1,2
2/19/2024 6:03:43,2/19/2024 6:05:45,100,121,1,2/19/2024 6:05:45,R_5pmTv6XGkwUnINr,37.4868,-83.2913,EN,1,55,1,4,5,5,7,6,1,3,5,3,3,6,3,2, , , , , , ,-99, , ,-99, , ,2, , , , ,4, , ,1,1, , , , , , , , ,1,5,2,1,5,3,3, , , , , , , , , ,1,2,1,3,2,3,4,4,2,1,-99, , ,-99, , ,-99, , , , , ,1,16,13, ,12,10, ,12,5, ,8,10,10,2,26, ,1, ,1, , ,26,1,2
2/19/2024 6:27:00,2/19/2024 6:30:28,100,207,1,2/19/2024 6:30:28,R_5OAaeICmVJ50HwB,38.2105,-85.627,EN,1,61,1,5,3,2,2,4,4,4,6,6,4,7,1,2, , , , , , ,-99, , ,-99, , ,2, , , , ,3, , ,2,-99, , , , , , , , ,3,7,1,5,4,5,1,1,NA, ,1,NA, ,1,NA, ,3,1,2,4,4,4,3,3,3,3,1,NA, ,1,NA, ,1,NA, , , , ,1,17,12, ,15,12, ,16,7, ,5,10,10,2,26, ,1, ,1, , ,26,1,2
2/20/2024 23:33:44,2/20/2024 23:37:44,100,240,1,2/20/2024 23:37:45,R_6y4xZ5KnMGH1NCC,37.1835,-121.7714,EN,1,4,1,7,4,7,7,7,7,7,7,7,7,7,7,7, , , ,7, , ,6, , ,4, , ,1, , , , ,7, , ,1,1, , , , , , , , ,1,7,7,7,7,7,7,7, , ,7, , ,6, , ,4,4,4,4,4,4,4,4,4,4,4, , ,4, , ,3, , , , , ,1,11,12, ,12,11, ,12,7, ,5,10,10,2,26,1, ,1, , , ,26,1,2
2/21/2024 0:15:39,2/21/2024 0:28:18,100,758,1,2/21/2024 0:28:19,R_3h0beecB4o0loAu,37.1835,-121.7714,EN,1,57,1,7,7,6,1,4,5,7,6,1,7,1,7,1, , , ,7, , ,1, , ,6, , ,2, , , , ,1, , ,2,-99, , , , , , , , ,1,5,6,6,7,1,2,2, , ,1, , ,3, , ,1,4,1,4,4,1,4,4,1,4,1, , ,4, , ,2, , , , , ,1,11,13, ,16,10, ,12,4, ,5,10,10,2,26, ,1, , , , ,26,1,2
2/22/2024 0:00:54,2/22/2024 0:05:14,100,260,1,2/22/2024 0:05:14,R_1qlOCxk8Zi2fFac,40.6561,-75.2336,EN,1,63,1,4,4,4,4,4,4,4,4,4,4,4,4,4, , , , , , ,-99, , ,-99, , ,2, , , , ,6,新冠疫情导致了全球范围内对医疗资源的大量需求，尤其是在疫情初期。医院面临患者激增的压力，医疗系统需要迅速适应以提供充足的护理。这包括增加重症监护病房（ICU）的能力、使用呼吸机和其他生命支持设备，以及确保有足够的个人防护装备（PPE）供医护人员使用。

此外，疫情期间，社区需求也发生了变化。例如，许多常规医疗服务不得不推迟或改为远程进行，以便为新冠患者腾出空间和资源。同时，心理健康支持的需求增加，因为隔离措施和疫情带来的不确定性给许多人带来了心理压力。

为了应对这些挑战，各国政府、卫生组织和医疗机构采取了一系列措施：

1. 加强公共卫生措施：包括推广戴口罩、保持社交距离、勤洗手和提高疫苗接种率。
2. 增加医疗资源：如建立临时医院和方舱医院，以及通过国际合作共享医疗设备和物资。
3. 远程医疗：推广使用视频会议和在线平台进行远程诊断和咨询，以减少面对面接触。
4. 心理健康支持：提供心理咨询服务，开展针对疫情引起的焦虑和抑郁的干预项目。
5. 研究与创新：加速疫苗和治疗方法的研发，以及对病毒传播方式和预防措施的研究。

通过这些措施，医疗系统能够更好地应对新冠疫情带来的挑战，并逐步恢复正常的医疗服务。随着疫情的演变，这些策略也在不断地调整和改进。,3,1,2, , , , , , ,Not used, ,1,7,7,7,7,7,7, , , , , , , , , ,4,4,4,4,4,4,4,4,4,4,-99, , ,-99, , ,-99, , ,在家办公, , ,1,12,13, ,14,12, ,12,4, ,5,10,10,2,26,1,1, , , , ,26,1,2
3/4/2024 3:34:19,3/4/2024 3:37:50,100,210,1,3/4/2024 3:37:51,R_12omWLSJlCPkZCN,34.0544,-118.2441,EN,1,4,1,5,5,5,3,4,3,5,5,6,5,6,5,5, , , ,5, , ,5, , ,4, , ,1, , , , ,5, , ,1,1, , , , , , , , ,1,5,3,4,5,6,5,4, , ,5, , ,6, , ,3,4,4,3,2,4,3,4,3,3,4, , ,3, , ,3, , , , , ,1,13,13, ,16,12, ,12,4, ,5,10,10,2,26, ,1, , , , ,26,1,2
2/23/2024 15:27:30,2/23/2024 15:33:05,100,334,1,2/23/2024 15:33:06,R_7NsQ4hqAUcYLKb5,42.4652,-83.3713,EN,1,67,1,6,7,6,7,3,2,6,7,7,5,5,4,6,Jobs,2, , , , ,-99, , ,-99, , ,-99,Lack of mental health and doctors,8,"Not gotten mental health needs, driven far for doctors",4,3,No,8,3,-99, , , , , , , , ,1,5,6,4,7,7,7, , , , , , , , , ,4,4,4,4,4,3,4,4,3,4,-99, , ,-99, , ,-99, , ,Need for more access for remote learning, , ,1,14,13, ,17,12, ,12,4, ,5,1 year,1,1,26,1,1, , , , ,26,1,1
3/3/2024 21:05:01,3/3/2024 21:20:40,100,938,1,3/3/2024 21:20:40,R_5YR0VKAEpl0mhcU,35.0984,-89.9813,EN,1,57,1,5,4,3,3,4,5,4,5,4,6,3,4,4, , , ,4,educational problem,0,6,medical care problem,0,4,Psychotherapy problem, ,2, , , , ,4,Have a minimal effect.,8,1,1, , ,Satisfaction degree 80, , , , , ,1,5,5,6,4,5,4, , , , , , , , , ,3,4,4,3,4,3,3,4,3,3,-99, , ,-99, , ,-99, , ,no, , ,2,10,12, ,14,12, ,13,4, ,4,1 year,1,1,26,1,1, , , , ,26,1,1
3/2/2024 20:45:07,3/3/2024 2:20:53,100,20146,1,3/3/2024 2:20:54,R_1CsyY186ynHF2xB,47.6144,-122.3447,EN,1,4,1,4,5,5,6,6,6,5,6,6,6,6,6,5, , , ,6, , ,5, , ,5, , ,1,yes, , , ,1,absence, ,1,1, , , , , , , , ,1,5,6,6,4,6,6,3, , ,4, , ,6, , ,4,4,3,4,4,4,3,4,4,1,3, , ,4, , ,4, , ,absence, , ,1,11,12, ,12,11, ,14,11, ,8,1 day, , ,26, , , , , , ,26,1, 
3/4/2024 0:59:43,3/4/2024 1:09:48,100,605,1,3/4/2024 1:09:49,R_3zpwww7zdYTry0S,29.4213,-98.5313,EN,1,4,1,5,6,5,6,6,5,5,6,5,6,6,5,6,Transportation and education needs,10, , , , ,-99, , ,-99, , ,2, , , , ,6,It has a certain effect., ,1,1, , ,High satisfaction,2, , , , ,1,6,5,6,6,5,6, , , , , , , , , ,3,3,4,3,4,4,3,4,3,3,-99, , ,-99, , ,-99, , ,yes The pandemic has reduced library books.Residents can donate books, , ,1,10,13, ,14,9, ,12,4, ,4,1,1,1,26,1,1,1, , , ,26,1,1
2/21/2024 23:54:55,2/21/2024 23:59:20,100,264,1,2/21/2024 23:59:21,R_3ziGiMyXTL8BHGr,37.751,-97.822,EN,1,68,1,4,4,4,4,4,4,4,4,4,4,4,4,4, , , , , , ,-99, , ,-99, , ,2, , , , ,6,新冠疫情导致了全球范围内对医疗资源的大量需求，尤其是在疫情初期。医院面临患者激增的压力，医疗系统需要迅速适应以提供充足的护理。这包括增加重症监护病房（ICU）的能力、使用呼吸机和其他生命支持设备，以及确保有足够的个人防护装备（PPE）供医护人员使用。

此外，疫情期间，社区需求也发生了变化。例如，许多常规医疗服务不得不推迟或改为远程进行，以便为新冠患者腾出空间和资源。同时，心理健康支持的需求增加，因为隔离措施和疫情带来的不确定性给许多人带来了心理压力。

为了应对这些挑战，各国政府、卫生组织和医疗机构采取了一系列措施：

1. 加强公共卫生措施：包括推广戴口罩、保持社交距离、勤洗手和提高疫苗接种率。
2. 增加医疗资源：如建立临时医院和方舱医院，以及通过国际合作共享医疗设备和物资。
3. 远程医疗：推广使用视频会议和在线平台进行远程诊断和咨询，以减少面对面接触。
4. 心理健康支持：提供心理咨询服务，开展针对疫情引起的焦虑和抑郁的干预项目。
5. 研究与创新：加速疫苗和治疗方法的研发，以及对病毒传播方式和预防措施的研究。

通过这些措施，医疗系统能够更好地应对新冠疫情带来的挑战，并逐步恢复正常的医疗服务。随着疫情的演变，这些策略也在不断地调整和改进。,3,1,2, , , , , , ,Not used, ,1,7,7,7,7,7,7, , , , , , , , , ,4,4,4,4,4,4,4,4,4,4,-99, , ,-99, , ,-99, , ,在家办公, , ,1,10,13, ,14,12, ,12,4, ,4,1,1,1,26, ,1, , , , ,26,1,1
3/3/2024 23:52:28,3/4/2024 0:05:00,100,751,1,3/4/2024 0:05:01,R_1JPCH720tXbi9F0,38.9191,-76.782,EN,1,83,1,4,4,4,4,4,4,4,4,4,4,4,4,4, , , ,4, , ,4, , ,4, , ,2, , , , ,4, , ,1,1, , , , , , , , ,1,5,5,5,5,5,5, , , , , , , , , ,3,2,3,3,4,3,3,3,3,3,3, , ,3, , ,3, , , , , ,1,10,12, ,14,12, ,12,4, ,4,1,1,1,26,1, , , , , ,26,1,1
3/3/2024 7:49:57,3/3/2024 7:57:25,100,447,1,3/3/2024 7:57:25,R_3F9ELFzFNGLdrbC,34.0544,-118.2441,EN,1,4,1,2,6,4,3,3,1,6,2,3,2,2,1,5, , , ,2, , ,2, , ,4, , ,1,"You have answered ""yes."" Please describe the community needs you personally have experienced.", ,"Please describe how you addressed the community needs you experienced? If you used any community social services or resources, please elaborate", ,2,"Please describe how you addressed the community needs you experienced? If you used any community social services or resources, please elaborate", ,2,-99, , , , , , ,"Please describe how you addressed the community needs you experienced? If you used any community social services or resources, please elaborate", ,2,-99,-99,-99,-99,-99,-99, , , , , , , , , ,1,2,2,1,2,1,1,2,3,2,2,"Please describe how you addressed the community needs you experienced? If you used any community social services or resources, please elaborate", ,3,"Please describe how you addressed the community needs you experienced? If you used any community social services or resources, please elaborate", ,4,"Please describe how you addressed the community needs you experienced? If you used any community social services or resources, please elaborate", ,Has the COVID pandemic impacted your expectations of public libraries' roles in social, , ,1,11,13, ,17,9, ,13,11,Has the COVID pandemic impacted your expectations of public libraries' roles in social,5,. How long have you lived in your current, , ,25, , , , , , ,27,1, 
2/13/2024 14:51:58,2/13/2024 15:10:20,100,1101,1,2/13/2024 15:10:21,R_323k4NudDY4kLFB,12.996,7.6049,EN,1,57,1,7,6,4,3,2,5,3,4,3,6,7,6,6,Digital needs,12, ,1, , ,1, , ,1, , ,2, , , , ,2,"Yes, resources were limited during the pandemic", ,1,2, , , , , , ,Financial reasons,3,2,-99,-99,-99,-99,-99,-99, , , , , , , , , ,3,3,2,4,2,3,3,3,2,3,1, , ,1, , ,1, , ,"Yes, Covid pandemic caused a serious set back to public libraries", , ,1,11,12, ,16,12, ,13,5, ,5,23,23,5,26,1,1, , , , ,26,1,5
2/13/2024 23:05:36,2/13/2024 23:07:47,100,131,1,2/13/2024 23:07:48,R_1KveSei6OsfteH9,32.7908,-96.8336,EN,1,78,1,6,5,6,2,6,3,7,4,2,2,7,3,4, , , , , , ,-99, , ,-99, , ,2, , , , ,7, , ,1,1, , , , , , , , ,1,5,5,5,6,6,7, , , , , , , , , ,3,3,3,3,3,4,4,2,2,3,-99, , ,-99, , ,-99, , , , , ,1,13,13, ,16,11, ,12,5, ,5, 23  years,23,5,26,1,1,1, , , ,26,1,5
2/13/2024 23:08:36,2/13/2024 23:11:59,100,202,1,2/13/2024 23:11:59,R_39hRKh3naBlQtsl,27.2621,-80.3835,EN,1,61,1,4,5,2,7,3,5,4,3,7,6,5,3,4, , , , , , ,-99, , ,-99, , ,2, , , , ,7, , ,1,1, , , , , , , , ,1,7,5,3,5,4,4,1, , ,1, , ,1, , ,4,2,4,3,2,4,4,3,3,3,-99, , ,-99, , ,-99, , , , , ,1,13,13, ,16,11, ,12,4, ,5, 18   years,18,4,26,1,1,1,1, , ,26,1,4
2/13/2024 18:38:30,2/13/2024 18:40:50,100,140,1,2/13/2024 18:40:50,R_7lVo0EgPEO42S2g,26.0703,-80.2248,EN,1,74,1,5,4,6,5,5,7,4,5,5,4,7,6,5, , , , , , ,-99, , ,-99, , ,2, , , , ,2, , ,2,-99, , , , , , , , ,2,-99,-99,-99,-99,-99,-99, , , , , , , , , ,2,1,2,2,2,1,1,2,2,1,-99, , ,-99, , ,-99, , , , , ,1,13,12, ,15,9, ,12,5, ,5, 17   years,17,4,26,1,1,1,1, , ,26,1,4
2/13/2024 23:01:15,2/13/2024 23:04:41,100,206,1,2/13/2024 23:04:42,R_608fJB9AK3tRjzg,40.6877,-73.9267,EN,1,65,1,4,5,3,4,3,6,7,6,6,4,6,3,4, , , , , , ,-99, , ,-99, , ,2, , , , ,7, , ,1,1, , , , , , , , ,1,5,6,6,6,7,7, , , , , , , , , ,3,4,2,2,3,3,2,3,2,3,-99, , ,-99, , ,-99, , , , , ,1,12,12, ,13,8, ,12,5, ,4, 14   years,14,3,26,1,1,1, , , ,26,1,3
2/13/2024 22:57:14,2/13/2024 23:00:11,100,176,1,2/13/2024 23:00:12,R_1jVXVP5XRDIyJZc,28.6344,-81.6221,EN,1,62,1,2,3,3,6,3,5,3,2,3,3,3,3,4, , , , , , ,-99, , ,-99, , ,2, , , , ,7, , ,1,1, , , , , , , , ,1,6,7,7,6,6,7, , , , , , , , , ,3,4,4,4,3,3,3,3,4,3,-99, , ,-99, , ,-99, , , , , ,1,12,13, ,16,9, ,13,4, ,5, 10   years,10,2,26,1,1,1,1, , ,26,1,2
2/13/2024 17:48:14,2/13/2024 17:55:52,100,458,1,2/13/2024 17:55:53,R_3HBIGLkdM9exicy,40.8275,-73.1225,EN,1,4,1,2,3,4,5,6,3,5,3,4,2,6,6,3, , , , , , ,-99, , ,-99, , ,2, , , , ,1, , ,1,1, , , , , , , , ,1,4,3,2,1,2,3,1, , ,1, , ,1, , ,2,4,2,3,3,4,2,3,3,3,-99, , ,-99, , ,-99, , , , , ,1,12,12, ,16,12, ,12,5, ,5,  25  years,25,5,26,1,1,1, , , ,26,1,5
2/13/2024 18:43:52,2/13/2024 18:46:00,100,128,1,2/13/2024 18:46:00,R_3pQMKff4aj2VS6V,33.8983,-84.5893,EN,1,79,1,7,6,7,6,6,7,7,6,7,7,6,7,6, , , , , , ,-99, , ,-99, , ,2, , , , ,7, , ,1,1, , , , , , , , ,1,6,6,5,7,7,6, , , , , , , , , ,3,3,4,3,4,3,3,4,4,4,-99, , ,-99, , ,-99, , , , , ,1,13,12, ,17,10, ,12,5, ,5,  17   years,17,4,26,1,1,1,1, , ,26,1,4
2/13/2024 18:49:16,2/13/2024 18:51:40,100,143,1,2/13/2024 18:51:41,R_7BW9YpbN8Rg0hI0,33.8718,-118.3369,EN,1,92,1,5,4,5,4,6,7,7,6,7,7,5,5,7, , , , , , ,-99, , ,-99, , ,2, , , , ,6, , ,1,1, , , , , , , , ,1,6,7,7,6,5,6, , , , , , , , , ,2,3,4,3,2,3,2,3,2,4,-99, , ,-99, , ,-99, , , , , ,1,16,12, ,16,10, ,12,7, ,5,   60   years,60,5,26,1,1,1,1, , ,26,1,10
2/13/2024 18:41:12,2/13/2024 18:43:15,100,123,1,2/13/2024 18:43:16,R_1qgt4FIlgfMyVpg,41.3908,-73.4483,EN,1,82,1,7,6,6,7,7,6,7,6,7,7,7,7,6, , , , , , ,-99, , ,-99, , ,2, , , , ,7, , ,1,1, , , , , , , , ,1,7,6,6,7,7,7,1, , ,1, , ,1, , ,4,4,3,3,4,4,3,4,4,4,-99, , ,-99, , ,-99, , , , , ,1,16,13, ,17,8, ,15,6, ,6,   44   years,44,5,26,1,1,1,1, , ,26,1,9
2/13/2024 18:01:33,2/13/2024 18:04:52,100,199,1,2/13/2024 18:04:53,R_6Ba3DXHPDMEUy2a,30.3023,-97.6914,EN,1,56,1,7,6,7,6,6,6,5,6,6,5,5,7,4, , , , , , ,-99, , ,-99, , ,2, , , , ,2, , ,1,1, , , , , , , , ,1,5,6,4,4,4,6,1, , ,1, , ,1, , ,3,4,3,2,3,4,4,4,3,3,-99, , ,-99, , ,-99, , , , , ,1,13,12, ,16,11, ,12,4, ,5,   40   years,40,5,26,1,1,1,1, , ,26,1,8
2/13/2024 18:10:26,2/13/2024 18:12:51,100,145,1,2/13/2024 18:12:52,R_70dfO9gR1QNoC3I,29.8478,-95.6599,EN,1,59,1,2,2,1,2,2,1,2,1,2,1,1,1,2, , , , , , ,-99, , ,-99, , ,1, , , , ,1, , ,1,1, , , , , , , , ,1,2,3,3,3,4,2,1, , ,1, , ,1, , ,2,3,3,2,2,2,3,2,3,2,-99, , ,-99, , ,-99, , , , , ,1,14,12, ,16,8, ,12,4, ,5,   40   years,40,5,26,1,1,1,1, , ,26,1,8
2/13/2024 18:13:17,2/13/2024 18:15:25,100,128,1,2/13/2024 18:15:25,R_7Hi2ez7BP8MHUDT,35.5825,-82.6115,EN,1,60,1,6,6,2,3,2,3,2,3,3,2,4,2,4, , , , , , ,-99, , ,-99, , ,2, , , , ,1, , ,1,1, , , , , , , , ,1,2,3,5,3,5,3, , , , , , , , , ,2,3,2,3,3,2,2,2,2,2,-99, , ,-99, , ,-99, , , , , ,1,13,13, ,17,11, ,12,4, ,5,   40   years,40,5,26,1,1,1,1, , ,26,1,8
2/13/2024 18:19:09,2/13/2024 18:21:28,100,138,1,2/13/2024 18:21:28,R_5y3GsCGNuqETyQA,38.9421,-122.7777,EN,1,63,1,3,5,7,6,4,3,4,3,3,4,6,3,6, , , , , , ,-99, , ,-99, , ,2, , , , ,7, , ,1,1, , , , , , , , ,1,3,6,5,3,3,6,1, , ,1, , ,1, , ,2,3,2,4,4,3,2,3,4,3,-99, , ,-99, , ,-99, , , , , ,1,13,13, ,16,12, ,12,5, ,6,   40   years,40,5,26,1,1, ,1, , ,26,1,8
2/13/2024 18:25:00,2/13/2024 18:27:33,100,152,1,2/13/2024 18:27:33,R_4NYS1TQ3w0jR3CV,18.4965,-69.8757,EN,1,65,1,7,6,7,7,6,7,7,7,7,6,7,7,6, , , , , , ,-99, , ,-99, , ,2, , , , ,7, , ,1,1, , , , , , , , ,1,6,5,6,6,7,5, , , , , , , , , ,4,2,4,3,3,3,4,3,2,2,-99, , ,-99, , ,-99, , , , , ,1,14,12, ,17,10, ,12,4, ,5,   40   years,40,5,26,1,1,1,1, , ,26,1,8
2/13/2024 18:30:27,2/13/2024 18:32:35,100,128,1,2/13/2024 18:32:35,R_3qwkXDdmgitOgfQ,42.2832,-71.4296,EN,1,68,1,5,7,4,7,7,6,4,5,6,5,5,6,6, , , , , , ,-99, , ,-99, , ,2, , , , ,2, , ,1,1, , , , , , , , ,1,2,3,3,2,3,1, , , , , , , , , ,3,1,2,1,1,1,3,2,3,2,-99, , ,-99, , ,-99, , , , , ,1,15,12, ,11,9, ,15,5, ,7,   40   years,40,5,26,1,1,1,1, , ,26,1,8
2/13/2024 18:46:36,2/13/2024 18:48:46,100,130,1,2/13/2024 18:48:47,R_7aRb4ZjdCN5OozV,43.5728,-71.4787,EN,1,91,1,5,4,6,4,6,6,7,7,5,5,6,4,5, , , , , , ,-99, , ,-99, , ,2, , , , ,7, , ,1,1, , , , , , , , ,1,5,6,7,6,6,7, , , , , , , , , ,3,3,2,3,2,4,4,3,4,3,-99, , ,-99, , ,-99, , , , , ,1,14,12, ,17,11, ,12,4, ,5,   40   years,40,5,26,1,1,1, , , ,26,1,8
2/13/2024 18:55:14,2/13/2024 18:58:03,100,169,1,2/13/2024 18:58:04,R_6OITzhrqvGpmp9Z,40.8549,-73.2157,EN,1,97,1,2,3,2,6,4,4,6,4,5,2,7,7,4, , , , , , ,-99, , ,-99, , ,2, , , , ,7, , ,1,1, , , , , , , , ,1,6,6,7,4,6,5, , , , , , , , , ,4,3,3,3,3,4,4,4,3,4,-99, , ,-99, , ,-99, , , , , ,1,12,13, ,16,11, ,12,4, ,5,   4   years,4,1,26,1,1,1,1, , ,26,1,1
2/13/2024 18:28:02,2/13/2024 18:30:02,100,120,1,2/13/2024 18:30:02,R_3gBAv7tohrN4PRf,41.8986,-87.738,EN,1,67,1,2,6,3,7,7,3,6,3,6,4,2,6,3, , , , , , ,-99, , ,-99, , ,2, , , , ,6, , ,1,1, , , , , , , , ,1,5,5,5,4,5,5,1, , ,1, , ,1, , ,2,3,3,4,3,3,3,3,3,2,-99, , ,-99, , ,-99, , , , , ,1,13,13, ,17,11, ,12,7, ,5,   26  years,26,6,26,1,1,1,1, , ,26,1,6
2/13/2024 18:35:57,2/13/2024 18:38:05,100,128,1,2/13/2024 18:38:05,R_6l5kdcqkBJBZ1Un,40.7924,-74.0096,EN,1,72,1,5,5,5,3,3,5,4,6,3,2,6,5,3, , , , , , ,-99, , ,-99, , ,2, , , , ,6, , ,1,1, , , , , , , , ,1,6,7,7,6,6,7, , , , , , , , , ,4,3,4,3,4,4,4,4,3,4,-99, , ,-99, , ,-99, , , , , ,1,12,12, ,16,8, ,12,5, ,5,   24  years,24,5,26,1,1,1,1, , ,26,1,5
2/13/2024 18:15:59,2/13/2024 18:18:34,100,154,1,2/13/2024 18:18:34,R_1T8WvP1SITpjIIh,44.7779,-94.164,EN,1,62,1,5,5,3,4,3,2,5,5,5,4,2,3,5, , , , , , ,-99, , ,-99, , ,2, , , , ,2, , ,2,-99, , , , , , , , ,2,-99,-99,-99,-99,-99,-99, , , , , , , , , ,3,1,2,2,1,2,1,1,3,2,-99, , ,-99, , ,-99, , , , , ,1,10,13, ,15,12, ,13,6, ,4,   20   years,20,4,26,1,1, , , , ,26,1,4
2/13/2024 18:21:54,2/13/2024 18:24:23,100,148,1,2/13/2024 18:24:24,R_5mWMgDwe3Q5GYja,30.223,-81.7595,EN,1,64,1,6,4,4,4,7,4,7,4,3,2,6,6,4, , , , , , ,-99, , ,-99, , ,2, , , , ,7, , ,1,1, , , , , , , , ,1,7,7,6,6,7,7,1, , ,1, , ,1, , ,3,3,3,3,3,4,4,4,3,3,-99, , ,-99, , ,-99, , , , , ,1,12,13, ,16,11, ,12,4, ,6,   20   years,20,4,26,1,1,1,1, , ,26,1,4
2/13/2024 18:08:05,2/13/2024 18:09:57,100,111,1,2/13/2024 18:09:57,R_3vrdLRjv5sasMUN,47.6592,-117.1594,EN,1,58,1,6,6,7,7,6,7,7,7,7,6,6,7,6, , , , , , ,-99, , ,-99, , ,2, , , , ,1, , ,2,-99, , , , , , , , ,2,-99,-99,-99,-99,-99,-99, , , , , , , , , ,2,1,1,2,2,2,2,2,2,2,-99, , ,-99, , ,-99, , , , , ,1,12,12, ,11,9, ,12,5, ,5,   15  years,15,3,26,1,1, , , , ,26,1,3
2/13/2024 18:33:06,2/13/2024 18:35:33,100,147,1,2/13/2024 18:35:34,R_6fr18pz1EjhmMYt,33.6992,-84.7478,EN,1,70,1,6,2,5,6,4,6,7,4,5,5,7,4,5, , , , , , ,-99, , ,-99, , ,2, , , , ,7, , ,1,1, , , , , , , , ,1,7,7,6,6,7,7,1, , ,1, , ,1, , ,4,4,4,4,4,3,4,3,4,2,-99, , ,-99, , ,-99, , , , , ,1,12,13, ,14,12, ,13,5, ,7,   15  years,15,3,26,1,1,1,1, , ,26,1,3
2/13/2024 18:05:17,2/13/2024 18:07:40,100,143,1,2/13/2024 18:07:41,R_1sBUZW782FHE67p,42.5181,-70.899,EN,1,57,1,5,3,6,5,7,5,6,5,4,5,3,3,5, , , , , , ,-99, , ,-99, , ,2, , , , ,6, , ,1,1, , , , , , , , ,1,6,6,6,7,6,7,1, , ,1, , ,1, , ,4,2,4,2,3,4,3,3,3,3,-99, , ,-99, , ,-99, , , , , ,1,10,12, ,14,12, ,13,5, ,4,   10   years,10,2,26,1,1,1,1, , ,26,1,2
2/13/2024 18:52:23,2/13/2024 18:54:35,100,131,1,2/13/2024 18:54:35,R_74EvxqWKkDkum77,32.8619,-97.3427,EN,1,83,1,7,5,7,4,4,4,6,7,2,2,4,4,5, , , , , , ,-99, , ,-99, , ,2, , , , ,7, , ,1,1, , , , , , , , ,1,5,6,7,7,7,5, , , , , , , , , ,4,3,3,3,3,4,3,2,3,3,-99, , ,-99, , ,-99, , , , , ,1,11,12, ,14,12, ,13,5, ,4,   10   years,10,2,26,1,1,1,1, , ,26,1,2
3/4/2024 22:09:37,3/4/2024 22:14:10,93,272,0,3/11/2024 23:14:14,R_5gFOKS5E5LlcO4Q, , ,EN,1,64,1,7,5,3,3,3,2,3,3,3,3,3,3,3,或即将公布, , , , , ,-99, , ,-99, , ,1,j'njn, ,k'j'hkjh, ,3,k'j'hkjh, ,1,1,j'j'kjjk, ,ju'y'hujuyhu, , , , , ,1,4,4,4,5,5,5,4, , ,4, , ,5, , ,2,2,3,2,2,2,2,3,3,3,3, , ,3, , ,3, , ,t'y'ftyf, , ,1,11,13, ,9,8, ,12,4, ,5, , , ,26, , ,1, , , ,26,1, 
2/13/2024 17:15:22,2/13/2024 17:24:36,100,553,1,2/13/2024 17:24:37,R_1CK7RgkL8E9hu1i,34.5891,-86.9909,EN,1,56,1,2,3,4,3,5,3,7,3,4,3,4,2,3,Social connection,11, , , , ,-99, , ,-99, , ,1, , , , ,3, , ,1,1, , , , , , , , ,2,-99,-99,-99,-99,-99,-99, , , , , , , , , ,3,3,2,3,3,3,4,3,4,4,-99, , ,-99, , ,-99, , , , , ,2,13,13, ,15,10, ,12,5, ,7, , , ,25, , , , , , ,26,1, 
2/13/2024 10:37:18,2/13/2024 11:08:55,100,1897,1,2/13/2024 11:08:56,R_5s6It2AqqKz05zB,34.0544,-118.2441,EN,1,55,1,5,3,6,4,2,3,4,5,6,6,4,4,5,Mental Health Issues,9, ,1, , ,1, , ,1, , ,2, , , , ,5,"The pandemic has caused a great deal of stress and anxiety, and communities need access to mental health resources to cope.",3,1,1,N/A, ,N/A, , , , , ,1,3,6,4,3,3,4,3, , ,4, , ,5, , ,2,3,3,2,3,4,1,2,3,2,2, , ,3, , ,3, , ,"The pandemic revealed the digital divide's impact on underserved communities, prompting libraries to expand digital literacy programs and bridge the technological gap.", , ,1,11,12, ,16,10, ,12,5, ,4, , , ,26,1,1, , , , ,26,1, 
2/13/2024 17:15:30,2/13/2024 17:24:43,100,553,1,2/13/2024 17:24:44,R_3t59RE0hyKwUPPl,31.2653,-85.3992,EN,1,66,1,5,2,6,3,4,5,5,5,2,2,6,5,3,Mental health issues,9, , , , ,-99, , ,-99, , ,1, , , , ,6, , ,2,-99, , , , , , , , ,2,-99,-99,-99,-99,-99,-99, , , , , , , , , ,3,2,4,2,3,4,3,2,2,4,4, , ,2, , ,2, , , , , ,1,11,14, ,15,8, ,12,8, ,5, , , ,26,1,1, , , , ,26,1, 
3/2/2024 17:38:45,3/2/2024 17:48:19,100,573,1,3/2/2024 17:48:20,R_1FURedilcrnby08,37.1835,-121.7714,EN,1,55,1,5,4,5,4,4,4,5,5,5,5,4,5,5,Mental health counselor,9,1, ,Security issues,0,4,entertainment venues,7,-99,Place of study,5,1,Environmental cleaning, ,traffic, ,3,Let me work...,4,1,1, , , , , , , , ,1,5,4,4,4,5,5,3, , ,2, , ,2, , ,3,3,3,3,3,3,3,3,3,3,3, , ,3, , ,3, , , , , ,1,11,12, ,15,10, ,14,9, ,6, , , ,26, , , ,1, , ,26,1, 
2/21/2024 3:42:20,2/21/2024 3:48:32,100,371,1,2/21/2024 3:48:33,R_1NW3Pklsh0rbXoJ,37.1835,-121.7714,EN,1,4,1,2,3,2,3,1,1,2,3,3,4,3,3,5,Keep trying, , , ,Come on, ,4,Work hard, ,7, , ,1,Study hard, ,
alimardon12166@gmail.com, ,1,Keep up the good work, ,1,1,Keep it up., , , , , , , ,1,2,3,4,4,3,1,4, , ,4, , ,4, , ,4,2,1,3,2,1,3,4,3,2,4, , ,3, , ,2, , ,Study hard, , ,1,12,16, ,11,10, ,13,9, ,7, , , ,26,1, ,1, , , ,26,1, 
2/21/2024 4:07:50,2/21/2024 4:11:20,100,209,1,2/21/2024 4:11:20,R_5cpFhF0QZ2f3riI,37.1835,-121.7714,EN,1,64,1,4,4,4,4,4,4,4,4,4,4,4,4,4,cultural diversity,13, , , , ,-99, , ,-99, , ,1, , , , ,6, , ,1,1, , , , , , , , ,1,7,6,6,6,6,6, , , , , , , , , ,4,4,4,4,4,4,4,4,4,4,-99, , ,-99, , ,-99, , , , , ,1,11,12, ,17,11, ,12,4, ,5, , , ,26,1,1,1, , , ,26,1, 
2/21/2024 5:16:53,2/21/2024 5:22:21,100,328,1,2/21/2024 5:22:22,R_1sAJ9xLJylevg8q,37.1835,-121.7714,EN,1,58,1,3,4,6,3,3,7,7,7,3,7,5,6,5, ,4, ,6, , ,4, , ,3, , ,1, , , , ,6, , ,1,1, , , , , , , , ,1,2,6,6,5,3,6,3, , ,1, , ,6, , ,3,3,1,4,4,4,3,4,4,3,3, , ,4, , ,3, , , , , ,1,11,12, ,13,10, ,13,5, ,5, , , ,26, , , ,1, , ,26,1, 
2/13/2024 17:15:28,2/13/2024 17:24:50,100,562,1,2/13/2024 17:24:51,R_6P0rWCGvBHAxnRP,36.7614,-86.1929,EN,1,58,1,6,7,4,3,6,7,5,4,7,2,6,5,3, , , , , , ,-99, , ,-99, , ,1, , , , ,2, , ,1,2, , , , , , , , ,1,3,4,7,6,6,5,6, , ,7, , ,6, , ,2,4,2,4,3,3,3,4,3,3,-99, , ,-99, , ,-99, , , , , ,1,15,12, ,15,9, ,13,5, ,5, , , ,26,1,1, , , , ,26,1, 
2/13/2024 17:15:30,2/13/2024 17:24:58,100,568,1,2/13/2024 17:24:59,R_5FUnj8aza39I3nb,25.9244,-97.4626,EN,1,64,1,6,7,5,3,5,6,3,6,4,6,4,5,3, , , , , , ,-99, , ,-99, , ,1, , , , ,5, , ,1,1, , , , , , , , ,2,-99,-99,-99,-99,-99,-99, , , , , , , , , ,3,3,3,4,3,2,3,3,4,4,-99, , ,-99, , ,-99, , , , , ,2,13,14, ,13,13, ,13,8, ,4, , , ,25, , , , , , ,26,1, 
2/13/2024 17:15:35,2/13/2024 17:25:13,100,577,1,2/13/2024 17:25:13,R_56AySfmRa3omOyd,37.6772,-97.1583,EN,1,73,1,6,4,4,2,4,6,4,3,4,5,4,5,6, , , , , , ,-99, , ,-99, , ,1, , , , ,2, , ,2,-99, , , , , , , , ,2,-99,-99,-99,-99,-99,-99, , , , , , , , , ,3,4,3,2,3,4,2,2,4,3,-99, , ,-99, , ,-99, , , , , ,2,16,15, ,11,13, ,12,8, ,6, , , ,26, , , , , , ,26,1, 
2/14/2024 3:04:08,2/14/2024 3:07:48,100,219,1,2/14/2024 3:07:48,R_33VsbOihFQ1oXct,37.1531,-84.0986,EN,1,56,1,5,3,4,2,4,5,6,2,3,4,6,3,6, , , ,3, , ,3, , ,4, , ,1, , , , ,5, , ,1,1, , , , , , , , ,3,2,2,4,4,4,6,7, , ,2, , ,4, , ,2,2,2,2,2,4,3,1,3,2,4, , ,1, , ,4, , , , , ,1,17,14, ,13,13, ,14,10, ,4, , , ,25, , , , , , ,26,1, 
2/14/2024 3:13:03,2/14/2024 3:19:37,100,394,1,2/14/2024 3:19:38,R_3O6211wItsiW853,38.0463,-85.5608,EN,1,56,1,2,6,3,2,6,3,1,6,6,2,7,2,6, , , ,5, , ,5, , ,5, , ,2, , , , ,3, , ,2,-99, , , , , , , , ,2,-99,-99,-99,-99,-99,-99, , , , , , , , , ,4,3,1,3,3,1,2,4,4,2,2, , ,3, , ,4, , , , , ,1,12,14, ,17,12, ,15,11, ,5, , , ,26,1, , , , , ,26,1, 
2/14/2024 3:13:06,2/14/2024 3:16:06,100,179,1,2/14/2024 3:16:06,R_5SeNxBrjav1PpBR,38.2634,-85.673,EN,1,58,1,6,3,4,4,5,4,2,2,6,2,2,6,2, , , ,6, , ,2, , ,5, , ,1, , , , ,6, , ,2,-99, , , , , , , , ,2,-99,-99,-99,-99,-99,-99, , , , , , , , , ,3,3,4,3,4,3,4,4,1,1,4, , ,4, , ,4, , , , , ,1,13,16, ,12,9, ,13,10, ,6, , , ,25, , , , , , ,26,1, 
2/14/2024 3:13:08,2/14/2024 3:27:04,100,835,1,2/14/2024 3:27:05,R_6lzZjjEUDL02SE0,38.0896,-85.8491,EN,1,63,1,6,6,2,5,6,4,2,3,4,5,5,4,2, , , ,5, , ,5, , ,4, , ,2, , , , ,6, , ,2,-99, , , , , , , , ,2,-99,-99,-99,-99,-99,-99, , , , , , , , , ,2,1,2,4,3,4,1,2,2,2,2, , ,2, , ,2, , , , , ,2,11,15, ,15,13, ,15,9, ,8, , , ,25, , , , , , ,26,1, 
2/14/2024 4:07:26,2/14/2024 4:10:41,100,195,1,2/14/2024 4:10:42,R_6MMW1qXnwa2PNWY,37.752,-87.1514,EN,1,98,1,5,1,7,4,5,4,1,4,1,3,2,1,2, , , ,1, , ,2, , ,4, , ,2, , , , ,3, , ,2,-99, , , , , , , , ,1,1,6,5,4,4,4,2, , ,6, , ,4, , ,1,2,3,2,2,2,3,3,2,2,2, , ,3, , ,3, , , , , ,1,14,13, ,10,11, ,13,10, ,5, , , ,26,1, , , , , ,26,1, 
2/14/2024 4:15:12,2/14/2024 4:18:27,100,195,1,2/14/2024 4:18:28,R_62EpYZBfbs3l2a8,36.8142,-83.4223,EN,1,64,1,3,7,1,2,6,5,4,6,3,6,1,4,2, , , ,2, , ,2, , ,2, , ,2, , , , ,6, , ,1,1, , , , , , , , ,1,5,7,2,6,4,6,3, , ,2, , ,1, , ,4,3,2,3,3,3,4,4,2,2,3, , ,2, , ,2, , , , , ,2,15,14, ,13,11, ,14,5, ,7, , , ,26,1, , , , , ,26,1, 
2/14/2024 4:42:54,2/14/2024 4:49:43,100,408,1,2/14/2024 4:49:44,R_3WP8WHPGJr4LVXf,38.2406,-85.8156,EN,1,60,1,4,5,6,4,4,3,7,5,7,1,2,2,3, , , ,2, , ,7, , ,6, , ,2, , , , ,6, , ,3,-99, , , , , , , , ,2,-99,-99,-99,-99,-99,-99, , , , , , , , , ,3,3,3,4,3,4,3,3,3,2,2, , ,3, , ,3, , , , , ,1,15,13, ,10,9, ,14,9, ,8, , , ,26,1,1, , , , ,26,1, 
2/14/2024 4:42:57,2/14/2024 4:49:26,100,388,1,2/14/2024 4:49:26,R_7MMWuElGsCZCAyE,38.9924,-84.6462,EN,1,97,1,6,7,5,2,6,7,4,6,3,4,4,4,6, , , ,2, , ,3, , ,3, , ,1, , , , ,6, , ,2,-99, , , , , , , , ,2,-99,-99,-99,-99,-99,-99, , , , , , , , , ,3,3,3,3,1,2,2,2,4,2,4, , ,3, , ,3, , , , , ,1,12,12, ,14,13, ,13,6, ,6, , , ,26,1, , , , , ,26,1, 
2/14/2024 5:00:29,2/14/2024 5:03:15,100,166,1,2/14/2024 5:03:17,R_1sdgQZ7LmBUyIZz,38.2105,-85.627,EN,1,94,1,7,1,6,5,7,3,3,2,6,2,4,5,6, , , ,7, , ,7, , ,6, , ,1, , , , ,3, , ,1,1, , , , , , , , ,2,-99,-99,-99,-99,-99,-99, , , , , , , , , ,2,2,4,4,4,2,1,3,2,3,4, , ,2, , ,3, , , , , ,1,10,12, ,9,8, ,15,4, ,5, , , ,26, , , , , , ,27,1, 
2/14/2024 5:00:30,2/14/2024 5:03:16,100,165,1,2/14/2024 5:03:16,R_3XpS6jYEpqf8DzL,38.1405,-85.6936,EN,1,97,1,4,2,6,3,6,4,4,6,3,6,4,4,2, , , ,2, , ,2, , ,5, , ,1, , , , ,3, , ,3,-99, , , , , , , , ,1,3,2,7,6,4,1,5, , ,1, , ,4, , ,4,2,2,2,2,1,1,2,2,3,3, , ,2, , ,2, , , , , ,1,10,12, ,9,8, ,13,5, ,6, , , ,25, , , , , , ,27,1, 
2/14/2024 5:00:32,2/14/2024 5:03:25,100,173,1,2/14/2024 5:03:26,R_6ppfJiAtGiGqi6R,38.1405,-85.6936,EN,1,58,1,3,3,3,5,3,5,6,2,2,2,4,1,4, , , ,3, , ,4, , ,5, , ,1, , , , ,4, , ,1,1, , , , , , , , ,1,6,7,3,6,2,5,7, , ,5, , ,2, , ,2,3,4,3,4,2,1,3,1,3,2, , ,2, , ,2, , , , , ,1,10,12, ,9,8, ,12,5, ,5, , , ,25, , , , , , ,26,1, 
2/14/2024 5:00:33,2/14/2024 5:03:10,100,157,1,2/14/2024 5:03:11,R_7ReJ182Gqx22Ag5,36.8633,-87.4848,EN,1,90,1,7,3,6,5,1,3,6,2,3,2,4,7,5, , , ,4, , ,5, , ,1, , ,2, , , , ,5, , ,2,-99, , , , , , , , ,2,-99,-99,-99,-99,-99,-99, , , , , , , , , ,2,2,3,3,2,3,3,4,2,3,4, , ,1, , ,3, , , , , ,1,16,12, ,13,13, ,12,4, ,4, , , ,25, , , , , , ,27,1, 
2/14/2024 5:00:35,2/14/2024 5:03:16,100,160,1,2/14/2024 5:03:19,R_3G7Fx2WuQ5HYjHf,38.1405,-85.6936,EN,1,75,1,5,3,6,7,7,2,6,1,6,3,2,4,3, , , ,2, , ,5, , ,1, , ,1, , , , ,5, , ,3,-99, , , , , , , , ,3,4,3,4,1,3,5,4, , ,2, , ,3, , ,3,2,3,2,3,3,3,2,4,3,3, , ,2, , ,3, , , , , ,1,10,12, ,9,8, ,15,10, ,9, , , ,25, , , , , , ,27,1, 
2/14/2024 5:00:38,2/14/2024 5:03:15,100,157,1,2/14/2024 5:03:16,R_6hg53xGtm6Vvnvm,36.8633,-87.4848,EN,1,96,1,5,2,3,5,4,3,5,3,6,2,2,2,6, , , ,3, , ,2, , ,7, , ,2, , , , ,5, , ,2,-99, , , , , , , , ,2,-99,-99,-99,-99,-99,-99, , , , , , , , , ,1,4,2,4,2,3,2,1,2,2,2, , ,2, , ,2, , , , , ,1,10,12, ,9,8, ,14,6, ,5, , , ,25, , , , , , ,27,1, 
2/14/2024 5:04:37,2/14/2024 5:15:22,100,644,1,2/14/2024 5:15:22,R_5GrDL3ZWnIPaJfR,37.751,-97.822,EN,1,69,1,5,2,2,2,6,7,4,6,6,7,5,1,2, , , ,5, , ,5, , ,7, , ,2, , , , ,4, , ,3,-99, , , , , , , , ,2,-99,-99,-99,-99,-99,-99, , , , , , , , , ,2,4,2,2,2,4,4,1,3,2,3, , ,3, , ,1, , , , , ,1,16,14, ,15,12, ,14,9, ,5, , , ,25, , , , , , ,26,1, 
2/14/2024 5:04:43,2/14/2024 5:14:06,100,562,1,2/14/2024 5:14:06,R_3rwGYaCQjXNH8CT,38.0052,-84.423,EN,1,67,1,3,3,7,1,6,6,4,3,3,6,2,5,3, , , ,3, , ,2, , ,3, , ,1, , , , ,5, , ,3,-99, , , , , , , , ,2,-99,-99,-99,-99,-99,-99, , , , , , , , , ,4,3,3,4,4,2,3,1,3,1,1, , ,3, , ,2, , , , , ,2,15,16, ,13,13, ,14,9, ,4, , , ,26, , , , , , ,26,1, 
2/14/2024 6:21:29,2/14/2024 6:39:52,100,1103,1,2/14/2024 6:39:53,R_6BDnoYkjo03YSwp,39.0385,-84.5456,EN,1,85,1,6,3,1,5,3,3,3,5,5,7,6,1,5, , , ,6, , ,6, , ,5, , ,1, , , , ,2, , ,3,-99, , , , , , , , ,2,-99,-99,-99,-99,-99,-99, , , , , , , , , ,2,3,3,2,2,2,2,3,4,4,2, , ,1, , ,3, , , , , ,2,12,13, ,16,9, ,14,10, ,7, , , ,25, , , , , , ,26,1, 
2/14/2024 6:21:35,2/14/2024 6:41:27,100,1192,1,2/14/2024 6:41:28,R_5Tc9HkKZ9N8MaQx,36.4566,-86.6638,EN,1,66,1,4,3,7,2,6,6,2,1,2,3,4,4,4, , , ,3, , ,3, , ,5, , ,1, , , , ,7, , ,2,-99, , , , , , , , ,2,-99,-99,-99,-99,-99,-99, , , , , , , , , ,4,1,1,1,2,2,2,2,3,4,1, , ,2, , ,1, , , , , ,1,12,15, ,17,9, ,12,10, ,5, , , ,26, , , , , , ,26,1, 
2/15/2024 10:16:15,2/15/2024 10:54:07,100,2272,1,2/15/2024 10:54:08,R_7GB6AWycuJPzANs,40.7123,-74.0068,EN,1,63,1,3,5,5,1,3,6,7,3,4,2,4,2,3, , , ,4, , ,3, , ,3, , ,1, , , , ,3, , ,1,1, , , , , , , , ,1,5,1,3,2,4,5,1, , ,7, , ,5, , ,3,4,2,3,1,1,3,4,4,3,2, , ,3, , ,3, , , , , ,1,10,12, ,14,12, ,14,8, ,4, , , ,26,1,1, ,1, , ,26,1, 
2/15/2024 10:16:18,2/15/2024 10:49:41,100,2002,1,2/15/2024 11:04:41,R_2gMff6twPOhajGc,40.7123,-74.0068,EN,1,62,1,3,2,5,6,7,4,5,1,3,4,5,4,5, , , ,7, , ,5, , ,6, , ,1, , , , ,2, , ,1,1, , , , , , , , ,1,3,5,6,5,2,6,1, , ,4, , ,4, , ,1,2,1,4,3,2,2,3,2,3,3, , ,2, , ,3, , , , , ,1,10,12, ,14,12, ,13,9, ,4, , , ,26,1,1,1,1, , ,26,1, 
2/15/2024 10:16:22,2/15/2024 10:39:42,100,1399,1,2/15/2024 10:39:42,R_2X5qkeSFPvMdoYK,40.7123,-74.0068,EN,1,64,1,5,4,4,5,1,5,3,7,5,6,4,6,6, , , ,7, , ,2, , ,4, , ,1, , , , ,7, , ,1,1, , , , , , , , ,1,2,6,2,5,4,4,2, , ,1, , ,3, , ,1,1,4,3,2,1,2,2,1,3,3, , ,2, , ,3, , , , , ,1,10,14, ,15,11, ,12,6, ,4, , , ,26,1,1,1,1, , ,26,1, 
2/15/2024 10:16:25,2/15/2024 10:36:30,100,1205,1,2/15/2024 10:36:31,R_5TI69qszeRY0rOj,40.7123,-74.0068,EN,1,61,1,6,4,4,4,5,5,6,5,6,3,5,4,2, , , ,6, , ,3, , ,5, , ,1, , , , ,7, , ,1,1, , , , , , , , ,1,5,7,3,6,1,7,5, , ,7, , ,3, , ,2,3,3,4,2,4,2,2,2,3,2, , ,3, , ,1, , , , , ,1,10,14, ,11,9, ,16,7, ,7, , , ,26, , , ,1, , ,26,1, 
2/15/2024 10:16:30,2/15/2024 10:31:23,100,892,1,2/15/2024 10:31:23,R_7l4QZHmrDgxliQY,40.7123,-74.0068,EN,1,58,1,2,2,2,5,4,4,1,1,1,5,6,3,5, , , ,1, , ,2, , ,2, , ,1, , , , ,2, , ,2,-99, , , , , , , , ,1,5,3,3,1,1,5,4, , ,3, , ,5, , ,3,1,3,3,2,2,4,2,4,4,2, , ,1, , ,1, , , , , ,1,10,12, ,14,12, ,13,8, ,4, , , ,26, , , , , , ,26,1, 
2/15/2024 10:16:32,2/15/2024 10:28:29,100,716,1,2/15/2024 10:28:29,R_6wp3QBnvaa135dR,40.7123,-74.0068,EN,1,57,1,7,6,5,6,3,7,7,2,5,3,5,3,4, , , ,5, , ,2, , ,1, , ,1, , , , ,5, , ,1,1, , , , , , , , ,1,1,7,3,7,7,5,6, , ,6, , ,3, , ,2,3,2,3,2,4,2,1,3,2,2, , ,4, , ,3, , , , , ,1,10,12, ,15,9, ,13,5, ,4, , , ,26,1,1, ,1, , ,26,1, 
2/15/2024 10:16:35,2/15/2024 10:26:02,100,566,1,2/15/2024 10:26:02,R_20eJZ2FghlkKBMf,40.7123,-74.0068,EN,1,55,1,2,6,7,6,2,3,2,6,2,4,2,6,1, , , ,4, , ,3, , ,2, , ,1, , , , ,5, , ,1,1, , , , , , , , ,1,3,3,2,4,6,5,1, , ,1, , ,2, , ,3,3,1,2,3,1,4,2,2,2,2, , ,2, , ,3, , , , , ,1,10,13, ,11,12, ,13,6, ,4, , , ,26, , , ,1, , ,26,1, 
2/15/2024 10:16:38,2/15/2024 10:23:02,100,384,1,2/15/2024 10:23:03,R_5tm81bNe4mAg6vG,40.7123,-74.0068,EN,1,4,1,4,7,3,6,3,5,6,7,5,5,5,1,3, , , ,4, , ,2, , ,6, , ,1, , , , ,5, , ,1,1, , , , , , , , ,1,4,5,7,6,6,3,4, , ,5, , ,4, , ,3,1,1,2,3,2,2,1,3,2,2, , ,4, , ,3, , , , , ,1,10,12, ,15,12, ,14,5, ,4, , , ,26,1,1, ,1, , ,26,1, 
2/15/2024 10:58:06,2/15/2024 11:36:21,100,2294,1,2/15/2024 11:36:22,R_70oFe26gR4yvJkd,39.018,-77.539,EN,1,55,1,6,6,5,2,6,3,3,5,7,3,3,5,6, , , ,6, , ,1, , ,4, , ,1, , , , ,2, , ,1,1, , , , , , , , ,1,1,3,4,1,3,5,3, , ,2, , ,6, , ,3,2,2,3,2,3,1,4,2,4,3, , ,3, , ,2, , , , , ,1,10,13, ,16,12, ,13,8, ,4, , , ,26,1,1,1,1, , ,26,1, 
2/15/2024 10:58:12,2/15/2024 11:03:24,100,311,1,2/15/2024 11:03:24,R_7BWKRiVitkyefjz,39.018,-77.539,EN,1,69,1,2,7,2,5,6,6,2,7,1,3,2,2,1, , , ,4, , ,1, , ,2, , ,1, , , , ,6, , ,1,1, , , , , , , , ,1,1,1,2,4,5,3,1, , ,7, , ,2, , ,3,2,1,3,2,3,1,2,4,1,3, , ,3, , ,3, , , , , ,1,10,14, ,10,9, ,12,4, ,4, , , ,26, , ,1,1, , ,26,1, 
2/15/2024 10:58:17,2/15/2024 11:07:50,100,573,1,2/15/2024 11:07:51,R_1dQ7FLpAL84MSAU,39.018,-77.539,EN,1,61,1,5,5,3,2,2,1,2,2,5,3,5,2,2, , , ,5, , ,2, , ,3, , ,1, , , , ,6, , ,1,1, , , , , , , , ,1,7,3,4,1,1,5,6, , ,4, , ,5, , ,2,4,2,3,3,1,3,1,4,3,2, , ,4, , ,1, , , , , ,1,10,13, ,16,12, ,13,9, ,4, , , ,26,1,1,1,1, , ,26,1, 
2/15/2024 10:58:22,2/15/2024 11:15:03,100,1001,1,2/15/2024 11:15:03,R_5CThe1hhGcVSFmx,39.018,-77.539,EN,1,61,1,5,4,4,3,3,2,2,5,7,5,1,5,2, , , ,5, , ,6, , ,3, , ,1, , , , ,4, , ,1,1, , , , , , , , ,1,5,7,4,5,3,2,5, , ,3, , ,3, , ,4,2,2,2,3,1,3,3,2,1,1, , ,3, , ,3, , , , , ,1,10,12, ,16,10, ,12,4, ,4, , , ,26,1,1,1,1, , ,26,1, 
2/15/2024 10:58:27,2/15/2024 11:19:51,100,1284,1,2/15/2024 11:19:52,R_64c7GppmB1Tmulj,39.018,-77.539,EN,1,58,1,5,5,6,2,6,3,1,5,7,6,4,6,2, , , ,7, , ,4, , ,7, , ,1, , , , ,4, , ,1,1, , , , , , , , ,1,3,7,6,3,6,4,4, , ,6, , ,3, , ,4,2,3,2,3,2,3,1,3,2,2, , ,3, , ,1, , , , , ,1,10,12, ,14,12, ,13,4, ,4, , , ,26,1,1,1,1, , ,26,1, 
2/15/2024 10:58:34,2/15/2024 11:23:54,100,1520,1,2/15/2024 11:23:55,R_5zcPovSAHEWFs7T,39.018,-77.539,EN,1,57,1,2,3,5,5,4,6,3,6,2,4,4,5,6, , , ,3, , ,2, , ,3, , ,1, , , , ,4, , ,1,1, , , , , , , , ,1,2,4,7,7,6,5,7, , ,2, , ,3, , ,4,3,2,3,3,4,1,3,3,4,2, , ,2, , ,2, , , , , ,1,10,12, ,16,12, ,14,9, ,4, , , ,26,1,1,1, , , ,26,1, 
2/15/2024 10:58:43,2/15/2024 11:26:49,100,1685,1,2/15/2024 11:26:49,R_1EGXoxfwcBMq6jD,39.018,-77.539,EN,1,56,1,5,4,4,2,1,7,1,3,2,1,5,2,3, , , ,5, , ,2, , ,4, , ,1, , , , ,3, , ,1,1, , , , , , , , ,1,4,7,4,5,6,1,5, , ,4, , ,2, , ,2,4,4,3,3,2,3,3,1,1,2, , ,1, , ,1, , , , , ,1,10,12, ,16,14, ,13,9, ,4, , , ,26,1,1,1,1, , ,26,1, 
2/15/2024 10:58:48,2/15/2024 11:31:58,100,1990,1,2/15/2024 11:31:59,R_6HpcYZC9tCm9rMb,39.018,-77.539,EN,1,67,1,3,1,3,2,5,4,2,2,6,3,6,7,1, , , ,2, , ,6, , ,3, , ,1, , , , ,4, , ,1,1, , , , , , , , ,1,3,6,3,3,1,6,5, , ,3, , ,1, , ,1,3,2,4,3,2,1,1,4,2,3, , ,1, , ,2, , , , , ,1,10,13, ,14,12, ,15,5, ,6, , , ,25, , , , , , ,26,1, 
2/15/2024 23:36:15,2/16/2024 0:09:18,100,1983,1,2/16/2024 0:09:19,R_5mKHYh2G2ZkhLe3,37.751,-97.822,EN,1,65,1,4,6,4,3,3,5,4,4,1,4,5,2,5, , , ,2, , ,6, , ,3, , ,1, , , , ,4, , ,1,1, , , , , , , , ,1,6,7,6,3,2,4,7, , ,3, , ,4, , ,3,3,2,3,2,1,4,2,2,3,2, , ,4, , ,3, , , , , ,1,10,12, ,16,9, ,12,5, ,4, , , ,26, ,1,1, , , ,26,1, 
2/15/2024 23:36:16,2/16/2024 0:29:50,100,3213,1,2/16/2024 0:29:50,R_639NDwa2kHN2zZR,37.751,-97.822,EN,1,62,1,6,4,2,6,5,6,7,2,4,4,6,7,6, , , ,5, , ,4, , ,6, , ,1, , , , ,3, , ,1,1, , , , , , , , ,1,6,3,3,2,1,6,1, , ,4, , ,3, , ,1,2,1,1,2,2,2,3,2,2,1, , ,4, , ,3, , , , , ,1,10,12, ,13,9, ,13,5, ,4, , , ,26,1,1,1, , , ,26,1, 
2/15/2024 23:36:18,2/16/2024 0:07:04,100,1845,1,2/16/2024 0:07:04,R_5DBEXiAaPvzGcfW,37.751,-97.822,EN,1,58,1,5,5,1,2,6,6,2,6,7,5,4,4,7, , , ,5, , ,7, , ,5, , ,1, , , , ,4, , ,1,1, , , , , , , , ,1,2,1,5,6,3,1,6, , ,4, , ,5, , ,1,3,3,3,1,3,2,2,4,2,4, , ,3, , ,3, , , , , ,1,10,12, ,13,9, ,13,8, ,4, , , ,26,1,1,1,1, , ,26,1, 
2/15/2024 23:36:19,2/16/2024 0:36:55,100,3635,1,2/16/2024 0:36:55,R_6uX4sLkazCDuxnd,37.751,-97.822,EN,1,60,1,1,2,1,4,6,2,6,4,3,6,3,3,2, , , ,6, , ,2, , ,1, , ,1, , , , ,4, , ,1,1, , , , , , , , ,1,3,6,6,1,4,5,7, , ,5, , ,6, , ,2,2,2,3,4,2,3,3,2,4,1, , ,2, , ,4, , , , , ,1,10,12, ,15,12, ,12,4, ,4, , , ,26,1,1,1, , , ,26,1, 
2/15/2024 23:36:23,2/15/2024 23:59:19,100,1375,1,2/15/2024 23:59:20,R_3QasQlrrt0i1exO,37.751,-97.822,EN,1,57,1,2,4,2,6,7,4,1,2,1,7,4,5,3, , , ,2, , ,4, , ,3, , ,2, , , , ,2, , ,2,-99, , , , , , , , ,1,3,1,6,6,7,2,3, , ,3, , ,3, , ,2,2,1,3,2,2,2,1,3,4,1, , ,3, , ,2, , , , , ,1,10,12, ,13,9, ,13,5, ,4, , , ,26,1,1,1, , , ,26,1, 
2/15/2024 23:36:25,2/16/2024 0:23:51,100,2846,1,2/16/2024 0:23:52,R_5NU2nEI2xGwOxdS,37.751,-97.822,EN,1,59,1,7,5,4,6,2,3,4,7,5,5,4,5,2, , , ,6, , ,4, , ,5, , ,1, , , , ,5, , ,1,1, , , , , , , , ,1,6,5,4,7,3,3,2, , ,6, , ,6, , ,1,2,3,4,2,2,2,1,4,3,1, , ,3, , ,2, , , , , ,1,10,12, ,15,9, ,13,4, ,4, , , ,26,1,1,1, , , ,26,1, 
2/15/2024 23:52:05,2/16/2024 0:01:54,100,589,1,2/16/2024 0:01:54,R_3eLSynVKpySxIcu,37.751,-97.822,EN,1,86,1,5,2,5,3,2,5,6,3,2,2,2,2,6, , , ,2, , ,5, , ,6, , ,1, , , , ,4, , ,1,1, , , , , , , , ,1,2,6,6,6,1,5,3, , ,3, , ,5, , ,2,1,4,1,2,4,1,4,3,2,4, , ,1, , ,2, , , , , ,1,10,12, ,16,12, ,13,8, ,4, , , ,26,1,1,1,1, , ,26,1, 
2/16/2024 0:09:34,2/16/2024 0:15:22,100,347,1,2/16/2024 0:15:22,R_6bNvOsdPPwI3SpL,37.751,-97.822,EN,1,60,1,3,6,4,1,3,6,3,3,4,2,3,1,7, , , ,6, , ,7, , ,5, , ,1, , , , ,4, , ,1,1, , , , , , , , ,1,1,2,2,7,1,2,2, , ,5, , ,3, , ,2,3,1,2,4,2,4,3,1,3,1, , ,2, , ,3, , , , , ,1,16,15, ,11,9, ,12,5, ,4, , , ,26,1,1,1, , , ,26,1, 
2/16/2024 0:43:58,2/16/2024 0:50:09,100,371,1,2/16/2024 0:50:10,R_62nHWlUpp4Xo6xi,37.751,-97.822,EN,1,62,1,4,2,5,1,4,6,3,5,7,6,3,7,4, , , ,1, , ,6, , ,6, , ,1, , , , ,4, , ,1,1, , , , , , , , ,1,6,5,3,1,3,4,5, , ,3, , ,4, , ,3,4,3,1,4,1,4,1,3,3,3, , ,1, , ,4, , , , , ,1,10,13, ,16,12, ,13,9, ,4, , , ,26,1,1,1,1, , ,26,1, 
2/16/2024 0:44:04,2/16/2024 0:55:22,100,677,1,2/16/2024 0:55:22,R_3ZZZmway9HR7fiz,37.751,-97.822,EN,1,64,1,5,6,3,6,5,3,6,6,6,4,4,5,2, , , ,6, , ,1, , ,1, , ,1, , , , ,6, , ,1,1, , , , , , , , ,1,3,6,5,6,1,3,4, , ,6, , ,3, , ,2,1,4,1,3,3,4,4,4,2,1, , ,2, , ,4, , , , , ,1,10,12, ,13,9, ,13,5, ,4, , , ,26,1,1,1,1, , ,26,1, 
2/19/2024 3:34:41,2/19/2024 3:46:44,100,723,1,2/19/2024 3:46:45,R_5AZ2Tg2F4qReTHj,37.7325,-83.0298,EN,1,68,1,2,3,3,1,2,5,3,3,7,7,2,7,5, , , , , , ,-99, , ,-99, , ,1, , , , ,5, , ,1,1, , , , , , , , ,1,6,7,7,2,4,5,6, , ,4, , ,4, , ,1,4,1,3,3,4,1,3,3,1,4, , ,1, , ,4, , , , , ,1,13,15, ,15,8, ,15,8, ,6, , , ,26, , , ,1, , ,26,1, 
2/19/2024 3:34:42,2/19/2024 3:46:36,100,713,1,2/19/2024 3:46:37,R_6dnr8rqvlpDCu3K,39.0217,-84.4989,EN,1,67,1,4,2,3,6,2,4,6,2,4,4,6,1,6, , , ,1, , ,6, , ,1, , ,1, , , , ,6, , ,1,1, , , , , , , , ,1,3,4,2,4,7,5,5, , ,7, , ,7, , ,3,4,2,3,1,3,4,3,2,3,3, , ,3, , ,2, , , , , ,2,14,13, ,17,12, ,13,4, ,6, , , ,25, , , , , , ,26,1, 
2/19/2024 3:34:45,2/19/2024 3:46:41,100,716,1,2/19/2024 3:46:42,R_1JRCAZUCUEmQryp,38.1463,-85.862,EN,1,92,1,7,6,5,4,6,3,3,3,5,6,6,5,4, , , , , , ,-99, , ,-99, , ,2, , , , ,6, , ,1,1, , , , , , , , ,1,2,2,1,1,2,6,2, , ,2, , ,2, , ,4,3,3,4,1,3,3,1,3,3,2, , ,2, , ,2, , , , , ,1,15,14, ,9,12, ,13,10, ,7, , , ,26, ,1, , , , ,26,1, 
2/19/2024 4:01:55,2/19/2024 4:04:56,100,180,1,2/19/2024 4:04:56,R_32KGOoJjTEOHmIe,41.8986,-87.738,EN,1,93,1,1,6,7,3,7,3,3,6,4,6,6,2,2, , , , , , ,-99, , ,-99, , ,1,NA, ,NA, ,5, , ,3,-99, , , , , , , , ,1,6,4,3,6,4,4, , , , , , , , , ,3,2,3,1,3,2,1,3,1,3,-99, , ,-99, , ,-99, , , , , ,1,16,13, ,11,12, ,14,10, ,7, , , ,26,1,1, , , , ,26,1, 
2/19/2024 4:01:57,2/19/2024 4:04:53,100,175,1,2/19/2024 4:04:53,R_52z27xqJsvteDkT,38.1774,-85.5209,EN,1,70,1,3,1,2,5,6,3,7,6,1,4,5,7,6, , , , , , ,-99, , ,-99, , ,1,NA, ,NA, ,4, , ,3,-99, , , , , , , , ,2,-99,-99,-99,-99,-99,-99, , , , , , , , , ,1,2,2,2,2,2,2,1,3,2,-99, , ,-99, , ,-99, , , , , ,2,15,15, ,10,10, ,13,7, ,4, , , ,26, ,1, , , , ,26,1, 
2/19/2024 4:01:59,2/19/2024 4:04:49,100,169,1,2/19/2024 4:04:49,R_18UjfAPL8Zry0vk,37.0551,-85.0375,EN,1,61,1,3,2,5,4,3,2,7,3,7,2,2,5,2, , , , , , ,-99, , ,-99, , ,1,NA, ,NA, ,2, , ,3,-99, , , , , , , , ,3,4,3,7,2,7,4,7, , ,6, , ,3, , ,3,3,4,4,3,1,2,1,1,2,-99, , ,-99, , ,-99, , , , , ,1,15,15, ,10,12, ,12,5, ,7, , , ,26,1, , , , , ,26,1, 
2/20/2024 19:06:09,2/20/2024 19:09:14,100,184,1,2/20/2024 19:09:14,R_7pcebd1kzhq1BE5,34.0544,-118.244,EN,1,4,1,2,3,2,2,3,2,3,4,2,3,2,4,3, , , , , , ,-99, , ,-99, , ,1, , ,g, ,5,g, ,2,-99, , , , , , , , ,2,-99,-99,-99,-99,-99,-99, , , , , , , , , ,4,3,2,2,2,3,2,2,3,2,-99, , ,-99, , ,-99, , , , , ,2,11,13, ,16,10, ,15,4, ,4, , , ,26,1, , , , , ,26,1, 
2/20/2024 19:09:38,2/20/2024 19:31:23,100,1304,1,2/20/2024 19:31:24,R_6RU66Cq6CiTwkTn,37.1835,-121.7714,EN,1,55,1,5,1,6,6,6,6,5,7,6,7,3,3,5, , , ,6, , ,4, , ,4, , ,2, , , , ,5, , ,1,2, , , , , , , , ,1,7,7,6,7,7,6,7, , ,6, , ,5, , ,4,4,4,4,4,4,4,4,4,4,4, , ,4, , ,4, , , , , ,1,11,12, ,16,11, ,12,4, ,5, , , ,26,1,1, , , , ,26,1, 
2/20/2024 22:40:32,2/20/2024 22:43:00,100,148,1,2/20/2024 22:43:01,R_73pc7b7z8UruMet,34.0544,-118.2441,EN,1,4,1,3,2,1,2,3,3,3,3,3,4,3,3,3, , , ,5, , ,2, , ,2, , ,1, , , , ,4, , ,1,1, , , , , , , , ,1,3,2,1,1,2,3,2, , ,3, , ,3, , ,2,2,2,1,2,3,3,3,3,2,2, , ,2, , ,2, , , , , ,1,11,13, ,12,8, ,12,4, ,5, , , ,26, , , ,1, , ,26,1, 
2/21/2024 0:17:06,2/21/2024 0:22:26,100,319,1,2/21/2024 0:22:26,R_3dWOcMhDeANhkjs,34.0544,-118.2441,EN,1,59,1,5,5,5,5,5,6,6,5,5,5,4,6,4, , , ,6, , ,4, , ,4, , ,1, , , , ,5, , ,1,1, , , , , , , , ,1,5,5,4,5,5,5,6, , ,6, , ,5, , ,4,4,4,4,4,4,4,4,4,4,3, , ,3, , ,4, , , , , ,1,11,12, ,15,10, ,12,8, ,5, , , ,26, ,1,1,1, , ,26,1, 
2/21/2024 0:46:25,2/21/2024 0:49:14,100,169,1,2/21/2024 0:49:14,R_6YgC0e3ULte2fIO,34.0544,-118.2441,EN,1,4,1,2,3,3,3,4,4,3,4,3,4,5,7,6, , , ,2, , ,1, , ,6, , ,1, , , , ,2, , ,1,1, , , , , , , , ,1,1,1,2,1,1,4,1, , ,4, , ,5, , ,2,3,3,2,2,1,2,3,3,3,2, , ,1, , ,4, , , , , ,1,11,12, ,12,9, ,13,9, ,5, , , ,25, , , , , , ,26,1, 
2/21/2024 3:02:13,2/21/2024 3:05:27,100,193,1,2/21/2024 3:05:27,R_7CZT0MkrjZLqb9l,47.6144,-122.3447,EN,1,100,1,4,6,5,5,4,4,5,5,4,4,3,6,5, , , ,4, , ,5, , ,5, , ,1, , , , ,5, , ,1,1, , , , , , , , ,1,4,3,4,5,4,5,4, , ,5, , ,5, , ,3,4,3,3,3,4,3,4,3,3,3, , ,2, , ,4, , , , , ,1,12,13, ,16,11, ,12,4, ,5, , , ,26, ,1, , , , ,26,1, 
2/21/2024 6:57:03,2/21/2024 7:00:47,100,223,1,2/21/2024 7:00:47,R_32nQlDocQXWNDjM,37.1835,-121.7714,EN,1,59,1,3,4,4,4,3,5,5,3,5,5,4,5,5, , , ,4, , ,3, , ,5, , ,1, , , , ,6, , ,1,1, , , , , , , , ,1,5,4,6,5,3,6,4, , ,4, , ,4, , ,4,2,4,4,3,3,4,3,4,3,3, , ,3, , ,2, , , , , ,1,11,12, ,14,12, ,12,4, ,4, , , ,26, ,1, , , , ,26,1, 
2/21/2024 10:02:23,2/21/2024 10:34:45,100,1942,1,2/21/2024 10:34:46,R_3Gqb3vJSfbPqtKF,37.1835,-121.7714,EN,1,4,1,2,2,1,2,3,5,2,3,5,2,6,1,1, , , ,1, , ,2, , ,3, , ,2, , , , ,3,make no difference,8,1,1,Services in the library, ,It is suggested that people from the community come to the library and read books., , , , , ,1,1,1,1,1,1,3,1, , ,3, , ,2, , ,2,3,4,4,4,4,4,4,4,4,4, , ,4, , ,4, , ,Waiting for the epidemic to end before opening a library., , ,1,10,12, ,14,10, ,12,5, ,4, , , ,26,1,1, , , , ,26,1, 
2/22/2024 10:05:00,2/22/2024 10:13:27,100,506,1,2/22/2024 10:13:28,R_4HtNZrEq3SRen5o,22.5559,114.0577,EN,1,97,1,5,4,3,6,1,4,1,1,1,1,1,3,6, , , ,1, , ,1, , ,1, , ,2, , , , ,5, , ,3,-99, , , , , , , , ,3,3,3,3,1,3,2,2, , ,1, , ,1, , ,4,4,4,3,4,3,4,4,1,2,3, , ,3, , ,4, , , , , ,2,11,13, ,14,14, ,16,11, ,5, , , ,26,1,1, , , , ,26,1, 
2/22/2024 17:18:13,2/22/2024 17:19:25,100,71,1,2/22/2024 17:19:26,R_4lbptSnKZj0cdmm,22.2578,114.1657,EN,1,58,1,2,6,2,1,1,3,7,6,7,4,1,4,3, , , ,7, , ,7, , ,3, , ,2, , , , ,5, , ,1,1, , , , , , , , ,1,4,1,1,4,3,7,2, , ,3, , ,7, , ,4,4,4,3,1,3,4,1,3,4,3, , ,4, , ,1, , , , , ,1,11,12, ,16,8, ,12,4, ,5, , , ,25, , , , , , ,26,1, 
2/22/2024 21:17:43,2/22/2024 21:33:43,100,959,1,2/22/2024 21:33:43,R_7sacQaAC6oDYmAM,35.5092,-78.3496,EN,1,65,1,6,7,6,7,6,6,6,7,6,6,4,6,6, , , , , , ,-99, , ,-99, , ,2, , , , ,6, , ,1,1, , , , , , , , ,1,6,5,7,5,6,6, , , , , , , , , ,4,4,4,3,4,4,4,4,4,4,-99, , ,-99, , ,-99, , , , , ,1,11,12, ,14,8, ,12,4, ,4, , , ,26,1, , , , , ,27,1, 
2/23/2024 9:38:58,2/23/2024 9:48:49,100,590,1,2/23/2024 9:48:49,R_3DgWS8Uk6NE5KgN,33.716,-84.5297,EN,1,99,1,3,3,3,4,6,6,3,6,6,2,3,5,3, , , ,5, , ,2, , ,5, , ,2, , , , ,2, , ,2,-99, , , , , , , , ,1,4,3,3,2,6,3,6, , ,2, , ,3, , ,3,3,4,3,2,3,2,4,2,3,4, , ,3, , ,3, , , , , ,1,11,12, ,16,12, ,12,8, ,5, , , ,26,1,1, , , , ,26,1, 
2/23/2024 9:38:58,2/23/2024 9:49:00,100,601,1,2/23/2024 9:49:00,R_7Kj0ITbTUlWsa6R,34.4973,-82.0079,EN,1,99,1,3,2,3,4,5,2,4,4,6,4,4,3,4, , , ,2, , ,3, , ,6, , ,2, , , , ,3, , ,2,-99, , , , , , , , ,2,-99,-99,-99,-99,-99,-99, , , , , , , , , ,3,3,3,4,3,3,3,3,3,3,2, , ,3, , ,3, , , , , ,1,11,12, ,16,12, ,12,8, ,5, , , ,26,1,1, , , , ,26,1, 
2/23/2024 9:38:59,2/23/2024 9:48:53,100,593,1,2/23/2024 9:48:53,R_3P4DIo3fwVQNPIn,38.5725,-121.4702,EN,1,99,1,7,2,4,4,3,5,6,5,3,6,4,6,5, , , ,3, , ,6, , ,6, , ,2, , , , ,5, , ,2,-99, , , , , , , , ,1,6,5,3,4,6,4,4, , ,4, , ,3, , ,4,4,3,3,2,3,3,3,2,4,3, , ,2, , ,3, , , , , ,1,11,12, ,16,12, ,12,8, ,5, , , ,26,1,1, , , , ,26,1, 
2/23/2024 9:38:59,2/23/2024 9:49:09,100,609,1,2/23/2024 9:49:10,R_5E5vs8eSxprCRed,41.3054,-73.1217,EN,1,99,1,5,5,7,6,7,6,3,2,6,2,2,7,3, , , ,7, , ,3, , ,3, , ,2, , , , ,3, , ,2,-99, , , , , , , , ,1,5,7,5,3,5,3,4, , ,7, , ,5, , ,3,4,3,4,3,4,4,2,3,2,2, , ,3, , ,3, , , , , ,1,11,12, ,16,12, ,12,8, ,5, , , ,26,1,1, , , , ,26,1, 
2/23/2024 9:38:59,2/23/2024 9:48:11,100,552,1,2/23/2024 9:48:12,R_5Bx7SWIEAeZkoI9,37.7183,-122.4103,EN,1,99,1,4,3,6,3,6,7,6,7,7,5,4,3,5, , , ,5, , ,2, , ,5, , ,2, , , , ,6, , ,2,-99, , , , , , , , ,1,3,6,2,3,3,6,4, , ,5, , ,4, , ,3,3,4,4,2,3,4,3,4,3,2, , ,3, , ,3, , , , , ,1,11,12, ,16,12, ,12,8, ,5, , , ,26,1,1, , , , ,26,1, 
2/23/2024 9:38:59,2/23/2024 9:49:13,100,614,1,2/23/2024 9:49:14,R_3dzLEGOsuqO8MUh,41.3569,-85.0497,EN,1,99,1,5,7,3,5,4,6,6,2,5,4,6,7,7, , , ,4, , ,5, , ,4, , ,2, , , , ,2, , ,2,-99, , , , , , , , ,2,-99,-99,-99,-99,-99,-99, , , , , , , , , ,4,3,3,2,4,3,4,4,4,3,4, , ,3, , ,3, , , , , ,1,11,12, ,16,12, ,12,8, ,5, , , ,26,1,1, , , , ,26,1, 
2/23/2024 9:38:59,2/23/2024 9:48:25,100,566,1,2/23/2024 9:48:26,R_64QIUxMyJnXzup3,34.0511,-118.3324,EN,1,99,1,5,4,2,5,4,6,6,2,6,5,5,4,3, , , ,6, , ,5, , ,6, , ,2, , , , ,6, , ,1,1, , , , , , , , ,2,-99,-99,-99,-99,-99,-99, , , , , , , , , ,2,4,2,3,4,2,3,4,3,3,3, , ,4, , ,4, , , , , ,-99, ,12, ,16,11, ,12,8, ,5, , , ,26,1,1, , , , ,26,0, 
2/23/2024 9:38:59,2/23/2024 9:48:32,100,572,1,2/23/2024 9:48:32,R_3HgX5FoPGSel8k9,42.312,-71.1081,EN,1,99,1,3,4,7,6,2,7,6,3,6,4,5,5,3, , , ,4, , ,2, , ,2, , ,2, , , , ,5, , ,2,-99, , , , , , , , ,2,-99,-99,-99,-99,-99,-99, , , , , , , , , ,3,3,3,3,4,3,3,3,3,4,2, , ,2, , ,2, , , , , ,1,11,12, ,16,12, ,12,8, ,5, , , ,26,1,1, , , , ,26,1, 
2/23/2024 9:38:59,2/23/2024 9:48:23,100,564,1,2/23/2024 9:48:24,R_6EgT4XzGOCTe4ob,33.1909,-96.6198,EN,1,99,1,5,3,3,7,3,3,6,3,5,7,3,3,5, , , ,7, , ,5, , ,4, , ,2, , , , ,6, , ,2,-99, , , , , , , , ,1,7,4,3,3,7,2,7, , ,5, , ,3, , ,3,2,4,3,2,2,3,4,3,4,2, , ,3, , ,3, , , , , ,1,11,12, ,16,12, ,12,8, ,5, , , ,26,1,1, , , , ,26,1, 
2/23/2024 9:38:59,2/23/2024 9:49:16,100,616,1,2/23/2024 9:49:17,R_5diHfznhjBHb0a5,38.9206,-76.8787,EN,1,99,1,5,4,3,7,5,5,6,3,5,4,6,5,3, , , ,4, , ,3, , ,4, , ,1, , , , ,3, , ,1,1, , , , , , , , ,1,7,3,4,4,3,5,4, , ,3, , ,2, , ,4,2,3,4,2,2,3,2,3,3,3, , ,4, , ,3, , , , , ,1,11,12, ,16,12, ,12,8, ,5, , , ,26,1,1, , , , ,26,1, 
2/23/2024 9:38:59,2/23/2024 9:49:30,100,630,1,2/23/2024 9:49:31,R_5VTVZfNO5IvCHKN,35.9188,-81.5403,EN,1,99,1,6,3,3,3,7,5,5,4,2,3,6,5,7, , , ,7, , ,3, , ,7, , ,2, , , , ,6, , ,2,-99, , , , , , , , ,2,-99,-99,-99,-99,-99,-99, , , , , , , , , ,3,2,2,3,3,2,2,3,3,2,2, , ,3, , ,3, , , , , ,1,11,12, ,16,12, ,12,8, ,5, , , ,26,1,1, , , , ,26,1, 
2/23/2024 9:38:59,2/23/2024 9:49:21,100,621,1,2/23/2024 9:49:21,R_5zw1vPao0uoF5yB,37.1794,-77.3858,EN,1,99,1,3,7,4,7,6,2,3,6,3,7,2,4,6, , , ,3, , ,3, , ,6, , ,2, , , , ,2, , ,2,-99, , , , , , , , ,1,2,7,7,3,4,3,5, , ,7, , ,3, , ,4,3,2,2,3,3,3,4,4,2,3, , ,4, , ,3, , , , , ,1,11,12, ,16,12, ,12,8, ,5, , , ,26,1,1, , , , ,26,1, 
2/23/2024 9:39:01,2/23/2024 9:48:56,100,595,1,2/23/2024 9:48:57,R_5hfMC76zOL54nYJ,33.9141,-84.8274,EN,1,99,1,4,4,6,6,7,6,7,5,6,2,6,4,4, , , ,5, , ,7, , ,4, , ,2, , , , ,5, , ,2,-99, , , , , , , , ,2,-99,-99,-99,-99,-99,-99, , , , , , , , , ,2,3,3,3,4,2,3,3,4,4,2, , ,3, , ,3, , , , , ,1,11,12, ,16,12, ,12,8, ,5, , , ,26,1,1, , , , ,26,1, 
2/23/2024 9:39:03,2/23/2024 9:49:22,100,619,1,2/23/2024 9:49:23,R_62zkRl17UcTCNaq,32.5938,-83.642,EN,1,99,1,3,5,3,4,5,6,3,4,5,3,4,5,6, , , ,6, , ,2, , ,4, , ,2, , , , ,6, , ,2,-99, , , , , , , , ,2,-99,-99,-99,-99,-99,-99, , , , , , , , , ,4,4,3,2,3,4,2,4,4,2,4, , ,2, , ,2, , , , , ,1,11,12, ,16,12, ,12,8, ,5, , , ,26,1,1, , , , ,26,1, 
2/23/2024 9:39:15,2/23/2024 9:48:43,100,567,1,2/23/2024 9:48:44,R_5L54OMaSJwXUXjm,33.5631,-84.5832,EN,1,99,1,7,3,7,3,7,3,6,3,6,6,7,5,3, , , ,3, , ,5, , ,5, , ,2, , , , ,5, , ,2,-99, , , , , , , , ,1,7,2,3,2,7,6,3, , ,5, , ,4, , ,3,3,4,2,4,2,3,4,2,4,2, , ,3, , ,3, , , , , ,1,11,12, ,16,12, ,12,8, ,5, , , ,26,1,1, , , , ,26,1, 
2/23/2024 9:50:42,2/23/2024 10:03:13,100,750,1,2/23/2024 10:03:13,R_3DYkndtR8FLD5Xb,41.4549,-87.0613,EN,1,57,1,6,6,5,2,6,6,4,5,3,4,5,7,4, , , ,5, , ,4, , ,4, , ,2, , , , ,3, , ,2,-99, , , , , , , , ,2,-99,-99,-99,-99,-99,-99, , , , , , , , , ,2,3,3,4,3,3,3,4,4,4,2, , ,2, , ,3, , , , , ,1,11,12, ,16,11, ,12,4, ,5, , , ,26,1,1,1, , , ,26,1, 
2/23/2024 9:50:43,2/23/2024 10:03:32,100,769,1,2/23/2024 10:03:33,R_5Y8fmqhQKKkFydr,41.7011,-86.872,EN,1,71,1,3,7,6,5,6,2,4,6,6,4,3,5,3, , , ,4, , ,4, , ,4, , ,2, , , , ,3, , ,1,1, , , , , , , , ,1,5,6,3,2,4,5,3, , ,7, , ,4, , ,4,3,3,3,3,3,3,3,3,3,2, , ,3, , ,3, , , , , ,1,11,12, ,16,11, ,12,4, ,5, , , ,26,1,1, , , , ,26,1, 
2/23/2024 9:50:43,2/23/2024 10:03:23,100,760,1,2/23/2024 10:03:24,R_11c3Lo8zADejwbt,41.0977,-85.1176,EN,1,73,1,5,6,5,3,6,3,4,3,4,4,5,4,6, , , ,2, , ,3, , ,5, , ,2, , , , ,5, , ,2,-99, , , , , , , , ,1,5,3,5,6,6,3,4, , ,2, , ,5, , ,3,2,3,2,4,2,3,3,2,3,2, , ,3, , ,2, , , , , ,1,11,12, ,16,11, ,12,4, ,5, , , ,26,1,1, , , , ,26,1, 
2/23/2024 9:50:43,2/23/2024 10:04:08,100,805,1,2/23/2024 10:04:08,R_6QKFOExKml49B19,39.6757,-86.0694,EN,1,57,1,6,6,5,3,3,5,7,3,4,3,4,2,6, , , ,5, , ,5, , ,3, , ,2, , , , ,3, , ,1,1, , , , , , , , ,1,5,4,4,4,6,5,4, , ,6, , ,3, , ,4,3,4,2,2,3,3,3,2,4,3, , ,2, , ,2, , , , , ,1,11,12, ,16,11, ,12,4, ,5, , , ,26,1,1, , , , ,26,1, 
2/23/2024 9:50:43,2/23/2024 10:03:36,100,772,1,2/23/2024 10:03:36,R_51ufa7n1wmUM6hN,39.8499,-86.2649,EN,1,57,1,4,6,4,5,5,2,4,6,5,5,5,5,4, , , ,4, , ,5, , ,5, , ,2, , , , ,4, , ,2,-99, , , , , , , , ,1,5,7,3,6,6,3,6, , ,6, , ,5, , ,3,3,3,4,3,3,2,3,4,2,2, , ,2, , ,2, , , , , ,1,11,12, ,16,11, ,12,4, ,5, , , ,26,1,1, , , , ,26,1, 
2/23/2024 9:50:43,2/23/2024 10:03:16,100,753,1,2/23/2024 10:03:17,R_3Ns2IFNa9vwsNnn,37.9318,-87.6602,EN,1,81,1,5,6,3,7,3,5,6,2,2,5,5,7,6, , , ,4, , ,2, , ,2, , ,1, , , , ,6, , ,1,1, , , , , , , , ,2,-99,-99,-99,-99,-99,-99, , , , , , , , , ,3,4,3,3,3,3,2,3,2,4,2, , ,4, , ,3, , , , , ,1,11,12, ,16,11, ,12,4, ,5, , , ,26,1,1,1, , , ,26,1, 
2/23/2024 9:50:43,2/23/2024 10:03:09,100,745,1,2/23/2024 10:03:09,R_5KBq6HAu7UCzcSR,37.9318,-87.6602,EN,1,77,1,4,3,2,4,4,6,4,4,6,2,3,4,6, , , ,3, , ,4, , ,2, , ,2, , , , ,4, , ,1,1, , , , , , , , ,1,6,3,5,7,6,6,4, , ,3, , ,4, , ,2,4,3,4,3,3,2,4,3,2,2, , ,3, , ,2, , , , , ,1,11,12, ,16,11, ,12,4, ,5, , , ,26,1,1, , , , ,26,1, 
2/23/2024 9:50:43,2/23/2024 10:03:27,100,764,1,2/23/2024 10:03:28,R_5PFT5kCb8VX7gy4,38.6905,-85.8028,EN,1,57,1,5,6,3,6,4,6,3,6,3,2,2,6,4, , , ,4, , ,6, , ,3, , ,2, , , , ,3, , ,2,-99, , , , , , , , ,1,5,7,3,3,6,6,4, , ,4, , ,4, , ,4,3,2,3,3,3,3,2,3,4,2, , ,3, , ,2, , , , , ,1,11,12, ,16,11, ,12,4, ,5, , , ,26,1,1, , , , ,26,1, 
2/23/2024 9:50:43,2/23/2024 10:03:57,100,794,1,2/23/2024 10:03:58,R_52zcFjHPMDImZAS,41.5798,-87.3329,EN,1,57,1,5,4,5,7,7,5,5,7,4,3,3,3,3, , , ,5, , ,3, , ,6, , ,1, , , , ,5, , ,1,1, , , , , , , , ,1,6,3,3,6,4,4,6, , ,4, , ,4, , ,3,2,2,3,4,3,4,2,4,4,3, , ,2, , ,3, , , , , ,1,11,12, ,16,11, ,12,4, ,5, , , ,26,1,1, , , , ,26,1, 
2/23/2024 9:50:43,2/23/2024 10:04:03,100,800,1,2/23/2024 10:04:04,R_5lqsPa1VCnJmaNX,41.6062,-87.2593,EN,1,61,1,3,3,3,3,2,6,6,5,6,7,5,5,7, , , ,5, , ,5, , ,2, , ,2, , , , ,2, , ,2,-99, , , , , , , , ,2,-99,-99,-99,-99,-99,-99, , , , , , , , , ,3,3,3,3,3,4,4,3,4,2,4, , ,3, , ,2, , , , , ,1,11,12, ,16,11, ,12,4, ,5, , , ,26,1,1,1, , , ,26,1, 
2/23/2024 9:50:43,2/23/2024 10:04:12,100,809,1,2/23/2024 10:04:13,R_5SuY7rQvcH8QwMM,41.5876,-87.3727,EN,1,57,1,3,2,5,5,2,7,5,3,5,7,6,6,6, , , ,4, , ,4, , ,6, , ,2, , , , ,4, , ,1,1, , , , , , , , ,1,5,2,2,4,3,3,4, , ,4, , ,7, , ,4,3,4,3,2,3,3,3,2,3,3, , ,2, , ,2, , , , , ,1,11,12, ,16,11, ,12,4, ,5, , , ,26,1,1, , , , ,26,1, 
2/23/2024 9:50:43,2/23/2024 10:03:54,100,790,1,2/23/2024 10:03:55,R_5pRDJ61HZJlEGW1,41.6062,-87.2593,EN,1,63,1,3,6,7,5,4,5,2,7,7,3,5,7,4, , , ,5, , ,2, , ,4, , ,2, , , , ,2, , ,2,-99, , , , , , , , ,1,3,4,7,6,3,3,6, , ,5, , ,4, , ,3,4,2,4,3,3,3,4,2,3,2, , ,2, , ,3, , , , , ,1,11,12, ,16,11, ,12,4, ,5, , , ,26,1,1, , , , ,26,1, 
2/23/2024 9:50:44,2/23/2024 10:03:51,100,786,1,2/23/2024 10:03:51,R_5ybB4xayNHkl3ZT,41.5798,-87.3329,EN,1,57,1,5,5,4,3,5,5,6,4,4,4,3,7,5, , , ,5, , ,2, , ,6, , ,1, , , , ,5, , ,1,1, , , , , , , , ,2,-99,-99,-99,-99,-99,-99, , , , , , , , , ,2,2,3,3,3,3,3,4,3,2,4, , ,4, , ,3, , , , , ,1,11,12, ,16,11, ,12,4, ,5, , , ,26,1,1,1, , , ,26,1, 
2/23/2024 9:50:44,2/23/2024 10:03:21,100,756,1,2/23/2024 10:03:22,R_1e9NFkcr2HPQCXB,41.5271,-87.2533,EN,1,57,1,3,3,6,4,4,2,5,2,7,2,4,2,3, , , ,5, , ,6, , ,4, , ,1, , , , ,5, , ,1,1, , , , , , , , ,1,5,6,4,6,3,6,6, , ,6, , ,2, , ,3,2,3,3,3,3,2,3,2,2,3, , ,2, , ,3, , , , , ,1,11,12, ,16,11, ,12,4, ,5, , , ,26,1,1, , , , ,26,1, 
2/23/2024 9:50:45,2/23/2024 10:03:48,100,783,1,2/23/2024 10:03:49,R_1CI8EarTjOISRuf,41.5392,-87.3585,EN,1,65,1,2,5,5,6,4,3,5,5,3,2,6,6,4, , , ,3, , ,4, , ,4, , ,1, , , , ,3, , ,1,1, , , , , , , , ,1,6,2,3,7,4,4,5, , ,3, , ,3, , ,4,3,3,3,3,4,3,3,2,4,2, , ,3, , ,2, , , , , ,1,11,12, ,16,11, ,12,4, ,5, , , ,26,1,1, , , , ,26,1, 
2/23/2024 10:05:22,2/23/2024 10:13:44,100,501,1,2/23/2024 10:13:44,R_3BAEkgXY68bAiWt,41.5883,-87.4593,EN,1,80,1,4,5,3,5,3,6,3,4,3,6,3,4,4, , , ,2, , ,6, , ,6, , ,2, , , , ,3, , ,2,-99, , , , , , , , ,2,-99,-99,-99,-99,-99,-99, , , , , , , , , ,2,3,2,3,3,3,2,3,2,2,3, , ,4, , ,2, , , , , ,1,11,13, ,15,12, ,12,4, ,5, , , ,26,1,1, , , , ,26,1, 
2/23/2024 10:05:22,2/23/2024 10:14:17,100,534,1,2/23/2024 10:14:18,R_7FkujJLY3PLAU0D,39.9594,-86.0199,EN,1,64,1,4,3,3,4,5,4,6,2,3,6,4,5,4, , , ,3, , ,3, , ,4, , ,2, , , , ,3, , ,3,-99, , , , , , , , ,2,-99,-99,-99,-99,-99,-99, , , , , , , , , ,2,2,2,2,2,2,2,2,2,3,3, , ,2, , ,3, , , , , ,1,11,13, ,15,12, ,12,4, ,5, , , ,26,1,1, , , , ,26,1, 
2/23/2024 10:05:22,2/23/2024 10:13:59,100,516,1,2/23/2024 10:13:59,R_66eobSuqQfxDPEd,41.2437,-85.8528,EN,1,84,1,6,2,5,5,3,4,3,6,5,3,3,4,3, , , ,4, , ,5, , ,4, , ,2, , , , ,3, , ,3,-99, , , , , , , , ,2,-99,-99,-99,-99,-99,-99, , , , , , , , , ,2,3,3,2,3,2,3,2,2,3,2, , ,2, , ,4, , , , , ,1,11,13, ,15,12, ,12,4, ,5, , , ,26,1,1, , , , ,26,1, 
2/23/2024 10:05:23,2/23/2024 10:13:57,100,513,1,2/23/2024 10:13:57,R_3SxlFagTl09vy39,39.5992,-86.13,EN,1,59,1,3,5,3,3,3,3,4,2,5,4,4,2,2, , , ,3, , ,5, , ,3, , ,1, , , , ,4, , ,1,1, , , , , , , , ,1,3,4,4,3,2,4,6, , ,2, , ,3, , ,3,3,3,2,4,3,3,3,3,3,3, , ,2, , ,3, , , , , ,1,11,13, ,15,12, ,12,4, ,5, , , ,26,1,1, , , , ,26,1, 
2/23/2024 10:05:23,2/23/2024 10:14:11,100,528,1,2/23/2024 10:14:11,R_65PUpL6qlSWjZx7,39.9564,-85.9651,EN,1,61,1,4,3,3,2,5,3,3,3,5,4,2,6,3, , , ,4, , ,4, , ,4, , ,2, , , , ,6, , ,3,-99, , , , , , , , ,2,-99,-99,-99,-99,-99,-99, , , , , , , , , ,2,2,3,2,3,2,2,2,2,3,4, , ,3, , ,3, , , , , ,1,11,13, ,15,12, ,12,4, ,5, , , ,26,1,1, , , , ,26,1, 
2/23/2024 10:05:23,2/23/2024 10:13:49,100,506,1,2/23/2024 10:13:50,R_3yLBA9AtL2iKFSp,37.825,-87.5655,EN,1,59,1,6,4,6,5,2,4,3,5,4,3,3,3,4, , , ,5, , ,3, , ,2, , ,2, , , , ,4, , ,2,-99, , , , , , , , ,1,5,5,4,3,4,3,4, , ,6, , ,4, , ,3,4,4,3,3,3,4,2,3,3,4, , ,3, , ,3, , , , , ,1,11,13, ,15,12, ,12,4, ,5, , , ,26,1,1, , , , ,26,1, 
2/23/2024 10:05:23,2/23/2024 10:13:54,100,511,1,2/23/2024 10:13:55,R_7Ic9AFgmJKnrb63,41.4934,-87.3548,EN,1,81,1,6,5,5,4,3,4,4,4,4,5,3,5,4, , , ,3, , ,5, , ,3, , ,1, , , , ,6, , ,2,-99, , , , , , , , ,1,4,6,2,4,6,4,2, , ,2, , ,5, , ,2,3,3,2,2,3,4,2,3,4,3, , ,2, , ,3, , , , , ,1,11,13, ,15,12, ,12,4, ,5, , , ,26,1,1, , , , ,26,1, 
2/23/2024 10:05:23,2/23/2024 10:13:53,100,509,1,2/23/2024 10:13:53,R_7cXItYl2KAfyo2F,39.7764,-86.1077,EN,1,92,1,5,4,3,6,5,2,3,5,6,4,2,3,4, , , ,5, , ,3, , ,5, , ,1, , , , ,5, , ,2,-99, , , , , , , , ,1,5,3,5,6,4,6,6, , ,2, , ,3, , ,3,4,2,4,2,3,2,2,4,3,2, , ,3, , ,3, , , , , ,1,11,13, ,15,12, ,12,4, ,5, , , ,26,1,1, , , , ,26,1, 
2/23/2024 10:05:23,2/23/2024 10:14:15,100,531,1,2/23/2024 10:14:16,R_6m7RLzkEPukbDBo,39.8238,-86.1407,EN,1,60,1,2,4,5,3,2,5,5,5,5,3,3,4,4, , , ,2, , ,4, , ,2, , ,2, , , , ,4, , ,3,-99, , , , , , , , ,2,-99,-99,-99,-99,-99,-99, , , , , , , , , ,3,2,2,3,3,2,3,2,2,2,3, , ,2, , ,3, , , , , ,1,11,13, ,15,12, ,12,4, ,5, , , ,26,1,1, , , , ,26,1, 
2/23/2024 10:05:23,2/23/2024 10:14:21,100,538,1,2/23/2024 10:14:22,R_338Dua9kC6g5DMF,39.6804,-86.1306,EN,1,60,1,6,3,3,3,3,2,4,5,5,3,3,2,3, , , ,3, , ,4, , ,5, , ,2, , , , ,4, , ,2,-99, , , , , , , , ,1,6,3,6,2,3,6,2, , ,3, , ,3, , ,4,3,2,3,3,3,3,4,4,4,3, , ,4, , ,4, , , , , ,1,11,13, ,15,12, ,12,4, ,5, , , ,26,1,1, , , , ,26,1, 
2/23/2024 10:05:23,2/23/2024 10:14:03,100,519,1,2/23/2024 10:14:04,R_6DvmPsrhfP95egx,39.7954,-86.2658,EN,1,78,1,5,6,4,4,6,5,3,3,3,6,2,6,5, , , ,5, , ,2, , ,3, , ,2, , , , ,7, , ,2,-99, , , , , , , , ,1,3,4,4,3,5,4,3, , ,5, , ,2, , ,3,4,4,3,4,2,2,3,3,3,3, , ,4, , ,2, , , , , ,1,11,13, ,15,12, ,12,4, ,5, , , ,26,1,1, , , , ,26,1, 
2/23/2024 10:05:24,2/23/2024 10:14:05,100,521,1,2/23/2024 10:14:06,R_10HqvNof89D42G1,41.6786,-85.9579,EN,1,78,1,3,3,5,4,2,3,4,5,3,3,6,3,5, , , ,5, , ,5, , ,4, , ,1, , , , ,5, , ,1,1, , , , , , , , ,2,-99,-99,-99,-99,-99,-99, , , , , , , , , ,3,2,2,3,3,3,3,2,3,3,2, , ,3, , ,4, , , , , ,1,11,13, ,15,12, ,12,4, ,5, , , ,26,1,1, , , , ,26,1, 
2/23/2024 10:05:24,2/23/2024 10:14:25,100,540,1,2/23/2024 10:14:25,R_1eWy3rXopDYirEw,39.8079,-86.0949,EN,1,57,1,4,4,2,5,6,3,3,3,3,2,6,3,2, , , ,5, , ,3, , ,6, , ,2, , , , ,6, , ,3,-99, , , , , , , , ,2,-99,-99,-99,-99,-99,-99, , , , , , , , , ,2,3,3,2,3,3,2,2,3,3,3, , ,2, , ,3, , , , , ,1,11,13, ,15,12, ,12,4, ,5, , , ,26,1,1, , , , ,26,1, 
2/23/2024 10:05:25,2/23/2024 10:13:48,100,502,1,2/23/2024 10:13:49,R_1qgv6iCpoa26OAA,39.8291,-86.0859,EN,1,70,1,2,3,3,5,2,5,2,2,5,6,4,4,3, , , ,2, , ,5, , ,5, , ,1, , , , ,4, , ,1,1, , , , , , , , ,2,-99,-99,-99,-99,-99,-99, , , , , , , , , ,2,2,3,3,3,3,2,2,2,2,3, , ,3, , ,3, , , , , ,1,11,13, ,15,12, ,12,4, ,5, , , ,26,1,1, , , , ,26,1, 
2/23/2024 10:05:25,2/23/2024 10:14:08,100,523,1,2/23/2024 10:14:08,R_5G3vKnReAikTxId,39.7954,-86.2658,EN,1,66,1,4,4,5,4,6,6,4,5,3,5,6,2,5, , , ,3, , ,4, , ,5, , ,1, , , , ,5, , ,1,1, , , , , , , , ,2,-99,-99,-99,-99,-99,-99, , , , , , , , , ,2,3,2,2,3,3,2,3,3,2,4, , ,2, , ,3, , , , , ,1,11,13, ,15,12, ,12,4, ,5, , , ,26,1,1, , , , ,26,1, 
2/23/2024 14:00:43,2/23/2024 14:11:15,100,631,1,2/23/2024 14:11:16,R_65SAUYZIk8IOJ4h,37.1835,-121.7714,EN,1,60,1,5,5,4,1,3,4,1,3,3,1,3,3,3, , , ,3, , ,3, , ,3, , ,2, , , , ,3, , ,2,-99, , , , , , , , ,2,-99,-99,-99,-99,-99,-99, , , , , , , , , ,2,3,2,2,3,3,3,2,3,3,2, , ,3, , ,2, , , , , ,2,12,13, ,14,11, ,12,4, ,5, , , ,26,1,1, , , , ,26,1, 
2/27/2024 8:24:44,2/27/2024 8:28:18,100,214,1,2/27/2024 8:28:19,R_3qdQTMgWhWoBVI1,41.3908,-73.4483,EN,1,100,1,2,6,2,3,1,7,5,3,2,2,7,3,3, , , , , , ,-99, , ,-99, , ,1, , , , ,5, , ,1,1, , , , , , , , ,1,2,3,3,6,6,5, , , , , , , , , ,2,2,3,3,3,1,2,3,3,3,-99, , ,-99, , ,-99, , , , , ,2,12,13, ,13,10, ,12,9, ,5, , , ,25, , , , , , ,26,1, 
2/27/2024 21:54:17,2/27/2024 22:02:08,100,471,1,2/27/2024 22:02:09,R_7rUpEOCwnBLeUTQ,33.6034,-86.8198,EN,1,4,1,6,7,7,7,2,5,3,4,6,4,5,6,7, , , ,2, , ,5, , ,3, , ,1,Yes, , , ,2, , ,1,1, , ,very good,2, , , , ,1,2,4,1,6,3,5,4, , ,4, , ,2, , ,4,1,3,3,3,1,2,3,2,2,4, , ,3, , ,1, , ,没有影响, , ,1,11,13, ,10,10, ,16,10, ,8, , , ,25, , , , , , ,26,1, 
2/27/2024 21:54:25,2/27/2024 22:02:36,100,491,1,2/27/2024 22:02:37,R_11YknX4t4ZCUY6h,40.7279,-73.5118,EN,1,4,1,4,3,2,6,7,3,2,5,3,4,2,4,5, , , ,5, , ,5, , ,3, , ,2, , , , ,4, , ,1,1, , ,very good,2, , , , ,1,3,3,3,3,1,2,1, , ,7, , ,4, , ,2,3,1,4,4,2,2,3,3,3,2, , ,3, , ,3, , ,没有影响, , ,2,15,15, ,9,8, ,13,7, ,8, , , ,26,1, , , , , ,26,1, 
2/27/2024 22:11:49,2/27/2024 22:15:44,100,235,1,2/27/2024 22:15:45,R_1pi497RrGbTdVXU,42.2886,-83.4641,EN,1,4,1,4,2,7,6,7,4,4,3,7,4,5,5,5, , , ,7, , ,6, , ,3, , ,1,Yes, , , ,5, , ,1,1, , ,very satisfied,2, , , , ,1,7,3,6,3,6,2,1, , ,6, , ,2, , ,2,3,3,3,3,1,2,3,2,2,3, , ,3, , ,3, , ,没有, , ,1,15,14, ,13,11, ,13,5, ,9, , , ,25, , , , , , ,26,1, 
2/27/2024 22:11:50,2/27/2024 22:15:55,100,244,1,2/27/2024 22:15:55,R_5poCjGhxspHQSvH,26.099,-80.1822,EN,1,4,1,4,1,5,5,1,4,6,6,4,3,3,3,7, , , ,2, , ,5, , ,2, , ,1,Yes, , , ,4, , ,1,1, , ,very satisfied,2, , , , ,1,4,6,2,4,6,3,4, , ,6, , ,2, , ,4,3,3,1,3,2,1,4,4,3,4, , ,3, , ,2, , ,没有, , ,2,11,13, ,16,9, ,14,10, ,4, , , ,26,1, , , , , ,26,1, 
3/2/2024 18:09:14,3/2/2024 18:10:22,100,67,1,3/2/2024 18:10:23,R_4E5XACnoek4yQAo,22.2578,114.1657,EN,1,56,1,1,2,1,7,2,5,1,2,6,5,5,1,5, , , ,3, , ,7, , ,6, , ,2, , , , ,4, , ,2,-99, , , , , , , , ,1,6,6,2,7,1,6,7, , ,6, , ,4, , ,2,4,3,4,4,3,3,3,4,3,3, , ,1, , ,3, , , , , ,1,16,12, ,10,9, ,12,4, ,5, , , ,26,1,1, , , , ,26,1, 
3/2/2024 18:30:36,3/2/2024 19:29:08,100,3512,1,3/2/2024 19:29:09,R_1TeTdhfgTRzO9Q5,37.1835,-121.7714,EN,1,56,1,5,3,4,5,3,5,3,5,3,5,5,2,5, , , ,6, , ,4, , ,5, , ,1, , , , ,5, , ,1,1, , , , , , , , ,1,6,6,5,6,5,5,5, , ,6, , ,6, , ,4,4,3,3,3,4,3,4,3,4,-99, , ,-99, , ,-99, , , , , ,1,11,12, ,17,12, ,12,4, ,5, , , ,26,1,1, , , , ,26,1, 
3/2/2024 22:25:56,3/2/2024 22:27:40,100,104,1,3/2/2024 22:27:41,R_7jqfhnU33gn9mnz,34.0544,-118.2441,EN,1,58,1,6,4,3,5,5,6,6,7,6,6,6,6,6, , , ,2, , ,2, , ,-99, , ,1, , , , ,4, , ,1,1, , , , , , , , ,1,2,2,2,2,3,2,3, , ,3, , ,2, , ,2,2,1,2,4,3,4,4,3,1,3, , ,3, , ,3, , , , , ,1,11,13, ,13,10, ,15,9, ,9, , , ,25, , , , , , ,26,1, 
3/2/2024 23:59:41,3/3/2024 0:01:31,100,110,1,3/3/2024 0:01:32,R_6XH7daxYWx2H0m5,34.0544,-118.2441,EN,1,4,1,3,3,5,6,6,6,5,6,6,6,6,6,5, , , ,5, , ,3, , ,7, , ,1, , , , ,3, , ,1,1, , , , , , , , ,1,2,3,6,7,7,6,3, , ,5, , ,6, , ,2,3,4,4,4,4,4,4,3,4,2, , ,2, , ,3, , , , , ,1,11,12, ,16,9, ,15,8, ,5, , , ,26, , , , ,1, ,26,1, 
3/3/2024 3:52:39,3/3/2024 4:24:11,100,1892,1,3/3/2024 4:24:12,R_6D7bMoT8xX5PTZ1,37.1835,-121.7714,EN,1,63,1,6,5,5,5,6,6,5,6,5,6,6,5,5, , , ,5, , ,5, , ,5, , ,1, , , , ,6, , ,1,1, , , , , , , , ,1,5,5,4,5,5,5,4, , ,5, , ,5, , ,4,4,4,4,4,4,4,4,4,4,4, , ,4, , ,4, , , , , ,1,11,13, ,13,12, ,12,4, ,6, , , ,25, , , , , , ,26,1, 
3/3/2024 4:11:05,3/3/2024 4:14:25,100,199,1,3/3/2024 4:14:25,R_3IYNXlEUMiPiaU2,37.1835,-121.7714,EN,1,95,1,5,5,5,5,5,5,5,6,6,6,6,6,6, , , , , , ,-99, , ,-99, , ,1, , , , ,5, , ,1,1, , , , , , , , ,1,6,6,6,6,6,6, , , , , , , , , ,3,3,3,3,3,3,3,4,4,4,-99, , ,-99, , ,-99, , , , , ,1,11,12, ,17,11, ,12,4, ,4, , , ,26,1,1,1, , , ,26,1, 
3/3/2024 8:38:14,3/3/2024 9:09:36,100,1881,1,3/3/2024 9:09:36,R_5F3aIvu0BUXIt5H,37.1835,-121.7714,EN,1,55,1,5,4,5,3,5,6,3,4,5,4,3,4,5, , , ,3, , ,4, , ,5, , ,1, , , , ,6, , ,1,1, , , , , , , , ,1,3,5,5,4,4,3,5, , ,4, , ,5, , ,2,4,4,3,2,2,3,4,4,3,2, , ,3, , ,3, , , , , ,1,11,13, ,15,9, ,13,5, ,6, , , ,25, , , , , , ,26,1, 
3/3/2024 8:50:51,3/3/2024 8:55:47,100,295,1,3/3/2024 8:55:48,R_1AHiMqNImiEDfSp,37.1835,-121.7714,EN,1,55,1,6,6,6,6,6,6,6,6,6,6,6,6,6, , , ,6, , ,6, , ,6, , ,1, , , , ,2, , ,1,1, , , , , , , , ,1,6,6,6,6,6,6,6, , ,6, , ,6, , ,2,2,2,2,2,2,2,2,2,2,2, , ,2, , ,2, , , , , ,1,10,12, ,12,9, ,13,8, ,5, , , ,25, , , , , , ,26,1, 
3/3/2024 20:47:16,3/3/2024 20:49:20,100,124,1,3/3/2024 20:49:21,R_6jj5YHBLl42TFGe,40.7746,-73.4761,EN,1,4,1,2,1,2,3,5,6,4,3,3,4,3,3,7, , , ,7, , ,3, , ,4, , ,1, , , , ,4, , ,2,-99, , , , , , , , ,2,-99,-99,-99,-99,-99,-99, , , , , , , , , ,3,3,2,4,1,3,2,4,2,4,1, , ,3, , ,3, , , , , ,2,10,13, ,14,10, ,13,4, ,4, , , ,25, , , , , , ,27,1, 
3/3/2024 20:47:19,3/3/2024 20:49:34,100,135,1,3/3/2024 20:49:34,R_14bwpEsKDcZegvv,40.7746,-73.4761,EN,1,55,1,5,6,4,5,1,5,5,1,5,3,6,6,6, , , ,6, , ,5, , ,4, , ,2, , , , ,4, , ,2,-99, , , , , , , , ,2,-99,-99,-99,-99,-99,-99, , , , , , , , , ,3,3,3,1,2,3,3,3,3,4,2, , ,2, , ,2, , , , , ,2,10,13, ,14,10, ,13,4, ,4, , , ,25, , , , , , ,26,1, 
3/3/2024 21:02:02,3/3/2024 21:28:07,100,1565,1,3/3/2024 21:28:08,R_6asOWqKGwFM9hxE,35.8677,-86.4174,EN,1,58,1,6,5,7,5,7,5,5,7,6,7,7,5,6, , , ,4, , ,6, , ,5, , ,1,Community volunteer organizations,11, , ,5, , ,1,1, , , , , , , , ,1,5,7,6,6,6,5, , , , , , , , , ,4,3,4,4,4,3,4,4,3,4,-99, , ,-99, , ,-99, , , , , ,1,10,12, ,14,11, ,12,4, ,5, , , ,26,1,1,1, , , ,26,1, 
3/3/2024 21:06:52,3/3/2024 21:10:29,100,216,1,3/3/2024 21:10:30,R_1upnWUCLrcLv1oH,40.7746,-73.4761,EN,1,57,1,2,4,1,1,5,7,5,7,5,7,1,5,4, , , ,5, , ,5, , ,2, , ,2, , , , ,4, , ,2,-99, , , , , , , , ,2,-99,-99,-99,-99,-99,-99, , , , , , , , , ,1,1,2,1,1,2,2,3,3,2,1, , ,3, , ,3, , , , , ,2,10,13, ,14,10, ,13,4, ,4, , , ,25, , , , , , ,26,1, 
3/3/2024 21:06:56,3/3/2024 21:10:34,100,218,1,3/3/2024 21:10:35,R_1onlDwDJs3HSph5,40.7746,-73.4761,EN,1,58,1,6,3,2,6,2,6,7,1,3,3,6,3,6, , , ,7, , ,4, , ,7, , ,2, , , , ,4, , ,2,-99, , , , , , , , ,2,-99,-99,-99,-99,-99,-99, , , , , , , , , ,3,1,1,3,2,1,3,2,1,2,4, , ,2, , ,2, , , , , ,2,10,13, ,14,10, ,13,4, ,4, , , ,25, , , , , , ,26,1, 
3/3/2024 21:07:00,3/3/2024 21:10:39,100,218,1,3/3/2024 21:10:39,R_6KdN86SHUHooeje,40.7746,-73.4761,EN,1,59,1,4,2,2,4,7,6,1,3,6,7,6,5,5, , , ,3, , ,4, , ,1, , ,2, , , , ,4, , ,2,-99, , , , , , , , ,2,-99,-99,-99,-99,-99,-99, , , , , , , , , ,3,2,4,3,2,2,2,2,4,3,3, , ,4, , ,1, , , , , ,2,10,13, ,14,11, ,13,4, ,4, , , ,25, , , , , , ,26,1, 
3/3/2024 21:07:03,3/3/2024 21:10:25,100,202,1,3/3/2024 21:10:26,R_3wB6rfzCXsop98v,40.7746,-73.4761,EN,1,56,1,4,2,2,1,4,3,1,5,1,4,1,4,2, , , ,5, , ,7, , ,3, , ,2, , , , ,4, , ,2,-99, , , , , , , , ,2,-99,-99,-99,-99,-99,-99, , , , , , , , , ,4,4,2,2,2,3,3,2,4,2,3, , ,3, , ,3, , , , , ,2,10,13, ,14,11, ,13,4, ,4, , , ,25, , , , , , ,26,1, 
3/3/2024 21:21:31,3/3/2024 21:29:27,100,476,1,3/3/2024 21:29:28,R_3dSjIe7rcWzmyaR,34.0544,-118.2441,EN,1,57,1,6,7,7,7,7,7,7,7,4,7,7,7,7, , , ,1, , ,1, , ,1, , ,1, , , , ,7, , ,1,1, , , , , , , , ,1,7,1,7,7,7,7,6, , ,7, , ,7, , ,4,4,4,4,4,4,4,4,4,4,4, , ,4, , ,4, , , , , ,1,11,13, ,14,8, ,12,4, ,5, , , ,26,1,1,1, , , ,26,1, 
3/3/2024 22:40:26,3/3/2024 22:44:34,100,247,1,3/3/2024 22:44:35,R_1rGJcJcCYPf8AnZ,31.4712,-100.4385,EN,1,59,1,4,4,2,4,3,6,4,2,6,5,4,7,5, , , ,3, , ,6, , ,3, , ,1, , , , ,3, , ,2,-99, , , , , , , , ,2,-99,-99,-99,-99,-99,-99, , , , , , , , , ,2,4,1,3,2,2,3,1,3,3,3, , ,2, , ,1, , , , , ,2,10,13, ,14,11, ,13,4, ,4, , , ,25, , , , , , ,26,1, 
3/3/2024 22:40:28,3/3/2024 22:44:39,100,250,1,3/3/2024 22:44:39,R_72QPYdnDdPheu39,31.4712,-100.4385,EN,1,60,1,1,2,6,6,4,2,4,6,4,5,4,1,4, , , ,3, , ,4, , ,2, , ,2, , , , ,4, , ,2,-99, , , , , , , , ,2,-99,-99,-99,-99,-99,-99, , , , , , , , , ,3,2,3,3,2,4,4,4,3,2,1, , ,1, , ,3, , , , , ,2,10,13, ,14,10, ,13,4, ,4, , , ,25, , , , , , ,26,1, 
3/3/2024 22:40:31,3/3/2024 22:44:44,100,252,1,3/3/2024 22:44:44,R_7V8CynQxJuxQPgU,31.4712,-100.4385,EN,1,61,1,6,2,7,2,4,2,6,6,7,6,6,4,4, , , ,2, , ,4, , ,4, , ,2, , , , ,4, , ,2,-99, , , , , , , , ,2,-99,-99,-99,-99,-99,-99, , , , , , , , , ,2,3,2,4,3,4,3,1,3,2,1, , ,3, , ,4, , , , , ,2,10,13, ,14,10, ,13,4, ,4, , , ,25, , , , , , ,26,1, 
3/3/2024 22:40:35,3/3/2024 22:44:48,100,253,1,3/3/2024 22:44:49,R_6IE3apb0MAx2JlY,31.4712,-100.4385,EN,1,62,1,4,2,6,7,6,7,1,2,2,6,3,7,5, , , ,1, , ,6, , ,3, , ,1, , , , ,5, , ,2,-99, , , , , , , , ,2,-99,-99,-99,-99,-99,-99, , , , , , , , , ,2,4,2,2,2,3,1,2,3,2,3, , ,3, , ,4, , , , , ,2,10,13, ,14,11, ,13,4, ,4, , , ,25, , , , , , ,26,1, 
3/3/2024 23:52:37,3/4/2024 0:22:25,100,1788,1,3/4/2024 0:22:25,R_1oZ8AgI0Secl26J,34.0544,-118.2441,EN,1,59,1,5,5,5,5,5,5,5,5,5,5,5,5,5, , , , , , ,-99, , ,-99, , ,2, , , , ,4, , ,1,1, , , , , , , , ,1,4,5,5,5,5,5, , , , , , , , , ,4,4,4,4,4,4,4,4,4,4,-99, , ,-99, , ,-99, , , , , ,1,11,13, ,14,12, ,12,4, ,6, , , ,26,1,1, , , , ,26,1, 
3/4/2024 0:25:42,3/4/2024 0:33:51,100,489,1,3/4/2024 0:33:52,R_3bP0ix8JIdTb3Hf,32.6511,-97.0939,EN,1,59,1,5,5,5,5,5,5,5,5,5,5,5,5,6, , , , , , ,-99, , ,-99, , ,2, , , , ,4, , ,1,1, , , ,2, , , , ,1,4,4,4,4,4,4, , , , , , , , , ,3,3,3,3,3,3,3,3,3,3,-99, , ,-99, , ,-99, , , , , ,1,12,12, ,14,12, ,12,4, ,7, , , ,26,1,1, , , , ,26,1, 
3/4/2024 0:26:43,3/4/2024 0:40:00,100,796,1,3/4/2024 0:40:01,R_6GuGX0xjQRwFTXa,33.7987,-118.2993,EN,1,65,1,6,6,6,6,6,6,6,6,6,6,6,6,6, , , , , , ,-99, , ,-99, , ,2, , , , ,4, , ,1,1, , , , , , , , ,1,6,6,6,6,6,6, , , , , , , , , ,3,3,4,3,4,4,4,4,4,4,-99, , ,-99, , ,-99, , , , , ,1,12,13, ,14,12, ,12,4, ,6, , , ,26,1,1, , , , ,26,1, 
3/4/2024 0:26:48,3/4/2024 0:46:50,100,1201,1,3/4/2024 0:46:50,R_7qN7TwJfGWiWzZv,25.9843,-80.2149,EN,1,64,1,5,5,5,5,5,5,5,5,5,5,5,5,5, , , , , , ,-99, , ,-99, , ,2, , , , ,4, , ,2,-99, , , , , , , , ,1,6,6,6,6,6,6, , , , , , , , , ,3,3,3,3,3,3,3,3,3,3,-99, , ,-99, , ,-99, , , , , ,1,11,12, ,11,12, ,12,4, ,4, , , ,26,1,1, , , , ,26,1, 
3/4/2024 0:26:52,3/4/2024 0:51:23,100,1470,1,3/4/2024 0:51:23,R_1lQSsmV027G0cbO,29.1566,-81.0268,EN,1,68,1,6,6,6,6,6,6,6,6,6,6,6,6,6, , , , , , ,-99, , ,-99, , ,2, , , , ,4, , ,1,1, , , , , , , , ,1,4,4,4,4,4,4, , , , , , , , , ,4,4,4,4,4,4,4,4,4,4,-99, , ,-99, , ,-99, , , , , ,1,11,13, ,11,12, ,12,4, ,4, , , ,26,1,1, , , , ,26,1, 
3/4/2024 3:43:15,3/4/2024 4:15:33,100,1937,1,3/4/2024 4:15:33,R_67fnfxEjkYmBcS5,36.033,-80.3916,EN,1,58,1,7,6,5,6,6,5,4,6,7,5,7,5,5, , , ,5, , ,3, , ,6, , ,1, , , , ,6, , ,1,1, , ,satisfaction,2, , , , ,1,6,6,5,7,7,6,4, , ,5, , ,5, , ,4,4,3,4,3,4,4,3,4,3,3, , ,4, , ,3, , , , , ,1,11,12, ,14,10, ,12,4, ,5, , , ,26, ,1, , , , ,26,1, 
3/4/2024 19:27:23,3/4/2024 19:36:00,100,517,1,3/4/2024 19:36:04,R_7j314pXBEvRyR7r,38.5753,-90.2651,EN,1,58,1,6,5,6,5,6,7,5,4,6,6,5,5,6, , , ,4, , ,3, , ,3, , ,1,Delivery of daily necessities, ,Delivery of daily necessities, ,5,yes Demand for daily necessities, ,1,1,Demand for daily necessities, ,good,2, , , , ,1,5,5,6,7,6,5, , , , , , , , , ,4,4,3,3,3,3,3,4,4,4,-99, , ,-99, , ,-99, , ,The epidemic is under lockdown, , ,1,10,12, ,14,11, ,12,4, ,5, , , ,26,1, , , , , ,26,1, 
3/5/2024 21:24:24,3/5/2024 21:36:58,100,754,1,3/5/2024 21:37:02,R_6U6S0EgyuY9gfpD,34.0544,-118.2441,EN,1,59,1,1,7,4,7,7,1,1,3,7,7,7,7,7, , , ,7, , ,7, , ,7, , ,1, , , , ,7,It has an impact and needs people's cooperation.有影响力，需要有影响力的人。有影响力，需要有影响力，,1,1,1, , , , , , , , ,1,7,6,7,7,6,7,7, , ,5, , ,3, , ,4,4,4,4,4,4,4,4,4,4,4, , ,3, , ,4, , , , , ,1,11,12, ,14,12, ,12,4, ,5, , , ,26,1,1, , , , ,26,1, 
3/9/2024 12:46:49,3/9/2024 12:55:49,100,539,1,3/9/2024 12:55:49,R_3eEikA5X7Pp6Hyj,32.8137,-96.8704,EN,1,57,1,3,2,4,4,3,4,3,5,3,4,2,4,3, , , ,4, , ,3, , ,4, , ,2, , , , ,5, , ,1,2, , , , , , , , ,1,6,5,5,4,4,5, , , , , , , , , ,2,3,2,3,2,3,1,2,3,4,3, , ,2, , ,2, , , , , ,1,11,13, ,15,8, ,12,5, ,9, , , ,26,1, , , , , ,26,1, 
3/12/2024 9:10:13,3/12/2024 9:14:37,100,263,1,3/12/2024 9:14:38,R_4RVOsF8PvWJ65fD,22.8111,108.3168,EN,1,4,1,5,4,3,4,4,5,4,5,5,6,5,3,5, , , ,4, , ,3, , ,4, , ,1, , , , ,6, , ,1,2, , , , , , , , ,1,6,5,5,5,5,6,5, , ,4, , ,5, , ,3,2,3,3,4,3,4,3,4,4,3, , ,3, , ,3, , , , , ,2,11,13, ,12,8, ,12,4, ,5, , , ,26,1,1, , , , ,26,1, 
3/3/2024 20:43:30,3/3/2024 21:38:02,100,3271,1,3/3/2024 21:38:02,R_7gelSOFxI2vIiPf,26.718,-80.0989,EN,1,55,1,1,7,7,7,5,3,3,7,2,6,2,4,5,Solving the problem of funds can reduce the burden of living by half,2, ,7,legal aid, ,7,Employment distribution problem,0,7,endowment insurance,0,1,Difficult employment problem,2,I have not received any reply yet, ,3,carry weight
The community can basically meet some of our requirements, ,1,1,Loans are made outside business hours,1,be basically satisfied,2, , , , ,1,7,6,4,5,5,2, ,Book online, , , Open 24 hours a day, , ,Change content regularly, ,4,4,4,3,4,3,2,4,3,4,3,Activities for the elderly, ,4,Hold regular events, ,3,Online lending, ,
Yes the news staff can bring them to the house, , ,1,10,12, ,12,9, ,13,5, ,4,Ten years,10,2,26,1, , , , , ,26,1,2
2/19/2024 8:56:46,2/19/2024 9:20:48,100,1442,1,2/19/2024 9:20:49,R_3riqqb2BYuzqicN,37.751,-97.822,EN,1,56,1,3,4,5,5,6,5,6,7,6,6,5,3,4,The important role of medical facilities for our residents is reflected in the provision of emergency services routine health care maternal and child health care elderly care mental health services and community health education which plays an irreplaceable role in the health and quality of life of our families and ourselves,8,4,7,"Education services at various stages, such as pre-school education, primary school, middle school, high school and vocational education",0,4,"Elderly care services, disability services, immigration services, child protection services",6,6,"Community governance, resident participation, community activity organization, etc",4,2, , , , ,4,"The pandemic has led to the shutdown, closure or layoff of many of our businesses, many people have lost their jobs, and economic activity has been seriously affected. Lockdown measures and social distancing restrictions have also taken a heavy toll on service industries such as retail and restaurants",5,1,1,"I use borrowed books, periodicals, newspapers, magazines, audio-visual products (e.g. CDS, DVDS) and other documentary materials in the library, which provide learning and entertainment resources for our residents.",1,Quite satisfied,2, , , , ,1,5,6,5,4,5,3,5,"The library provides a variety of information services, including reference, information retrieval, access to electronic resources, etc., to help residents meet their information needs.", ,5,"The library organizes various educational and cultural activities, including lectures, reading groups, exhibitions, art performances, etc., to promote learning and cultural exchanges among residents.", ,7,"Auxiliary services: Some libraries also provide auxiliary services, such as printing, copying, scanning, fax, etc., to facilitate residents to handle daily affairs.", ,4,4,2,4,4,4,3,3,4,4,4,Educational books, ,3,"Employment services, legal advice, health information, immigration services, etc", ,4,Multilingual books and cultural activities to meet the cultural needs of different groups., ,"Although the pandemic has had an impact on expectations of the role of public libraries, as important institutions in the community, libraries still play an important role in promoting cultural exchange, knowledge dissemination and social services, providing a variety of support and services to residents. In responding to the challenges of the epidemic, public libraries may seek innovative ways to meet the needs of residents and maintain their role and impact in social services.", , ,1,12,12, ,12,12, ,12,4, ,5,Six years,6,2,26,1,1, , , , ,26,1,2
2/26/2024 11:43:54,2/26/2024 12:03:08,100,1154,1,2/26/2024 12:03:09,R_50UNevBbKwOtKzn,40.772,-89.6572,EN,1,60,1,1,3,4,6,3,2,6,7,5,6,3,5,2,Community health services provide comprehensive medical services Preventive health care long term care mental health support and other multi faceted services are able to meet the various medical and health needs of our residents,8, ,3,Doctor's office,0,7,Social support and mental health services,0,3,Long-term care service,6,2, , , , ,6,"During the pandemic, social activities in communities are restricted, and people face isolation and social distancing. Our community provides services such as social support, mutual aid groups, and virtual social events that promote social connection and individual mental health.",1,1,1,"I have used the library to provide research and learning support services, including reference, research guidance, access to academic databases, printing and photocopying services, etc., to help students and researchers access information and resources.",1,"In the study and research support services of the community library, I have experienced the librarian's enthusiastic reference consultation and professional research guidance to help me find, evaluate and utilize library resources. Through the academic databases and online resources subscribed to by the library, I can easily access various academic journals, e-books and other latest academic materials",2,1, , , ,1,4,3,7,6,7,2,2,Research guidance, ,5,Learning resource integration, ,2,Technical support, ,2,2,3,4,3,4,3,2,2,3,1,none, ,1,none, ,1,none, ,"Many public libraries have been forced to close or restrict their opening during the outbreak to follow health department guidance and protect public health. However, public libraries still provide distance learning support for our students and families at home, including digital resources, learning resource integration, technical support, etc., to help students and parents cope with the challenges of distance learning.", , ,1,11,13, ,14,12, ,12,4, ,5,Seven years,7,2,26,1,1, , , , ,26,1,2
2/20/2024 18:37:49,2/20/2024 19:06:49,100,1739,1,2/20/2024 19:06:49,R_1uVhkqDMUQkZ2Ma,34.0544,-118.2441,EN,1,60,1,5,4,3,6,3,5,4,4,5,3,4,3,5,Psychological healthdrug abuse especially drug problemspose great harm to humanity and should be severely cracked down on,8, , , , ,-99, , ,-99, , ,-99, , , , ,4,"Has an impact, the community's protective measures are not ideal enough",9,1,1,"WiFi, printing, borrowing, learning space",1,Good,2, , , , ,1,5,6,5,6,7,4, , , , , , , , , ,4,4,4,4,4,3,4,4,3,4,-99, , ,-99, , ,-99, , ,impact，But it's understandable, , ,1,11,13, ,16,11, ,12,4, ,5,Over 15 years,15,3,26,1,1,1, , , ,26,1,3
2/22/2024 6:45:37,2/22/2024 7:09:04,100,1407,1,2/22/2024 7:09:05,R_5uDf5W7QqfdbSeJ,34.0544,-118.2441,EN,1,65,1,5,4,6,7,3,3,4,6,7,5,5,3,5,Adolescent mental health and health care are the highest needs because parents are busy with work and neglect of adolescents and lack of health care as the population grows,8,4, , , ,-99, , ,-99, , ,1,"When an elderly person falls to the ground due to a sudden illness, knowing first aid knowledge can save the lives of family members and provide timely medical treatment",7,"Go to participate in some medical first aid training and first aid knowledge, and participate in actual combat exercises", ,5,"There is an impact, it will leave some sequelae, and my community has also left some impact, after experiencing the new crown, people in the community consciously cooperate with the epidemic prevention work, do a good job of medical protection, and wear masks", ,1,1,"Library borrowing service, different age group services",1,"I am still very satisfied with the service attitude and service quality, and some places can continue to improve, such as clarifying the needs of customers in the service process to help",2, , , , ,1,5,5,5,5,6,7, , , , , , , , , ,4,4,4,4,4,4,4,4,4,4,1, , ,1, , ,1, , ,"If there is an impact, the personnel entering the library will be scanned to detect and measure their body temperature, and the seats in the library should be staggered and disinfected", , ,1,11,13, ,14,11, ,12,4, ,9,Over 10years,10,2,26,1,1, , , , ,26,1,2
2/24/2024 21:44:03,2/24/2024 22:02:00,100,1077,1,2/24/2024 22:02:01,R_6rJ3JHkv9gfMTkp,40.5366,-85.6579,EN,1,67,1,7,7,6,6,2,6,7,6,7,6,7,6,7,Healthier food options available to more people,3, ,7,Education for people living in the community,1,7,Expanded public transportation,0,-99, , ,1,I use public transportation the library and have no close grocery store,10,What bus times and routes and food pantries available, ,1,Yes and yes more isolation businesses shutting down,5,1,1,Mainly free computer access,1,The staff is always helpful and provide anything they can if they can,2,1, , , ,1,7,7,7,7,7,7, , , , , , , , , ,4,4,4,4,4,4,4,4,4,4,-99, , ,-99, , ,-99, , ,Needed now more than ever, , ,1,13,12, ,15,13, ,14,4, ,4,Nineteen years,19,4,26, ,1, , , , ,26,1,4
2/28/2024 15:55:45,2/28/2024 16:18:28,100,1363,1,2/28/2024 16:18:29,R_1qQhJZayVbibhk0,39.8335,-84.8983,EN,1,99,1,7,5,5,7,4,4,7,6,7,7,5,3,4,Health care costs are ridiculous People don't get care afraid of the financial burden,8, , ,"We need creative solutions to littering and the amount of garbage flowing. In other countries, students help clean up as entire schools take days to clean neighborhoods and beaches. The children need to be taught to steward what is around them.", ,7,The housing stock looks worse each year. If we could help people make sure that the drains and gutters are functional it would help preserve what housing is present for the future. Simple solutions like gutter extensions can make a big difference in a home and reducing unhealthy living conditions impacts health.,0,-99, , ,1,It is sad driving around and seeing the state of the buildings. My own family has been impacted by gas leaks and drainage issues that negatively affected our health. It was frustrating trying to find people who were willing to do a job (pipe replacement and sealing cracks and foundation issues). The costs were high for both healthcare and house maintenance.,8,"We moved away. Life was better elsewhere but life situations and inflation brought us back to where housing is cheaper. This place is not as peaceful as the place we were living. Though housing is cheaper, there are more frequent domestic disturbances and a lot of blight. There are a lot of sad, lonely people in this city.", ,7,"The isolation of Covid had a huge impact on our family and the families around us. It seems that a lot of people are feeling disconnected. Our family is recovering, but some families seem to be in shambles. More divorce and dissension. The polarization of many issues has made communication strained for many people within families and workplaces.",1,1,1,"Interlibrary loan, community classes, story times, volunteer opportunities, further education, entertainment, a public hub for connecting/conversing with many different kinds of people, technological assistance and services",1,"My satisfaction with public libraries is tremendous. These places are extremely important to the life of our community. Not only are many amenities offered, but it's also a place for people to gather and meet. Social workers and troubled folks use the space, politicians meet constituents, students receive assistance in their education, homeless people are kept cool in summer and warm in winter during hours of operation and we are also all served and entertained by the many media items available to everyone. I love public libraries.",2, , , , ,3,6,6,4,7,7,5, ,Further partnership with academic libraries, ,7,Language learning, ,7,Tutoring/homework help, ,3,4,4,4,4,2,3,4,4,4,-99, , ,-99, , ,-99, , ,No., , ,1,12,13, ,14,14,Remote tech work,16,11,I have a beautiful heritage,5,Most of my life, , ,25, , , , , , ,26,1, 
2/26/2024 0:02:33,2/26/2024 0:19:51,100,1037,1,2/26/2024 0:19:52,R_7g0yacdvOsDWGaR,37.1835,-121.7714,EN,1,57,1,7,4,3,5,5,5,4,4,6,5,5,4,5,Social security is the most important,2,4,4,Entertainment venues, ,-99, , ,-99, , ,1,There are entertainment venues that provide children with more space for activities,15,I'm not sure,4,4,I'm not sure, ,1,1,The library provides free computers for me to use,1,"Very good, it provides a lot of convenience",2, , , , ,1,3,3,5,5,4,6, , , , , , , , , ,3,3,3,3,3,3,2,2,3,3,-99, , ,-99, , ,-99, , ,"Indeed, the pandemic has reduced library activities", , ,1,11,12, ,15,12, ,12,8, ,6,more than 10 years,10,2,26, , ,1,1, , ,26,1,2
2/20/2024 22:03:18,2/20/2024 22:17:23,100,844,1,2/20/2024 22:17:24,R_194U01bQfscZ2qm,32.7797,-96.8022,EN,1,4,1,1,4,4,5,3,1,3,5,6,1,3,1,6, , , ,1, , ,1, , ,3, , ,2, , , , ,4,"Affect my work, my request to the community is to engage in more community activities, enrich life, know more friends, feedback to the higher level of leadership can be achieved.",7,1,1,"Library services, I can find the study materials I want.",1,Very satisfied.,2, , , , ,1,7,7,7,7,7,7,7, , ,5, , ,6, , ,4,3,4,4,4,4,4,4,4,4,4, , ,4, , ,4, , , , , ,1,11,13, ,16,12, ,12,4, ,5,Lived for ten years,10,2,26,1,1,1, , , ,26,1,2
2/19/2024 8:34:28,2/19/2024 8:51:49,100,1040,1,2/19/2024 8:51:50,R_3JIOteBnNykkoey,37.751,-97.822,EN,1,55,1,5,4,4,5,6,5,7,6,5,5,4,3,4,Take care of family members I feel that as parents it is important to care for our children and therefore to provide a safe welcoming and fun environment to meet the needs of all of us,7,4,6,"Preschool education, school education, after-school counseling, etc", ,5,"Nurseries, nursing homes, service centers for the disabled and other social service facilities",6,6,"Supermarkets, shops, restaurants, banks and other infrastructure needed for daily life",7,2, , , , ,5,"Many people are infected with the virus, and some may need hospital treatment or even die from it. In addition, many people have delayed normal medical services because of the epidemic, resulting in some chronic diseases are not effectively controlled.  Our communities need to take effective measures to protect the health of their residents, promote economic recovery, support educational development, focus on mental health, and strengthen social support and cohesion to get through this difficult time.", ,1,1,"I read a wide variety of books, periodicals, newspapers, electronic resources and other information materials in the library to meet my learning, research and entertainment needs. It's a good test",1, , , , , , ,1,5,6,4,5,6,7,5,"The library can be a place of social interaction and communication, providing a comfortable reading environment, community activities and discussion space, and promoting communication and interaction among community residents.", ,6,The library can reflect the cultural diversity of the community and provide books and cultural activities in multiple languages to meet the cultural needs of different groups., ,5,"Students, teachers and parents expect libraries to provide educational resources and support, including academic books, extracurricular reading materials, tutoring materials, etc., to help them learn and educate their children.", ,3,3,4,4,4,4,4,3,2,4,4,"Online book lending, virtual learning resources, remote participation in cultural activities, etc., to meet the needs of residents to obtain information and cultural entertainment at home.", ,2,"Lectures, readings, exhibitions, etc., may be moved online or temporarily canceled, thereby affecting the social experience and cultural exchange of community residents.", ,4,"Public libraries may strengthen security measures such as cleaning and disinfection, personnel restrictions, reservation system, etc., which will affect the ease of access and use experience of residents.",1,"Although the pandemic has had an impact on expectations of the role of public libraries, as important institutions in the community, libraries still play an important role in promoting cultural exchange, knowledge dissemination and social services, providing a variety of support and services to residents. In responding to the challenges of the epidemic, public libraries may seek innovative ways to meet the needs of residents and maintain their role and impact in social services.", , ,1,11,13, ,14,10, ,12,4, ,5,Four years,4,1,26,1,1, , , , ,26,1,1
2/19/2024 9:23:04,2/19/2024 9:53:13,100,1809,1,2/19/2024 9:53:14,R_5PkavwsRYj2nSGD,37.751,-97.822,EN,1,55,1,5,5,7,4,4,6,4,6,6,4,4,3,4,The importance of food and its storage to the community is reflected in meeting basic needs maintaining health saving costs responding to emergencies protecting the environment and other aspects of community support Therefore proper food purchase and storage is essential to the life and well being of the community,3,4,5,Social and community cohesion,5,6,Environmental protection and public safety,4,7,Educational service,1,2, , , , ,5,"The impact of COVID-19 on us is comprehensive, not only involving health, social life, economy and education. Communities have ensured the safety and health of our lives through better education, social distancing, provision of medical services, building food stocks and effectively coping with the impact of COVID-19.", ,1,1,"The community library has a rich collection of books, good facilities and environment, quality services, colorful activities and exhibitions, and positive interaction with community residents, and the experience is very good",1,"The library is spacious, bright, well-equipped, quiet and comfortable, especially suitable for reading and learning environment, and the experience is very good.",2,1, , , ,1,2,3,2,3,7,4,6,"The professional services of the librarians, the convenience of the borrowing process, the timeliness of the consulting services", ,5,Library digital services, ,4,Community engagement and interaction in the library, ,2,4,3,2,3,4,3,2,3,4,3,The library organizes various community events and cultural festivals, ,4,The library organizes cross-cultural exchanges,1,4,The library organizes social welfare activities, ,"The COVID-19 pandemic has had a certain impact on the role of public libraries, prompting them to strengthen digital services, strengthen community connections and support, continue to provide information and knowledge services, and adapt service strategies to better meet the needs of community residents.", , ,1,11,12, ,13,10, ,12,4, ,4,Five years,5,1,26,1,1, , , , ,26,1,1
2/26/2024 11:23:27,2/26/2024 11:41:24,100,1077,1,2/26/2024 11:41:25,R_6PAPxsmApd6fuqt,41.8883,-87.7613,EN,1,58,1,3,7,5,2,6,5,3,3,5,4,5,6,3,The decline of traditional industries  the development of technology the elimination of jobs education and skills economic inequality  distribution and geographical remoteness all affect the employment situation of the community,2,2,1,No problem, ,1,No problem, ,1,No problem, ,2, , , , ,5,"Economic challenges: The pandemic has led to unemployment, reduced income or economic instability for many people, increasing the economic pressure on many poor families. Our community provides financial assistance, food assistance, job opportunities and other support to help residents through difficult times.",4,1,1,"One of the main services of the library is the lending of books, magazines, newspapers, music, films and other media. The loan period is usually several weeks, and residents can borrow materials for free or at a very low cost.",1,"Public library lending services often provide a comfortable, convenient, rich and fulfilling experience, provide us with a wealth of reading and learning resources, and provide an important place for learning and cultural exchange for people in our community.",2,1, , , ,1,5,3,7,6,6,5,5,A rich and varied collection of books, ,7,Convenient borrowing process, ,6,Online lending and booking services, ,2,4,1,1,4,2,1,1,1,2,2,Community information service, ,4,Research and study, ,3,Electronic journal, ,"Many public libraries have been forced to close or restrict their opening during the outbreak to follow health department guidance and protect public health. This has led to disruptions or limitations in library services, affecting residents' library use, but public libraries in our community have enhanced digital services, including e-books, online journals, digital resources, etc., to meet the needs of our residents for learning and entertainment at home.", , ,1,12,12, ,16,11, ,12,4, ,5,Five years,5,1,26,1,1, , , , ,26,1,1
2/28/2024 2:27:21,2/28/2024 2:51:45,100,1464,1,2/28/2024 2:51:46,R_7fpLKGwQTb80sMu,42.6969,-82.8245,EN,1,71,1,5,5,7,6,4,3,2,4,3,5,5,5,5,The food issue is the most important because the problem of eating is solved people can feel more at ease otherwise it is particularly easy to cause social instability,3,4,5,People's health advisor,0,6,emergency rescue,0,4,communal facilities,5,2, , , , ,5,"In some cases, my community is not able to respond to the epidemic in a timely manner, and relevant people should pay more attention and do a better job of spreading knowledge",7,1,1,"Library, free food, housing issues, mental health counseling",1,"I think very highly of the services in our community, and my suggestion is to add the services that our residents need",2, ,1, , ,1,5,4,6,5,5,5, , , , , , , , , ,4,4,4,4,4,3,4,4,4,3,-99, , ,-99, , ,-99, , ,"The main aspect of influence is the importance of public health issues in libraries, hoping that relevant library personnel can strengthen public health awareness", , ,1,11,12, ,17,11, ,12,4, ,5,Fifteen years,15,3,26,1,1,1,1, , ,26,1,3
2/20/2024 11:48:14,2/20/2024 12:16:36,100,1702,1,2/20/2024 12:16:36,R_6smftsArUw31JOX,39.6804,-86.1306,EN,1,57,1,7,5,5,5,5,6,4,6,5,5,5,4,5, , , , , , ,-99, , ,-99, , ,2, , , , ,7,"I miss the simple joys of pre-pandemic life, like gathering with friends without worry.",1,1,1,Health Information,1,The library's health section guided me through managing a chronic condition with reliable information.,2,4, , , ,1,7,5,7,5,5,4, , , , , , , , , ,3,4,3,4,4,3,3,3,4,4,-99, , ,-99, , ,-99, , ,"The pandemic showcased the resilience of libraries, proving they are not just about books but essential community pillars adaptable to evolving needs.", , ,1,12,12, ,13,11, ,12,4, ,5,9 years,9,2,26,1,1, ,1, , ,26,1,2
2/20/2024 14:39:50,2/20/2024 15:05:21,100,1531,1,2/20/2024 15:05:22,R_5VopRWUZFPoTcd3,41.0513,-85.1066,EN,1,82,1,4,7,4,7,6,7,4,6,6,6,6,6,4, , , , , , ,-99, , ,-99, , ,2, , , , ,7,"The education gap has widened, with students facing disparities in access to resources for online learning.",5,1,1,Local History Archives,1,The library's book club not only broadened my reading but also connected me with fellow book lovers.,2,5, , , ,1,4,7,7,7,5,6, , , , , , , , , ,4,3,4,4,4,3,4,3,4,3,-99, , ,-99, , ,-99, , ,"The role of libraries in supporting marginalized communities has been amplified, addressing issues of access and equity exacerbated by the pandemic.", , ,1,11,12, ,13,9, ,12,6, ,5,9 years,9,2,26, ,1,1,1, , ,26,1,2
2/20/2024 14:40:11,2/20/2024 15:08:14,100,1682,1,2/20/2024 15:08:14,R_6TLTjbmrQmSqfP7,38.455,-85.6608,EN,1,90,1,6,5,4,5,4,4,6,7,5,4,5,6,5, , , , , , ,-99, , ,-99, , ,2, , , , ,7,"My community has seen job losses and economic hardships due to the pandemic, making it a tough time for many.",4,1,1,Technology Access,1,The children's storytime at the library is a highlight for my kids every week.,2,5, , , ,1,7,7,4,5,5,5, , , , , , , , , ,4,3,4,4,4,4,4,4,4,4,-99, , ,-99, , ,-99, , ,"With physical spaces limited during lockdowns, libraries have adapted by expanding digital resources, emphasizing their role as information providers.", , ,1,12,12, ,13,9, ,12,5, ,5,9 years,9,2,26,1,1, ,1, , ,26,1,2
2/20/2024 15:15:41,2/20/2024 15:42:52,100,1630,1,2/20/2024 15:42:52,R_54HkYsr7NzH2n19,40.171,-85.378,EN,1,98,1,7,5,5,6,4,4,5,6,6,6,4,4,6, , , , , , ,-99, , ,-99, , ,2, , , , ,5,"The demand for food banks skyrocketed, and it was inspiring to see the community rallying to help those in need.",6,1,1,Language Learning Resources,1,The career counseling services provided me with clarity and direction in my professional life.,2,7, , , ,1,5,6,4,5,4,4, , , , , , , , , ,3,4,4,4,4,3,4,4,3,3,-99, , ,-99, , ,-99, , ,"Public libraries proved to be crucial in bridging the digital divide, ensuring access to technology for remote learning, job applications, and essential online services.", , ,1,12,12, ,14,10, ,12,5, ,5,9 years,9,2,26,1,1, ,1, , ,26,1,2
2/21/2024 12:06:25,2/21/2024 12:39:34,100,1988,1,2/21/2024 12:39:35,R_3G3w7Dgt1xRO0xj,41.4253,-87.3565,EN,1,96,1,1,2,3,1,1,4,4,1,1,4,4,1,3, , , , , , ,-99, , ,-99, , ,2, , , , ,4,The pandemic has highlighted the significance of scientific research and the importance of preparedness for global health crises., ,1,1,Technology Access,1,Having access to computers and the internet at the library was crucial for my academic research.,2,1, , , ,1,4,7,6,5,4,4, , , , , , , , , ,3,4,4,3,3,4,3,4,4,3,-99, , ,-99, , ,-99, , ,"Libraries have been instrumental in addressing equity issues, ensuring that all members of the community have access to crucial information and resources.", , ,1,11,12, ,14,11, ,12,4, ,5,9 years,9,2,26,1,1, , , , ,26,1,2
2/20/2024 14:09:37,2/20/2024 14:32:43,100,1385,1,2/20/2024 14:32:43,R_70ULDLuN4CU2ePP,38.0858,-85.651,EN,1,55,1,5,6,6,6,6,6,5,5,6,6,5,6,5, , , , , , ,-99, , ,-99, , ,2, , , , ,7,"Community support initiatives, like food drives and mutual aid networks, have been crucial in assisting those in need.",1,1,1,Local History Preservation,1,"The library's support for the homeless community has a positive impact, providing resources for a better life.",2,7, , , ,1,6,6,6,4,5,6, , , , , , , , , ,4,4,4,4,3,4,4,4,4,3,-99, , ,-99, , ,-99, , ,"The pandemic showcased the adaptability of public libraries, proving that they are not just repositories of books but dynamic institutions that can evolve to meet the evolving needs of their communities.", , ,1,12,12, ,13,11, ,12,4, ,5,8 years,8,2,26,1,1,1,1, , ,26,1,2
2/20/2024 15:15:57,2/20/2024 15:43:54,100,1677,1,2/20/2024 15:43:55,R_73jUwKO6nGrmJdD,40.171,-85.378,EN,1,62,1,6,6,6,7,4,7,7,6,4,6,6,4,4, , , , , , ,-99, , ,-99, , ,2, , , , ,5,"The shift to online education was challenging, especially for families with limited access to technology and internet services.",6,1,1,Mental Health Resources,1,My child's love for reading grew immensely after attending the library's storytelling sessions.,2,5, , , ,1,6,5,7,7,6,5, , , , , , , , , ,4,3,4,4,3,3,3,3,4,4,-99, , ,-99, , ,-99, , ,"Public libraries became trusted sources for accurate health information, helping to combat misinformation and promote public awareness during the pandemic.", , ,1,11,12, ,15,11, ,12,5, ,5,8 years,8,2,26, ,1, ,1, , ,26,1,2
3/4/2024 20:09:13,3/4/2024 20:28:13,100,1139,1,3/4/2024 20:28:14,R_5ZSL7A1BXWyozU5,39.8499,-86.2649,EN,1,55,1,6,7,5,5,5,4,5,6,6,5,5,4,4,pecuniary embarrassment
Life is not guaranteed,2, ,7,healthy food,0,7,Life coach,6,7,policy participation,4,1,Confusion in life and work, ,Discuss life with members of the community,2,5,yes The community is OK Increase capital input, ,1,1,Discuss life with the staff,1,satisfaction,2, , , , ,1,6,6,7,6,6,6,7,rest area, ,5,recommendation service, ,6,Fellowship service, ,4,4,2,3,3,4,4,4,3,3,4,vocational counsel,2,4,Political exchange, ,4,Fund rescue, ,yes  Grant relief money, , ,1,11,13, ,13,9, ,15,4, ,7,8,8,2,26,1, , , , , ,26,1,2
2/21/2024 4:11:07,2/21/2024 4:24:24,100,797,1,2/21/2024 4:24:25,R_32sjqKGpdGeNw2W,37.1835,-121.7714,EN,1,71,1,7,7,7,7,7,7,7,7,7,7,6,6,6,Medical resources,8, , , , ,-99, , ,-99, , ,1,"During the pandemic, medical resources were extremely strained.",8,We sought help from friends to get through the difficulties.,2,4,It's a huge impact. My community care is about to collapse.,3,1,1,I used the library's print service.,1,I'm very satisfied.,2, , , , ,1,7,7,7,7,7,7, , , , , , , , , ,4,4,4,4,4,4,4,4,4,4,-99, , ,-99, , ,-99, , ,No effect. I trust it as always., , ,1,12,13, ,16,11, ,12,4, ,5,8,8,2,26,1,1,1, , , ,26,1,2
2/20/2024 21:06:39,2/20/2024 21:19:42,100,783,1,2/20/2024 21:19:43,R_1R2SWFMGXByvPvS,34.0544,-118.2441,EN,1,85,1,4,7,7,7,7,7,7,7,4,7,7,4,4,Medical careprofessional medical science to ensure the health and normal operation of community personnel,8, ,3,Entertainment and leisure venues,5,3,"The growth and learning of children, as well as their physical and mental health development",0,6,"Balancing the harmonious development of work and family, as well as addressing sub-health issues",0,1,"For sub-health, choose appropriate medications under the guidance of a doctor, such as enhancing immunity, anti fatigue, antidepressants, and sedatives. But drugs are only auxiliary means, and it is mainly necessary to strengthen self life regulation.",8,"Maintain a good mindset, pay attention to daily routines, and have a scientific diet. Using relaxation training methods, physical exercise, and cultivating interests and hobbies to help alleviate stress and tension.", ,6,"Flu often occurs now, and during that time, economic issues were not developing well",3,1,1,"Borrowing services: The library provides borrowing services for various resources such as books, magazines, DVDs, etc",1,I'm quite satisfied. It would be even better if there were AI available,2, ,1, , ,1,5,6,7,7,7,6, , , , , , , , , ,4,4,4,4,4,4,4,4,4,4,4,Building a Good Learning Environment, ,4,Promote reading and cultural activities, ,4,Innovative service model, ,"It had a slight impact, but then it returned to its original state", , ,1,11,12, ,16,10, ,12,4, ,5,8,8,2,26,1,1, ,1, , ,26,1,2
2/16/2024 9:11:58,2/16/2024 9:30:32,100,1114,1,2/16/2024 9:30:33,R_6fPLW5kgROuadEd,39.8335,-84.8983,EN,1,99,1,6,7,5,5,7,6,5,5,7,7,6,4,7,Financial struggles,2, , , , ,-99, , ,-99, , ,2, , , , ,2,"Of course it impacted me. Jobs were shut down, there was no way to buy food. I was forced into a six month lease in a communal house with an unheated sunroom because it was $350 a month and that was all I could afford due to the pandemic. It impacted the community greatly; 24/7 places like Walmart and Needlers are still to this day no longer so, other places went out of business, and everyone with little education believes the vaccines will kill them instead of potentially saving their lives or that “it’s Biden’s fault”.",4,1,1,Free daily two hour usage of computers and free (although extremely limited) language learning resources.,1,"I’m satisfied with the computer usage, however the library recently changed their language learning resource from one that was quite effective to one that feels less so—I do not believe the public had a voice in whether this change happened or not.",2, ,2, , ,1,7,4,5,4,7,4,7,Dedicated warming area (it’s technically already a warming station but when the homeless come in everyone including patrons and staff seem to complain), ,6,Formal registration-only classes such as for ASL and Spanish, , , , ,4,3,3,3,2,2,3,3,2,4,-99, , ,-99, , ,-99, , ,"There’s still very little foot traffic within the library since COVID. Due to this, enormous amounts of weeding books that aren’t even old is taking place to make it seem like more people are checking out books.", , ,1,11,13, ,16,11, ,13,6, ,4,7 years,7,2,26,1,1, , , , ,26,1,2
2/20/2024 14:40:26,2/20/2024 15:08:26,100,1679,1,2/20/2024 15:08:27,R_11drr7IcI5tZhQZ,38.455,-85.6608,EN,1,70,1,5,7,5,5,6,6,4,6,5,7,6,4,4, , , , , , ,-99, , ,-99, , ,2, , , , ,4,I've witnessed a stronger sense of solidarity as neighbors come together to help those in need during these tough times.,1,1,1,Health Information,1,The community meeting space at the library is perfect for our neighborhood gatherings.,2,7, , , ,1,5,6,6,5,6,7, , , , , , , , , ,3,4,4,3,4,3,3,4,4,4,-99, , ,-99, , ,-99, , ,"Libraries have played a key role in disseminating reliable information, countering misinformation, and promoting public health awareness.", , ,1,12,12, ,14,10, ,12,4, ,5,7 years,7,2,26,1,1, ,1, , ,26,1,2
2/20/2024 11:46:17,2/20/2024 12:19:22,100,1985,1,2/20/2024 12:19:23,R_1m8fbunGaIrFYmM,38.3085,-85.816,EN,1,96,1,6,7,5,6,4,7,6,7,7,7,5,6,6, , , , , , ,-99, , ,-99, , ,2, , , , ,6,I've taken up new hobbies to cope with the stress and uncertainty of the pandemic.,7,1,1,Technology Access,1,The free internet and computer access at the library allowed me to apply for jobs online and complete online courses.,2,1, , , ,1,5,5,7,7,5,4, , , , , , , , , ,3,3,4,3,3,4,4,3,4,4,-99, , ,-99, , ,-99, , ,"Public libraries stepped up as reliable sources of information, combating misinformation and promoting health literacy.", , ,1,13,12, ,12,8, ,12,6, ,5,6 years,6,2,26,1,1, ,1, , ,26,1,2
2/20/2024 14:10:26,2/20/2024 14:34:12,100,1426,1,2/20/2024 14:34:13,R_6fqRT8Xtbhq4Yox,38.6529,-87.1699,EN,1,55,1,7,6,4,4,5,4,7,4,4,7,7,6,7, , , , , , ,-99, , ,-99, , ,2, , , , ,4,"The pandemic has emphasized the importance of mental health, and many are seeking support and resources.",3,1,1,Technology Access,1,Joining a book club at the library introduced me to a diverse range of literature and new friends.,2,2, , , ,1,6,7,6,6,6,4, , , , , , , , , ,3,3,3,3,3,4,4,4,3,4,-99, , ,-99, , ,-99, , ,"The crisis emphasized the importance of libraries in supporting education, as they provided remote learning resources for students facing school closures.", , ,1,11,12, ,15,11, ,12,5, ,5,6 years,6,2,26, ,1,1,1, , ,26,1,2
2/21/2024 12:49:25,2/21/2024 13:20:52,100,1886,1,2/21/2024 13:20:53,R_70Tbwably72IO7U,38.3015,-85.7469,EN,1,82,1,4,3,4,3,3,1,1,1,2,3,1,1,3, , , , , , ,-99, , ,-99, , ,2, , , , ,6,"Many people are facing food insecurity, and local food banks need more support.",2,1,1,Health Resources,1,The legal aid clinic at the library provided me with the guidance I needed for a legal issue.,2,6, , , ,1,4,4,7,4,4,4, , , , , , , , , ,3,4,3,4,3,4,4,4,4,4,-99, , ,-99, , ,-99, , ,"Public libraries have become crucial partners in vaccination efforts, hosting vaccination clinics and disseminating information about vaccine safety and availability.", , ,1,11,12, ,15,9, ,12,4, ,5,6 years,6,2,26, ,1,1, , , ,26,1,2
3/2/2024 21:47:46,3/2/2024 22:01:59,100,852,1,3/2/2024 22:01:59,R_7fjQv1KfmE7HQKU,33.7485,-84.3871,EN,1,56,1,2,6,5,3,4,7,7,7,7,2,5,6,6,Healthcare services,8, ,2,Community service facilities and entertainment services,5,7,Weekly community public welfare activities,5,7,Services for the physical and mental health growth of children,6,1,Social workers play the roles of listeners and communicators in community services. Listening is the first step in understanding the needs and issues of residents.,14,"Social workers should provide residents with sufficient space for expression and explanation through focused and active listening, in order to trulyUnderstand their needs and concerns. At the same time, social workers should pay attention to using appropriate nonverbal communication skills, such as eye contact, body language, etc., to establish good interaction and relationships, enhance trust and cooperation between social workers and residents.", ,6,"A little bit, not a lot", ,1,1,Ai service,1,"Artificial intelligence technology can help people achieve operations such as voice interaction, image recognition, and intelligent prediction, making our use more intelligent, convenient, and personalized.", , ,2, , ,1,5,6,6,7,7,6, , , , , , , , , ,4,4,4,3,3,3,4,4,4,4,-99, , ,-99, , ,-99, , ,"A little bit, not a lot", , ,1,12,13, ,16,10, ,12,4, ,5,5years old,5,1,26,1,1,1, , , ,26,1,1
2/21/2024 0:03:59,2/21/2024 0:15:07,100,667,1,2/21/2024 0:15:07,R_5kOCfR91Bnxarnl,47.6144,-122.3447,EN,1,56,1,5,3,5,6,5,4,4,5,5,5,4,5,5, , , , ,Community service health,0,5,safety protection, ,-99,not have, ,1,Strengthen security services.,1, , ,4,It doesn't matter,8,1,1,"Read books for free, recommend study rooms, etc.",1,Very satisfied, , , , , ,1,5,5,6,6,6,5,5, , ,5, , ,6, , ,3,4,4,4,4,4,4,4,4,4,4, , ,4, , ,4, , ,"It does have an impact, but it's not a big problem", , ,1,11,13, ,14,12, ,15,4, ,5,5 years,5,1,26, ,1, , , , ,26,1,1
2/21/2024 4:29:07,2/21/2024 4:36:16,100,428,1,2/21/2024 4:36:16,R_7Nbx7DeXg6WAiZP,37.1835,-121.7714,EN,1,98,1,7,7,6,7,6,7,6,7,6,7,6,5,5,High quality job opportunities,2, , , , ,-99, , ,-99, , ,2, , , , ,4,"My work and my life have an impact, and my community needs are livelihood security and medical support.",3,1,1,I went to the library to find what I needed.,1,I'm very pleased,2, , , , ,1,7,7,7,7,7,7, , , , , , , , , ,4,4,4,4,4,4,4,4,4,4,-99, , ,-99, , ,-99, , ,No impact., , ,1,11,12, ,15,12, ,12,4, ,5,5,5,1,26,1,1,1, , , ,26,1,1
3/2/2024 23:50:42,3/2/2024 23:58:02,100,439,1,3/2/2024 23:58:02,R_6rpfKSrgUxfmNqR,37.1835,-121.7714,EN,1,4,1,4,3,2,3,2,1,2,3,3,2,1,1,3, , , , , , ,-99, , ,-99, , ,2, , , , ,6, , ,1,1,check out the books,1,Satisfied,2, , , , ,1,4,5,5,5,6,6, , , , , , , , , ,4,3,4,4,4,4,4,4,3,3,-99, , ,-99, , ,-99, , , , , ,1,12,13, ,15,12, ,12,4, ,5,5,5,1,26,1, , , , , ,26,1,1
2/26/2024 6:36:11,2/26/2024 6:57:05,100,1254,1,2/26/2024 6:57:06,R_5FX8gVZrKMT84Kt,39.2318,-85.8884,EN,1,73,1,6,3,3,1,5,3,3,4,2,3,7,4,5,Social connections are important because I'm very afraid of being alone,11,4, , , ,-99, , ,-99, , ,2, , , , ,5,Influencing the Greater Community to provide adequate masks and protective gear is my need,2,1,1,I borrowed children's books from the library for my children,1,My children are very happy,2, , , , ,2,-99,-99,-99,-99,-99,-99, , , , , , , , , ,2,4,3,2,2,3,2,4,3,1,-99, , ,-99, , ,-99, , ,I hope that the publicity of electronic resources can be strengthened, , ,1,12,12, ,17,10, ,12,4, ,5,43,43,5,26,1,1,1, , , ,26,1,9
2/25/2024 12:32:50,2/25/2024 12:48:46,100,956,1,2/25/2024 12:48:47,R_6n0bL62tDO7HxEJ,40.5025,-86.1462,EN,1,66,1,3,6,4,3,5,2,3,4,7,3,5,3,5,Mental health I think mental health is something to look at,8, , , , ,-99, , ,-99, , ,2, , , , ,3,"I hope the community will strengthen cooperation with local health authorities, ngos and volunteer groups to jointly address the challenges of the epidemic",7,1,1,Audio book,1,Right on,2, , , , ,2,-99,-99,-99,-99,-99,-99, , , , , , , , , ,4,3,4,2,2,1,2,3,2,3,-99, , ,-99, , ,-99, , ,I want public libraries to provide disaster preparedness and emergency relief information to help me deal with emergencies, , ,1,12,12, ,16,11, ,12,4, ,5,42,42,5,26,1,1,1,1, , ,26,1,9
2/25/2024 9:43:48,2/25/2024 10:02:25,100,1117,1,2/25/2024 10:02:25,R_6jU3UIl8nBfcTGR,37.751,-97.822,EN,1,67,1,6,3,6,3,5,2,4,3,2,4,6,7,5,I really need this skill  I really need it at work, , , , , ,-99, , ,-99, , ,2, , , , ,6,"My community organization volunteer team assists elderly or special needs residents with shopping, medicine pickup, etc. Thank you very much, especially during the pandemic",1,1,1,I have used the public computer provided by the library,1,I like it very much.,2, , , , ,1,2,5,4,7,6,5, , , , , , , , , ,4,2,4,3,1,4,2,3,2,3,-99, , ,-99, , ,-99, , ,I expect public libraries to provide free Internet access so that I can work, , ,1,12,13, ,16,12, ,12,4, ,5,42,42,5,26,1,1, ,1, , ,26,1,9
2/26/2024 8:27:52,2/26/2024 8:47:54,100,1202,1,2/26/2024 8:47:55,R_3QAogJNgxEOg7hK,39.5992,-86.13,EN,1,73,1,2,1,5,4,3,5,3,1,4,6,7,4,4,I'm so afraid of being alone that I care so much about social connection,11, , , , ,-99, , ,-99, , ,2, , , , ,6,I need the community to provide a reliable e-commerce and online shopping platform,5,1,1,Lending of multimedia resources and music CDS,1,I like it very much.,2, , , , ,2,-99,-99,-99,-99,-99,-99, , , , , , , , , ,4,1,2,3,3,1,3,2,1,3,-99, , ,-99, , ,-99, , ,I need the community to expand the amount and variety of e-lending, , ,1,12,12, ,16,12, ,12,4, ,5,41,41,5,26,1,1,1, , , ,26,1,9
2/25/2024 15:15:08,2/25/2024 15:42:28,100,1639,1,2/25/2024 15:42:29,R_10kLDkcnldVuWu1,40.5743,-85.6741,EN,1,69,1,2,5,4,2,3,5,7,5,5,3,5,3,4,Taking care of family members is very important to me Taking care of family members is the most important thing for me,7,4, , , ,-99, , ,-99, , ,2, , , , ,4,I want the community to provide emergency services, ,1,1,Information service,1,I like it very much.,2, , , , ,2,-99,-99,-99,-99,-99,-99, , , , , , , , , ,1,4,2,3,2,4,2,3,3,2,-99, , ,-99, , ,-99, , ,I want to strengthen digital literacy training to help us make better use of online resources and tools., , ,1,12,12, ,14,12, ,12,4, ,5,40,40,5,26,1,1, , , , ,26,1,8
2/26/2024 8:27:51,2/26/2024 8:47:55,100,1203,1,2/26/2024 8:47:55,R_7LvQEihzLyiiKd3,39.847,-85.9719,EN,1,83,1,5,2,1,3,2,5,4,7,5,2,4,4,3,Health care is very important because I care very much about my life,8,4, , , ,-99, , ,-99, , ,2, , , , ,4,"I want the community to provide support and assistance for domestic violence and child abuse,",2,1,1,Library membership registration and card application services,1,As good as gold,2, , , , ,2,-99,-99,-99,-99,-99,-99, , , , , , , , , ,2,1,3,3,2,4,2,3,2,3,-99, , ,-99, , ,-99, , ,I want the community to offer online cultural events and art exhibitions, , ,1,12,13, ,16,11, ,12,4, ,5,40,40,5,26,1,1,1, , , ,26,1,8
2/25/2024 11:37:16,2/25/2024 11:49:06,100,710,1,2/25/2024 11:49:07,R_7PGmz9uUa3iPnlC,41.5883,-87.4593,EN,1,66,1,3,2,7,5,2,5,6,4,4,4,2,6,6,Food is important,3,4, , , ,-99, , ,-99, , ,2, , , , ,4,The community provides online child care resources and support to help us balance work and family demands,1,1,1,Borrow books,1,That was brilliant!,2, , , , ,2,-99,-99,-99,-99,-99,-99, , , , , , , , , ,1,3,3,4,3,2,4,2,2,3,-99, , ,-99, , ,-99, , ,"I want public libraries to be committed to promoting social justice and equality, providing equal services and opportunities", , ,1,12,12, ,16,9, ,12,4, ,5,40,40,5,26,1,1, , , , ,26,1,8
2/26/2024 6:36:11,2/26/2024 6:57:05,100,1254,1,2/26/2024 6:57:06,R_1ir6QrA85kp1hbX,37.9653,-87.3902,EN,1,63,1,2,4,6,4,1,3,2,4,4,3,4,3,5,Food Food is very important to my family,3,4, , , ,-99, , ,-99, , ,2, , , , ,4,The outbreak is very much affecting me and I need the community to provide enough vaccination sites and vaccine supplies,3,1,1,I used the online reading service provided by the library,1,The experience is very good. Online reading saves a lot of trouble,2, , , , ,2,-99,-99,-99,-99,-99,-99, , , , , , , , , ,2,4,3,1,3,2,4,3,2,2,-99, , ,-99, , ,-99, , ,"Yes, I would like to expand the library's online resources", , ,1,12,12, ,14,11, ,12,5, ,5,40,40,5,26,1,1, ,1, , ,26,1,8
2/26/2024 8:27:51,2/26/2024 8:47:55,100,1203,1,2/26/2024 8:47:55,R_6QyuBRS4GJWSFKb,41.151,-85.125,EN,1,63,1,6,4,6,3,5,2,7,5,5,3,3,4,4,Taking care of family members is very important because I love my family very much,7,4, , , ,-99, , ,-99, , ,2, , , , ,4,COVID-19 is having a big impact and I need the community to step up community safety and police patrols, ,1,1,Library Tours and guided Tours,1,I used it with great satisfaction,2, , , , ,2,-99,-99,-99,-99,-99,-99, , , , , , , , , ,3,4,2,1,2,1,2,2,3,2,-99, , ,-99, , ,-99, , ,I want the community to build online book review and recommendation platforms, , ,1,12,12, ,17,10, ,12,5, ,5,39,39,5,26,1,1,1, , , ,26,1,8
2/26/2024 6:36:11,2/26/2024 6:57:05,100,1254,1,2/26/2024 6:57:06,R_5pnymhIzFqCFlPa,39.2318,-85.8884,EN,1,80,1,3,6,3,4,7,3,5,2,3,1,5,4,3,Public education because my child is going to be in eighth grade and I want my child to have a good education,5, , , , ,-99, , ,-99, , ,2, , , , ,6,"Under the influence of COVID-19, I need to increase medical resources",3,1,1,I borrowed books,1,The library's library resources are very good and I am very satisfied,2, , , , ,2,-99,-99,-99,-99,-99,-99, , , , , , , , , ,4,3,4,4,2,3,1,1,2,2,-99, , ,-99, , ,-99, , ,I would like to see hygiene and cleanliness measures strengthened, , ,1,12,13, ,13,12, ,12,4, ,5,39,39,5,26,1,1, , , , ,26,1,8
2/25/2024 9:03:17,2/25/2024 9:21:19,100,1081,1,2/25/2024 9:21:19,R_1V9STo7PFX7cJm9,37.9606,-87.5333,EN,1,62,1,6,4,2,5,3,3,5,2,3,3,2,4,3,I was so scared that something bad would happen to my family, , , , , ,-99, , ,-99, , ,2, , , , ,5,"During the epidemic, every household has a great demand for express delivery, so do I. I hope the community can coordinate the delivery service",5,1,1,The library also offers electronic books,1,I am satisfied,2, , , , ,1,4,3,4,2,4,6, , , , , , , , , ,2,4,3,2,3,1,3,2,2,4,-99, , ,-99, , ,-99, , ,One effect is that I work from home and I want the library to have access to faster networks, , ,1,12,12, ,16,12, ,12,5, ,5,39,39,5,26,1,1,1, , , ,26,1,8
2/25/2024 15:15:09,2/25/2024 15:42:28,100,1638,1,2/25/2024 15:42:28,R_3JmCRNlZL7D7cya,39.7954,-86.2658,EN,1,82,1,6,2,3,4,5,2,3,3,2,4,2,4,6,Public safety is very important I think public safety is very important,1,4, , , ,-99, , ,-99, , ,2, , , , ,5,I hope the community will organize regular health check-ups,3,1,1,Foreign language learning resources,1,The experience is very good,2, , , , ,2,-99,-99,-99,-99,-99,-99, , , , , , , , , ,3,1,4,2,4,3,2,3,2,4,-99, , ,-99, , ,-99, , ,I want to provide virtual community activities, , ,1,12,12, ,16,9, ,12,5, ,5,38,38,5,26,1,1, , , , ,26,1,8
2/25/2024 11:37:16,2/25/2024 11:49:08,100,711,1,2/25/2024 11:49:08,R_77RFfFs4Vg8BizD,41.7011,-86.872,EN,1,61,1,4,1,1,3,3,6,6,3,5,2,3,3,5,It's my responsibility to take care of my family and I want my community to take good care of my family,7, , , , ,-99, , ,-99, , ,2, , , , ,5,The community encourages residents to participate in community greening projects to improve the living environment and air quality,7,1,1,Electronic book resources,1,That's great!,2, , , , ,2,-99,-99,-99,-99,-99,-99, , , , , , , , , ,3,3,1,3,2,2,3,2,3,4,-99, , ,-99, , ,-99, , ,I expect public libraries to provide quiet, , ,1,12,12, ,16,11, ,13,5, ,5,38,38,5,26,1,1, ,1, , ,26,1,8
2/25/2024 12:32:50,2/25/2024 12:48:41,100,951,1,2/25/2024 12:48:41,R_5por4sig9ZhMsYE,38.061,-87.5501,EN,1,69,1,3,6,4,5,1,3,2,3,3,1,4,3,3,Food Food is what everyone needs,3, , , , ,-99, , ,-99, , ,2, , , , ,4,I want the community to set up an emergency communication system to send me important notifications and instructions about outbreaks and emergencies,5,1,1,Research support,1,excellent,2, , , , ,2,-99,-99,-99,-99,-99,-99, , , , , , , , , ,3,4,1,3,1,2,3,2,4,3,-99, , ,-99, , ,-99, , ,"I want public libraries to reflect the cultural diversity of the community, offering a wide range of books and resources from different cultural backgrounds", , ,1,12,13, ,11,9, ,12,4, ,5,38,38,5,26,1,1, , , , ,26,1,8
2/25/2024 9:03:17,2/25/2024 9:21:19,100,1081,1,2/25/2024 9:21:19,R_111KHaqS2kQIxU1,39.9564,-85.9651,EN,1,65,1,3,2,6,4,6,4,6,2,3,3,3,5,6,I hope my children can get good educational resources,5, ,4,Reliable water supply and sanitation, ,6,Access to health and medical services,0,5,Educational opportunities and schools,0,2, , , , ,5,"During the COVID-19 pandemic, I wanted my community to set up a quick screening site and my community successfully did",3,1,1,I borrowed some books from the library,1,It feels really good.,2, , , , ,1,3,2,5,4,5,6, , , , , , , , , ,2,1,3,1,4,3,3,4,3,2,-99, , ,-99, , ,-99, , ,I hope the library can organize online activities to meet my cultural needs, , ,1,12,12, ,13,9, ,12,4, ,5,37,37,5,26,1,1,1, , , ,26,1,8
2/27/2024 12:12:14,2/27/2024 12:27:34,100,920,1,2/27/2024 12:27:34,R_5IFuZVt901wvBCg,34.0544,-118.2441,EN,1,81,1,5,7,4,3,3,4,2,3,4,1,5,3,3,Financial difficulties I don't want my community to have financial difficulties that would affect my own interests,2, , , , ,-99, , ,-99, , ,2, , , , ,4, had to telecommute during the pandemic and I really wanted there to be a more realiable faster internet service,5,1,1,Music and video resources available,1,I'm very happy.,2, , , , ,2,-99,-99,-99,-99,-99,-99, , , , , , , , , ,3,4,2,3,2,1,2,3,1,4,-99, , ,-99, , ,-99, , ,"During the COVID-19 epidemic, the library has strengthened media publicity to help me and also has a lot of contacts to tell me a lot of precautions about the epidemic", , ,1,12,13, ,17,11, ,12,4, ,5,37,37,5,26,1,1,1,1, , ,26,1,8
2/25/2024 13:31:22,2/25/2024 13:53:41,100,1338,1,2/25/2024 13:53:42,R_31pIbbUdTWD1Qnr,41.1713,-87.2491,EN,1,70,1,3,5,5,2,6,4,5,7,5,3,5,4,4,Medical care is very important to me,8,4, , , ,-99, , ,-99, , ,2, , , , ,4,It is recommended to organize a community breakfast program to provide nutritious breakfasts to residents in need,7,1,1,Online library service,1,I am very satisfied,2, , , , ,1,5,3,3,5,4,5, , , , , , , , , ,2,3,3,1,2,2,1,3,3,2,-99, , ,-99, , ,-99, , ,"I expect public libraries to display and record the history and stories of communities, preserving social memories", , ,1,12,13, ,14,9, ,12,4, ,5,36,36,5,26,1,1, , , , ,26,1,8
2/29/2024 7:55:10,2/29/2024 8:07:23,100,732,1,2/29/2024 8:07:23,R_7UxKhToaxsWhD0d,39.2051,-85.9324,EN,1,99,1,5,7,7,7,5,4,7,3,7,7,7,6,5,Mental health,9, , ,Affordable housing,0,6,Affordable childcare,0,-99, , ,2, , , , ,1,"Yes. School attendance, mental health, abd lack of work.",8,1,1,Computers,1, , , , , , ,1,7,7,5,7,7,7, , , , , , , , , ,4,4,4,4,3,3,4,4,4,4,-99, , ,-99, , ,-99, , ,No, , ,2,14,13, ,17,11, ,13,4, ,5,34 years,34,7,26,1,1, , , , ,27,1,7
2/26/2024 8:01:29,2/26/2024 8:22:57,100,1288,1,2/26/2024 8:22:58,R_1nZ5mwI4sWXgjxe,39.4732,-87.4033,EN,1,79,1,7,3,5,1,3,1,5,3,4,5,3,4,4,Public safety is important,1,4, , , ,-99, , ,-99, , ,2, , , , ,3,I want the community to support the remote work and learning needs of families and children,7,1,1,I can reserve the books I want in advance in the library,1,Very good staff work attitude is very good,2, , , , ,2,-99,-99,-99,-99,-99,-99, , , , , , , , , ,2,3,1,2,4,2,2,1,3,3,3,Learning resources, ,-99, , ,-99, , ,I need the community to host online lectures and learning workshops that cover all areas of knowledge and skills., , ,1,11,12, ,16,11, ,12,5, ,5,33,33,7,26,1,1,1,1, , ,26,1,7
2/25/2024 12:50:34,2/25/2024 13:10:27,100,1192,1,2/25/2024 13:10:28,R_1CKjGA2cvHXaguc,41.4495,-87.4769,EN,1,79,1,3,2,6,4,6,6,3,7,3,4,2,3,3,Health care is very important and I need it very much,8,4, , , ,-99, , ,-99, , ,2, , , , ,5,I hope the community encourages residents to share idle resources,7,1,1,Music and video resources,1,I think it's pretty good,2, , , , ,1,2,5,6,4,4,6, , , , , , , , , ,3,4,2,4,2,3,3,2,4,4,-99, , ,-99, , ,-99, , ,I hope that public libraries will actively fulfill their social responsibilities and participate in community development and public welfare activities, , ,1,11,12, ,16,10, ,12,5, ,5,33,33,7,26,1,1,1,1, , ,26,1,7
2/27/2024 7:30:38,2/27/2024 7:49:18,100,1119,1,2/27/2024 7:49:18,R_3rUUe5wv7FItDNN,39.7668,-86.4013,EN,1,60,1,4,7,5,3,5,2,6,3,4,4,3,5,4,Financial difficulties I need the community to help me some when I have financial difficulties,2, , , , ,-99, , ,-99, , ,2, , , , ,6,I need community management to increase the frequency of disinfection of public areas to ensure the health of my living environment.,5,1,1,Library membership card,1,I use it very comfortably,2, , , , ,2,-99,-99,-99,-99,-99,-99, , , , , , , , , ,4,2,3,1,2,1,2,1,3,3,-99, , ,-99, , ,-99, , ,"I want the community to provide book clubs and book discussions with remote participation, and to interact online through tools like video conferencing.", , ,1,11,12, ,16,12, ,12,5, ,5,33,33,7,26,1,1, , , , ,26,1,7
2/27/2024 11:56:14,2/27/2024 12:22:03,100,1548,1,2/27/2024 12:22:04,R_5Nk5djJkvmawZ8e,39.7954,-86.2658,EN,1,77,1,2,5,4,2,6,5,4,2,4,7,5,3,3,Transportation Convenient transportation is very convenient for everything,10,4, , , ,-99, , ,-99, , ,2, , , , ,6,"During the epidemic, I really wanted to have some interaction with my neighbors because I wanted to be happy",1,1,1,Computers and Internet access are available,1,I like it very much.,2, , , , ,2,-99,-99,-99,-99,-99,-99, , , , , , , , , ,1,3,4,2,1,3,2,4,2,2,-99, , ,-99, , ,-99, , ,I look forward to improving my personal skills in the library, , ,1,11,12, ,13,9, ,12,5, ,5,32,32,7,26,1,1,1,1, , ,26,1,7
2/25/2024 10:06:08,2/25/2024 10:22:59,100,1010,1,2/25/2024 10:22:59,R_7GBN4uCuiRVzI0m,41.4934,-87.3548,EN,1,86,1,2,4,3,4,6,7,2,5,4,3,5,4,3,The extreme weather is terrible and needs the help of the community,6,4, , , ,-99, , ,-99, , ,2, , , , ,6,The community has established effective communication channels to stay in close touch with residents and answer our questions and concerns, ,1,1,"My community provides academic research resources, literature searches, and research support for my use of this",1,Very helpful to me,2, , , , ,2,-99,-99,-99,-99,-99,-99, , , , , , , , , ,3,2,3,1,2,3,1,3,3,2,-99, , ,-99, , ,-99, , ,I want public libraries to provide home education resources and guidance to help us learn and educate in a home environment., , ,1,11,12, ,16,12, ,12,5, ,5,32,32,7,26,1,1, ,1, , ,26,1,7
2/28/2024 15:41:22,2/28/2024 15:43:58,100,155,1,2/28/2024 15:43:59,R_1neBf1Crl7kBMyq,39.6648,-85.9939,EN,1,64,1,4,5,3,4,6,5,5,3,4,7,5,6,4,Crowded parking resources and insufficient parking make it difficult for drivers to find suitable parking Spaces,10,1, , , ,-99, , ,-99, , ,2, , , , ,5,Support for local businesses and job opportunities., ,1,1,Looked into information about medication side effects and interactions.,1,"If questions are responded to and resolved quickly, my experience will be relatively smooth.",1, ,1, , ,1,5,4,6,3,5,4, , , , , , , , , ,3,4,2,3,3,2,4,3,3,2,-99, , ,-99, , ,-99, , ,"During the epidemic, I felt that I had lost an important learning place with the closure of public libraries.", , ,1,13,13, ,16,9, ,12,4, ,5,30 years,30,6,26,1,1,1, , , ,26,1,6
3/2/2024 23:33:04,3/2/2024 23:57:24,100,1459,1,3/2/2024 23:57:25,R_3wsCPz5TPVdMyi0,37.1835,-121.7714,EN,1,57,1,7,7,7,7,7,7,7,7,7,7,7,6,7,public safety  Only by getting personal safety can we get everything possibleHow can we talk about it if we can't even do the most basic safety,1,4,7,Community environmental problems,0,7,Between communities and neighbors,5,7,Entertainment and leisure square,5,2, , , , ,7,"Have an impact, medical facilities are complete, and if you can at any time in an emergency,",3,1,1,You can read quietly and participate.,1,Satisfactory use of service,2, , , , ,1,7,7,7,7,7,7,7,Writer's speech, ,7,sanitation, ,7,Children's area, ,4,4,4,4,4,4,4,4,4,4,4,can, ,4,software, ,-99,Hardware construction fee, ,"Yes, because of the spread of the virus during the epidemic, I dare not go to someone.", , ,2,11,13, ,17,10, ,12,4, ,5,30,30,6,26, ,1, , , , ,26,1,6
2/26/2024 7:13:07,2/26/2024 7:30:12,100,1024,1,2/26/2024 7:30:13,R_7c1WxloSecOs20V,34.0544,-118.2441,EN,1,82,1,4,2,7,5,5,2,5,4,6,2,4,4,5,Food I think food is what I need most because food is very scarce at some time,3,2,4,Clean hygiene,0,-99, , ,-99, , ,2, , , , ,6,"In the midst of COVID-19, I really hope that communities will step up their efforts to clean and disinfect health facilities",5,1,1,I checked the academic references in the library,1,I have gained a lot,2, , , , ,2,-99,-99,-99,-99,-99,-99, , , , , , , , , ,3,2,4,2,3,4,2,3,4,3,-99, , ,-99, , ,-99, , ,It affects our community to provide remote consulting and reference services to meet our information needs., , ,1,11,13, ,14,9, ,12,5, ,5,30,30,6,26,1,1, , , , ,26,1,6
2/25/2024 14:13:09,2/25/2024 14:37:05,100,1436,1,2/25/2024 14:37:06,R_3CIxbc7IbNw2VUa,40.5743,-85.6741,EN,1,61,1,3,7,5,4,2,4,5,1,5,3,3,4,3,Finances are very important,10,4, , , ,-99, , ,-99, , ,2, , , , ,4,I hope the community will organize health education activities to provide information and guidance on epidemic prevention and control and healthy lifestyle,1,1,1,Ancient books,1,I like it very much.,2, , , , ,2,-99,-99,-99,-99,-99,-99, , , , , , , , , ,1,4,3,4,2,1,2,3,2,3,-99, , ,-99, , ,-99, , ,"I hope to provide an extension of e-resources, including e-books, e-magazines, and e-learning platforms.", , ,1,11,13, ,16,12, ,12,4, ,5,30,30,6,26,1,1,1,1, , ,26,1,6
2/27/2024 7:30:38,2/27/2024 7:49:18,100,1119,1,2/27/2024 7:49:18,R_3oysa2YIruNntnz,41.6459,-87.4714,EN,1,87,1,4,2,5,7,5,7,2,5,3,2,5,3,4,Extreme weather I really need the community to help us during extreme weather,6, , , , ,-99, , ,-99, , ,2, , , , ,3,Does the affected community need to tell me how to disinfect in time, ,1,1,Electronic book,1,The experience is very good,2, , , , ,2,-99,-99,-99,-99,-99,-99, , , , , , , , , ,2,4,3,2,1,1,3,3,2,2,-99, , ,-99, , ,-99, , ,"I need the community to expand the promotion of digital services and online reading platforms so that I can access library resources anytime, anywhere.", , ,1,11,13, ,17,9, ,12,4, ,5,30,30,6,26,1,1, ,1, , ,26,1,6
3/4/2024 6:55:47,3/4/2024 7:16:10,100,1222,1,3/4/2024 7:16:10,R_6zNDmb9h897gCST,41.6227,-86.2452,EN,1,57,1,5,4,6,5,6,5,4,5,6,6,6,5,5, , , , , , ,-99, , ,-99, , ,2, , , , ,6, , ,1,1,I have used online consultation .,1,It has been very satisfying.,2, , , , ,1,4,3,5,5,4,5, , , , , , , , , ,3,3,4,3,4,2,3,3,4,4,-99, , ,-99, , ,-99, , ,The COVID-19 pandemic has not affected my expectations for the role of public libraries in social services., , ,1,10,12, ,16,11, ,12,4, ,4,3 years,3,1,26,1,1,1,1, , ,26,1,1
2/25/2024 12:50:35,2/25/2024 13:10:27,100,1192,1,2/25/2024 13:10:28,R_3Legy03nYCiqx0v,37.825,-87.5655,EN,1,90,1,2,1,5,4,3,5,7,6,6,5,3,5,4,Taking care of my family members is very important to me,7,4, , , ,-99, , ,-99, , ,2, , , , ,6,I want the community to provide cybersecurity education and fraud awareness training to help me avoid online fraud and identity theft, ,1,1,Book recommendation,1,As good as gold,2, , , , ,1,2,3,5,3,4,6, , , , , , , , , ,2,2,3,3,2,4,3,1,3,2,-99, , ,-99, , ,-99, , ,I expect public libraries to provide senior-specific support and services that meet our learning and social needs, , ,1,11,12, ,16,10, ,12,5, ,5,29,29,6,26,1,1, , , , ,26,1,6
2/26/2024 8:01:29,2/26/2024 8:22:57,100,1288,1,2/26/2024 8:22:58,R_6LzImKAxjvNDzjz,39.9714,-86.1295,EN,1,78,1,4,6,3,1,5,3,3,4,6,4,7,4,6,Social contact is very important to me because my career needs a lot of friends,11,4,4,Adequate parking is available, ,5,Set up children's play areas and public leisure areas,5,-99, , ,1,I remember when I first entered the community I had a lot of trouble getting a parking space,10,I got the neighborhood to rezone a lot of parking,2,5,I lost my job during the COVID-19 pandemic so I need employment help from the community,4,1,1,I used electronic resources,1,As good as gold,2, , , , ,2,-99,-99,-99,-99,-99,-99, , , , , , , , , ,1,3,2,4,3,1,2,3,3,2,2,Children's library,1,-99, , ,-99, , ,I hope the community will strengthen its special care and support for special groups., , ,1,11,13, ,16,11, ,12,5, ,5,29,29,6,26,1,1,1,1, , ,26,1,6
2/25/2024 11:52:58,2/25/2024 12:13:01,100,1202,1,2/25/2024 12:13:01,R_31oVDDiRNe2DEpS,39.7954,-86.2658,EN,1,64,1,2,1,5,3,6,4,2,5,6,3,5,6,3,I care deeply about my children is education It is important,5, , , , ,-99, , ,-99, , ,2, , , , ,4,"I hope the community will increase domestic violence support services, providing safe shelters, counseling and assistance hotlines",2,1,1,Multilingual book,1,Very satisfied,2, , , , ,2,-99,-99,-99,-99,-99,-99, , , , , , , , , ,2,1,4,3,1,3,2,2,3,3,-99, , ,-99, , ,-99, , ,I expect public libraries to provide social support and help me build social networks and relationships., , ,1,11,13, ,13,9, ,12,5, ,5,29,29,6,26,1,1, , , , ,26,1,6
2/27/2024 11:56:14,2/27/2024 12:22:02,100,1548,1,2/27/2024 12:22:03,R_55MGYdsVaKb1zUY,37.9318,-87.6602,EN,1,62,1,4,6,4,3,3,2,5,7,3,2,4,3,3,Health care is very important because health care is related to the safety of everyone's life,8,4, , , ,-99, , ,-99, , ,2, , , , ,3,"In the face of COVID-19, I really want the community to organize some online activities to make people happy",1,1,1,Academic data,1,Very good data very complete,2, , , , ,1,1,3,4,5,5,3, , , , , , , , , ,3,2,1,2,4,3,2,3,2,4,-99, , ,-99, , ,-99, , ,I hope the library has an online consultation function that can answer my questions at any time, , ,1,11,12, ,16,11, ,12,4, ,5,29,29,6,26,1,1,1,1, , ,26,1,6
2/27/2024 7:30:38,2/27/2024 7:49:18,100,1119,1,2/27/2024 7:49:18,R_5seHxJFRdGEt7lT,39.7932,-86.2132,EN,1,84,1,2,1,5,2,5,6,3,7,4,3,6,4,5,Health care is the most important thing to me because I think health care is a scarce and difficult technology at any time,8,4, , , ,-99, , ,-99, , ,2, , , , ,5,The COVID-19 pandemic has affected me because I need to keep up with the information at home,7,1,1,Borrow books,1,Very satisfied,1, , , , ,2,-99,-99,-99,-99,-99,-99, , , , , , , , , ,1,4,2,2,3,1,2,3,3,2,-99, , ,-99, , ,-99, , ,I need the community to provide online book lending and electronic resources to meet my reading needs at home., , ,1,11,13, ,16,10, ,12,5, ,5,29,29,6,26,1,1, , , , ,26,1,6
2/26/2024 7:13:08,2/26/2024 7:30:15,100,1026,1,2/26/2024 7:30:15,R_7SlKpmAaqxhU4jD,27.9081,-82.7552,EN,1,59,1,2,7,4,5,5,2,4,2,3,6,4,5,4,Financial difficulties I think are the highest because money is needed for every lol,2, , , , ,-99, , ,-99, , ,2, , , , ,2,I need the community to increase virus detection points and improve detection efficiency,5,1,1,I am visually impaired and the library in my community has guidance staff for the visually impaired,1,Very convenient,2, , , , ,2,-99,-99,-99,-99,-99,-99, , , , , , , , , ,3,3,2,4,1,1,2,4,3,3,-99, , ,-99, , ,-99, , ,"My community provides distance learning support, including access to online learning resources and academic databases.", , ,1,11,13, ,16,11, ,12,5, ,5,29,29,6,26,1,1, , , , ,26,1,6
2/26/2024 8:01:29,2/26/2024 8:22:58,100,1288,1,2/26/2024 8:22:58,R_1MyqieKjCbCJln3,39.8238,-86.1407,EN,1,64,1,5,5,4,6,3,2,4,4,5,7,3,5,4,Transportation is very important to me I think convenient transportation is very important,10,4,5,Fitness facilities and a sports area are provided,5,-99, , ,-99, , ,2, , , , ,3,I need the community to provide online education and distance learning resources for my children during the pandemic,6,1,1,I used an e-book,1,The books in ebooks are very rich,2, , , , ,2,-99,-99,-99,-99,-99,-99, , , , , , , , , ,2,3,4,2,3,1,3,2,3,4,4,Youth library,1,-99, , ,-99, , ,So I need the community to provide online children's books and story time to help me cultivate my children's interest in reading at home., , ,1,11,13, ,14,10, , ,4, ,5,28,29,6,26,1,1,1,1, , ,26,1,6
2/25/2024 11:52:58,2/25/2024 12:13:02,100,1203,1,2/25/2024 12:13:02,R_1cUPF4BnoVPzvpc,39.2947,-85.2292,EN,1,70,1,3,6,4,1,4,3,5,3,5,3,5,4,2,Food is important,3,4, , , ,-99, , ,-99, , ,2, , , , ,3,Communities can partner with schools to provide online learning facilities and Internet connectivity to ensure students can continue their education,6,1,1,Children's books and activities,1,excellentI,2, , , , ,2,-99,-99,-99,-99,-99,-99, , , , , , , , , ,2,4,3,4,1,1,2,4,4,3,-99, , ,-99, , ,-99, , ,I expect public libraries to provide career guidance, , ,1,11,13, ,16,10, ,12,4, ,5,28,29,6,26,1,1, ,1, , ,26,1,6
2/25/2024 9:21:56,2/25/2024 9:41:12,100,1155,1,2/25/2024 9:41:12,R_3FQ0LOzG3VqUlET,41.4253,-87.3565,EN,1,65,1,4,2,5,6,4,6,4,3,4,2,5,4,4,Climate change because I fly afraid of extreme weather,6, , , , ,-99, , ,-99, , ,2, , , , ,5,I need the community to communicate to me about the outbreak during the pandemic,7,1,1,My library provides me with accurate information resources,1,I am very satisfied,2, , , , ,2,-99,-99,-99,-99,-99,-99, , , , , , , , , ,2,3,4,2,3,3,1,3,3,2,-99, , ,-99, , ,-99, , ,I hope the library can provide some services for teenagers. I hope my children can play with their peers during the pandemic, , ,1,11,12, ,13,10, ,12,5, ,5,28,29,6,26,1,1, , , , ,26,1,6
3/4/2024 18:55:28,3/4/2024 19:13:46,100,1098,1,3/4/2024 19:13:47,R_5cw7goRlDCth5pV,41.668,-86.3144,EN,1,66,1,6,5,6,6,7,5,6,6,7,6,5,6,7, , , , , , ,-99, , ,-99, , ,2, , , , ,7, , ,1,1,provide information,1,great satisfaction,2, , , , ,1,6,7,7,6,6,7, , , , , , , , , ,4,4,3,3,4,3,4,4,3,4,-99, , ,-99, , ,-99, , ,No, , ,1,11,12, ,16,11, ,12,4, ,9,28,29,6,26,1,1,1,1, , ,26,1,6
2/26/2024 7:13:08,2/26/2024 7:30:18,100,1030,1,2/26/2024 7:30:19,R_3DzF1dYrsbkCODM,40.5366,-85.6579,EN,1,71,1,6,3,2,4,4,5,2,4,2,5,3,6,2,Public safety Because we have to guide no absolute safety we still have to prevent the coming of danger,1,4, , , ,-99, , ,-99, , ,2, , , , ,4,This outbreak is affecting everyone very badly and I need detailed and reliable information from the community,6,1,1,I'm learning another language in the library,1,I study very well,2,1, , , ,2,-99,-99,-99,-99,-99,-99, , , , , , , , , ,3,4,3,1,4,2,1,2,4,2,-99, , ,-99, , ,-99, , ,E-lending services at the Community Extension Library, , ,1,11,12, ,13,10, ,12,4, ,5,27,27,6,26,1,1, , , , ,26,1,6
2/27/2024 11:56:14,2/27/2024 12:22:01,100,1547,1,2/27/2024 12:22:02,R_11Bkc7tASSqXCDF,41.7011,-86.872,EN,1,84,1,6,3,3,3,4,3,2,4,5,3,7,5,6,Social connections are very important because my job requires a lot of social connections,11,4, , , ,-99, , ,-99, , ,2, , , , ,4,"In the midst of the epidemic, there is a special shortage of supplies everywhere, especially masks and so on. I am in great need of disinfection supplies and COVID-19 prevention supplies from the community",2,1,1,Multilingual book,1,I learned a lot,2, , , , ,2,-99,-99,-99,-99,-99,-99, , , , , , , , , ,2,1,3,3,4,3,3,2,3,3,-99, , ,-99, , ,-99, , ,I hope to enrich the academic materials in the library. I hope to get more materials, , ,1,11,13, ,13,10, ,12,5, ,4,26,26,6,26,1,1,1, , , ,26,1,6
3/2/2024 22:51:28,3/2/2024 23:09:36,100,1088,1,3/2/2024 23:09:37,R_79XQgd7M5QlB4LD,34.0544,-118.2441,EN,1,100,1,7,5,5,6,6,5,4,6,5,7,6,5,5,Public aquan, , , , , ,-99, , ,-99, , ,-99, , , , ,5,"Yes, health needs.",3,1,1,Query service,1,"The processing speed is a bit slow, but the query is more comprehensive.",2, , , , ,1,6,7,6,7,7,6, , , , , , , , , ,4,4,4,4,4,4,4,4,4,4,-99, , ,-99, , ,-99, , ,N/A, , ,1,11,13, ,16,11, ,12,4, ,4,26,26,6,26,1,1,1, , , ,26,1,6
2/25/2024 15:43:35,2/25/2024 16:05:58,100,1342,1,2/25/2024 16:05:58,R_6H6jORgISceZ4W2,39.8238,-86.1407,EN,1,79,1,3,7,5,4,3,5,4,5,2,5,4,4,2,Financial difficulties because money must come first,2, , , , ,-99, , ,-99, , ,2, , , , ,4,I think community rehabilitation programs can be set up to provide rehabilitation services and support for those infected and recovered,3,1,1,Reading promotion cooperation,1,As good as gold,2, , , , ,2,-99,-99,-99,-99,-99,-99, , , , , , , , , ,3,1,3,4,2,3,2,1,2,3,-99, , ,-99, , ,-99, , ,"I expect the community to provide online research support, including literature search and guidance on the use of academic databases", , ,1,11,12, ,16,11, ,12,5, ,5,26,26,6,26,1,1,1, , , ,26,1,6
2/20/2024 14:08:40,2/20/2024 14:32:54,100,1453,1,2/20/2024 14:32:55,R_3cAEu35FHKFtgSD,41.5586,-87.5019,EN,1,87,1,5,6,5,6,4,7,4,6,4,5,7,5,7, , , , , , ,-99, , ,-99, , ,2, , , , ,4,"I miss the normalcy of life before the pandemic, like going out without worry and spending time with friends and family.",1,1,1,Childhood Development,1,The senior outreach program not only delivers books but provides companionship for my elderly parent.,2,5, , , ,1,7,7,4,4,6,5, , , , , , , , , ,4,3,3,3,4,3,4,3,3,3,-99, , ,-99, , ,-99, , ,"The shift towards online services demonstrated the versatility of libraries, proving they can remain essential even in challenging times.", , ,1,11,12, ,13,11, ,12,4, ,5,23 years,23,5,26,1,1, ,1, , ,26,1,5
3/4/2024 19:24:44,3/4/2024 20:01:49,100,2224,1,3/4/2024 20:01:50,R_5UqU6M75W8dMHv3,38.3534,-87.5726,EN,1,4,1,6,6,2,2,6,2,5,7,2,1,2,1,2,health care     
Many medical needs cannot be properly treated or funded,8,1,6,characteristic restaurant,6,5,amusement,7,5,Mutual aid group,6,1,"I have a period of physical disease often took medicine, and later found that the rest is not good and the pressure affects my concentration of disease",8,"Food, activities, and parties can make a happy body feel better", ,5,"The new coronavirus epidemic has made my health decline, and the community can only do this. It is certainly not enough to take care of me. I hope the state can give me some financial subsidies",3,1,1,"Borrow books for free, prepare the books I want for me",1,I'm very satisfied that they tried to meet my requirements very sincerely,2, , , , ,1,6,7,6,6,6,6,5,Active guidance and recommendation, ,5,Beverage and food service, ,5,Friends social referral, ,4,2,1,3,4,4,4,4,2,4,4,A place to relax, ,4,Meet like-minded people, ,4,Explore the problem, ,yes The state invests money to improve services, , ,1,12,12, ,17,12, ,15,4, ,6,20year,20,4,26, ,1, , , , ,26,1,4
2/28/2024 7:55:49,2/28/2024 8:12:35,100,1005,1,2/28/2024 8:12:36,R_300s6o8fuXAh4Bb,37.9668,-87.4912,EN,1,65,1,4,5,3,4,6,5,4,5,3,5,4,3,5,Public schools usually offer a comprehensive curriculum of subjects,5, , , , ,-99, , ,-99, , ,2, , , , ,7,Increased need for facilities for remote work and internet connectivity.,5,1,1,Looked up guides on healthcare for the elderly.,1,Elderly people would be more satisfied if the service staff are friendly and patiently answer questions.,1, ,1, , ,1,6,5,4,5,5,6, , , , , , , , , ,2,3,2,4,3,3,4,2,3,4,-99, , ,-99, , ,-99, , ,I hope public libraries can provide more books and resources on health and epidemic prevention during the pandemic., , ,1,13,12, ,15,10, ,12,5, ,5,20 years,20,4,26,1,1,1,1, , ,26,1,4
2/21/2024 0:31:15,2/21/2024 0:37:20,100,365,1,2/21/2024 0:37:21,R_1ypzHPkSDsKLPwc,37.1835,-121.7714,EN,1,68,1,2,3,3,3,1,4,3,1,2,2,2,2,3,Well done enough, , ,1, , ,1, , ,1, , ,1,I enjoyed it in my community and enjoyed it., , , ,7,not have,8,1,1,wifi,1,be satisfied,2, , , , ,1,5,5,5,6,6,6, , , , , , , , , ,3,3,3,4,4,4,3,3,3,4,-99, , ,-99, , ,-99, , ,It was basically not used during the epidemic,2, ,1,11,13, ,14,9, ,14,4, ,5,20,20,4,26, ,1,1, , , ,26,1,4
2/22/2024 3:14:37,2/22/2024 3:32:29,100,1071,1,2/22/2024 3:32:30,R_1Dcjoy24NcyfB5m,47.6144,-122.3447,EN,1,4,1,1,7,7,7,7,7,7,7,7,7,7,7,7, , , ,7,Public health,0,7,Community aging, ,-99, , ,1,"When I first graduated, it was difficult for me to find a job",2,The community service center helped me introduce my work and provided follow-up services,1,6,"There was an impact, during that period there was no income, and the community provided a large amount of daily necessities.",4,1,1,I can't find the book I want when I go to the library. The service staff will provide assistance,1,I am very satisfied.,2, , , , ,1,7,7,7,7,7,7,1, , , , , , , , ,4,4,4,4,4,4,4,4,4,4,-99, , ,-99, , ,-99, , , , , ,1,11,12, ,16,10, ,12,4, ,5,20,20,4,26,1,1,1,1, , ,26,1,4
2/20/2024 12:25:14,2/20/2024 13:07:20,100,2525,1,2/20/2024 13:07:20,R_6Y4omzy78FVH03L,39.8499,-86.2649,EN,1,87,1,4,6,6,4,4,6,5,5,6,7,7,5,7, , , , , , ,-99, , ,-99, , ,2, , , , ,7,"The pandemic has strengthened the perception of libraries as democratic spaces, ensuring equal access to information and resources for all members of the community.",7,1,1,Technology Access,1,"I discovered local history through the library's archives, connecting with my community's past.",2,4, , , ,1,5,6,5,4,4,5, , , , , , , , , ,4,3,4,4,3,3,3,3,3,4,-99, , ,-99, , ,-99, , ,"The pandemic underscored the role of libraries as safe spaces, where people could access information and services while adhering to health guidelines.", , ,1,12,12, ,15,11, ,12,6, ,5,19 years,19,4,26,1,1, , , , ,26,1,4
2/20/2024 11:46:33,2/20/2024 12:16:52,100,1819,1,2/20/2024 12:16:52,R_3rNWzW3tygoLA3L,42.3667,-88.0925,EN,1,91,1,4,5,7,5,6,4,7,6,6,5,6,6,4, , , , , , ,-99, , ,-99, , ,2, , , , ,7,I've become more conscious of hygiene practices and public health measures.,3,1,1,Citizenship Assistance,1,The library's citizenship assistance program supported me throughout the naturalization process.,2,4, , , ,1,4,6,4,7,5,4, , , , , , , , , ,4,4,4,3,4,3,3,3,3,4,-99, , ,-99, , ,-99, , ,"Libraries' role in preserving local history expanded during the pandemic, documenting community experiences and reactions to a historic global event.", , ,1,12,12, ,13,8, ,12,4, ,5,16 years,16,4,26,1, , , , , ,26,1,4
2/20/2024 11:46:39,2/20/2024 12:22:08,100,2128,1,2/20/2024 12:22:09,R_3s107oZdUIHyTG3,41.4495,-87.4769,EN,1,89,1,4,5,7,4,7,4,7,5,6,4,7,6,6, , , , , , ,-99, , ,-99, , ,2, , , , ,4,"Coping with uncertainty has been a collective experience, and it's made us more empathetic toward one another.", ,1,1,Mobile Library Services,1,"The mobile library service brought books and resources to our rural neighborhood, making access more convenient.",2, , , , ,1,5,6,6,6,7,4, , , , , , , , , ,3,3,3,3,3,3,3,3,3,4,-99, , ,-99, , ,-99, , ,"The pandemic reaffirmed libraries as democratic institutions, ensuring that everyone, regardless of socioeconomic status, had access to vital information and services.", , ,1,11,12, ,14,8, ,12,4, ,5,16 years,16,4,26,1,1,1, , , ,26,1,4
2/20/2024 12:27:24,2/20/2024 13:04:15,100,2210,1,2/20/2024 13:04:16,R_1B9edb9kI4TJbxP,39.8238,-86.1407,EN,1,82,1,4,5,5,5,5,6,7,5,6,4,5,5,7, , , , , , ,-99, , ,-99, , ,2, , , , ,6,"With physical distancing measures in place, public libraries have adapted by enhancing their online services, showcasing their importance in providing digital resources and virtual programming.",7,1,1,Information Access,1,"I attended a resume writing workshop at the library, and it greatly improved my job search.",2,3, , , ,1,7,4,5,5,7,6, , , , , , , , , ,4,3,4,4,3,4,4,4,4,3,-99, , ,-99, , ,-99, , ,"With physical distancing measures in place, libraries adapted by enhancing their digital offerings, showcasing their resilience and commitment to serving the community.", , ,1,13,12, ,14,10, ,12,4, ,5,16 years,16,4,26,1,1, ,1, , ,26,1,4
2/20/2024 15:16:27,2/20/2024 15:46:20,100,1792,1,2/20/2024 15:46:21,R_7ASeoKRrb7BvKZa,39.4642,-87.3531,EN,1,62,1,7,4,7,5,6,5,6,4,4,4,7,7,5, , , , , , ,-99, , ,-99, , ,2, , , , ,5,The digital divide became evident as some community members struggled with limited access to online services and information.,1,1,1,Health and Wellness Resources,1,Participating in the community gardening program at the library enhanced my sustainable living practices.,2,7, , , ,1,6,5,5,5,4,4, , , , , , , , , ,3,4,3,3,3,4,3,3,3,3,-99, , ,-99, , ,-99, , ,"As social isolation became a widespread concern, libraries actively worked to foster a sense of community through virtual book clubs, discussion forums, and online events.", , ,1,11,12, ,14,10, ,12,5, ,5,16 years,16,4,26, , ,1,1, , ,26,1,4
3/3/2024 17:52:11,3/3/2024 18:20:05,100,1674,1,3/3/2024 18:20:06,R_7un1k5XLkkpQlKp,39.911,116.395,EN,1,99,1,6,7,6,6,7,4,4,5,5,6,5,5,6,Housing food and security issues are the basic and most important to ensure our lives we can live in a safe housing community,4,4,6,Ease of transportation to and from work,0,5,"Community recreational facilities, library",5,6,"Community environmental work, volunteer service",6,1,"After busy work, I need some recreational facilities to relax myself, and I need a quiet environment to study and work",15,"For environmental protection issues, the community holds environmental awareness meetings and conducts publicity. Transportation problems can be solved through transportation support. The community library is used to study and work.",5,6,"Yes, The community has a large demand for masks, and the need for food is large, and there is no way to carry out normal life and work",3,1,1,"Book borrowing service, the process of borrowing books is a bit cumbersome, self-service robot to pick up books, convenient to find the demand faster",1,"I was very satisfied with the service, the staff was very patient, the process of borrowing books could be simplified, and the library environment was very good",1, , , , ,1,5,5,5,5,6,7,6,Libraries have small meeting rooms or rooms for small groups to discuss, ,5,The library has a section dedicated to different age groups, ,6,Staffing the business side of the library allows people to get help in a timely manner, ,3,4,3,3,4,4,3,3,4,4,-99, , ,-99, , ,-99, , ,"During the epidemic period, the flow of people in the library has greatly decreased, and many facilities and services can not be carried out, resulting in the normal work of the library can not be carried out, borrowing and returning books and sitting and reading books", , ,1,11,13, ,16,10, ,12,4, ,5,15years over,15,3,26,1,1,1,1, , ,26,1,3
2/21/2024 0:27:34,2/21/2024 0:35:29,100,474,1,2/21/2024 0:35:29,R_3VI85wBwn3BfXkq,32.7797,-96.8022,EN,1,57,1,7,5,4,6,7,5,6,7,7,4,7,4,7, , , ,7, , ,7, , ,5, , ,2, , , , ,4,"Significant impact, lack of human and material resources",2,1,1,Housing resources,1, , , , , , ,1,6,7,6,7,7,7,7, , ,7, , ,5, , ,4,4,4,4,4,4,4,4,4,4,4, , ,4, , ,4, , , , , ,1,11,13, ,16,8, ,12,4, ,5,15+,15,3,26,1, , , , , ,26,1,3
3/2/2024 23:59:37,3/3/2024 0:07:26,100,468,1,3/3/2024 0:07:26,R_3mf1rP6qXUexkdS,34.0544,-118.2441,EN,1,57,1,3,5,5,5,5,5,3,4,3,3,4,4,6,Cultural diversity can make life more exciting,13, ,3, , ,3, , ,3, , ,1, , , , ,5,Community services need to be better,5,1,1,"Electronic book search, electronic reading",1,Very satisfied,2, , , , ,1,6,7,6,7,7,7,2, , ,1, , ,1, , ,4,4,4,4,4,4,4,4,4,4,1, , ,1, , ,1, , ,no  more, , ,1,11,13, ,16,12, ,12,4, ,5,15,15,3,26, ,1,1, , , ,26,1,3
2/20/2024 11:47:47,2/20/2024 12:20:34,100,1967,1,2/20/2024 12:20:35,R_1JX8KI0zmTYC908,39.8499,-86.2649,EN,1,60,1,6,5,5,6,5,4,4,4,7,5,6,6,6, , , , , , ,-99, , ,-99, , ,2, , , , ,6,"Remote learning has been challenging for my kids, and we've had to adapt as a family.",6,1,1,Mental Health Resources,1,Finding mental health resources at the library's collection helped me cope during a challenging time.,2,6, , , ,1,4,5,6,7,4,4, , , , , , , , , ,4,3,3,4,4,4,4,4,4,4,-99, , ,-99, , ,-99, , ,"As job losses soared, libraries pivoted to support employment seekers, offering resources for job hunting, resume building, and skill development.", , ,1,11,12, ,13,11, ,12,5, ,5,14 years,14,3,26,1,1,1,1, , ,26,1,3
2/20/2024 12:25:19,2/20/2024 13:03:23,100,2283,1,2/20/2024 13:03:24,R_1Jf3mfOLa1wHV4t,39.8814,-86.5421,EN,1,55,1,5,7,5,6,5,4,7,7,4,4,4,4,5, , , , , , ,-99, , ,-99, , ,2, , , , ,6,The increased demand for e-books and digital resources during lockdowns has reinforced the importance of libraries in preserving and disseminating cultural and educational materials.,6,1,1,Local History Archives,1,"I enjoyed a musical performance at the library, showcasing local talent.",2,7, , , ,1,6,7,6,7,4,5, , , , , , , , , ,3,3,3,3,4,3,4,4,3,3,-99, , ,-99, , ,-99, , ,"Libraries prioritized the well-being of their staff and patrons, implementing health and safety measures to create environments that instilled confidence.", , ,1,12,12, ,14,8, ,12,4, ,5,14 years,14,3,26,1, , ,1, , ,26,1,3
2/20/2024 14:10:01,2/20/2024 14:35:04,100,1503,1,2/20/2024 14:35:05,R_58HI0eUD6dGr6hz,41.4253,-87.3565,EN,1,78,1,4,4,4,6,7,5,7,6,4,6,4,5,7, , , , , , ,-99, , ,-99, , ,2, , , , ,5,Public health measures and debates surrounding them have been a central topic of discussion and concern.,3,1,1,Mental Health Resources,1,The library's cultural programs celebrate diversity and bring our community together.,2,2, , , ,1,7,4,4,7,5,5, , , , , , , , , ,3,3,3,4,3,3,4,4,3,3,-99, , ,-99, , ,-99, , ,"Libraries played a key role in combating digital fatigue by providing alternatives to screen time, such as curbside pickup services and outdoor reading spaces.", , ,1,13,12, ,14,8, ,12,5, ,5,14 years,14,3,26,1,1, , , , ,26,1,3
2/20/2024 15:15:18,2/20/2024 15:45:35,100,1817,1,2/20/2024 15:45:36,R_72aopb8CjKivhII,39.4642,-87.3531,EN,1,74,1,4,4,5,4,5,4,7,4,5,6,7,5,6, , , , , , ,-99, , ,-99, , ,2, , , , ,6,"Our community initiated a mask-making campaign, with volunteers sewing and distributing masks to protect residents.",1,1,1,Local History Archives,1,Environmental education programs at the library increased my awareness of ecological issues.,2,7, , , ,1,7,6,7,4,5,6, , , , , , , , , ,4,4,3,4,4,4,3,4,4,3,-99, , ,-99, , ,-99, , ,"Libraries became instrumental in promoting public health initiatives, disseminating information about vaccinations, testing sites, and preventive measures to curb the spread of the virus.", , ,1,11,12, ,15,11, ,12,4, ,5,14 years,14,3,26, ,1, ,1, , ,26,1,3
2/21/2024 12:03:08,2/21/2024 12:37:20,100,2052,1,2/21/2024 12:37:21,R_5FcupexLD02mM0h,39.7954,-86.2658,EN,1,86,1,1,1,3,2,3,4,3,4,4,4,1,2,1, , , , , , ,-99, , ,-99, , ,2, , , , ,4,"Our healthcare system has been under strain, emphasizing the need for ongoing support and investment.",3,1,1,Local History Preservation,1,I discovered fascinating aspects of our town's history through the library's archives.,2,1, , , ,1,7,4,4,5,7,5, , , , , , , , , ,3,3,3,4,4,3,4,3,4,3,-99, , ,-99, , ,-99, , ,Libraries have played a role in combating social isolation by offering virtual events and activities to keep communities engaged., , ,1,11,12, ,15,10, ,12,5, ,5,14 years,14,3,26,1,1,1,1, , ,26,1,3
2/28/2024 3:32:49,2/28/2024 3:38:50,100,361,1,2/28/2024 3:38:51,R_1svU0J3LQzgSIpq,38.9091,-77.0203,EN,1,99,1,4,7,7,5,5,2,6,6,6,7,5,4,4, , , , , , ,-99, , ,-99, , ,-99, , , , ,2, , ,1,1,Library of things checkout
Story time
Gathering space
Community events,1, , , , , , ,3,2,5,5,7,5,6, , , , , , , , , ,3,4,4,3,3,3,4,4,3,4,-99, , ,-99, , ,-99, , , , , ,1,12,12, ,16,11, ,12,4, ,5,14 years,14,3,26,1,1, , , , ,26,1,3
2/25/2024 14:09:16,2/25/2024 14:23:37,100,860,1,2/25/2024 14:23:38,R_6TjYdXAukJspOP7,39.8335,-84.8983,EN,1,99,1,5,5,4,5,5,4,5,7,7,7,5,4,4,Access to quality healthcare and mental health care is severely lacking particularly for those who cannot afford insurance but also do not qualify for aid,8,1, , , ,-99, , ,-99, , ,-99, , , , ,2,"The COVID pandemic strained my finances, my mental health, and my physical health, to the point where I'm still trying to recover all three.",4,1,1,"Resource and internet access, socialization, cultural exposure and appreciation.",1,"My experiences were pleasant and efficient, with the staff being helpful and friendly. However, access can only be utilized with knowledge that it's available, and that is lacking.",2, , , , ,1,6,7,7,7,7,6, , , , , , , , , ,4,4,4,4,4,4,4,4,4,4,-99, , ,-99, , ,-99, , , , , ,1,12,13, ,14,12, ,12,4, ,5,13.5 years,13.5,3,26,1,1, , ,1,Work,26,1,3
3/2/2024 15:30:39,3/2/2024 15:37:00,100,381,1,3/2/2024 15:37:01,R_5XzrVBtaolLlbYB,39.6804,-86.1306,EN,1,67,1,4,4,2,3,1,3,1,1,3,7,7,4,2,Road,10, ,5,Road,0,3, , ,-99, , ,2, , , , ,5,No, ,1,1,Check out books and use the computer,1,I am very happy with the services of the local library,2, , , , ,2,-99,-99,-99,-99,-99,-99, , , , , , , , , ,4,4,4,4,4,4,4,4,4,4,-99, , ,-99, , ,-99, , ,Help out a whole lot.with getting free books, , ,1,13,13, ,12,12, ,13,4, ,4,13 years,13,3,26,1,1, , , , ,26,1,3
2/20/2024 11:47:55,2/20/2024 12:17:39,100,1784,1,2/20/2024 12:17:40,R_19qniH7N5HtzWiB,41.5983,-86.7026,EN,1,67,1,6,4,6,5,4,6,4,4,6,7,6,4,6, , , , , , ,-99, , ,-99, , ,2, , , , ,4,I've volunteered to help vulnerable populations in my community during these times.,1,1,1,Local History Archives,1,Exploring the library's local history archives deepened my connection to the community.,2,4, , , ,1,7,7,7,4,4,4, , , , , , , , , ,4,4,3,3,3,3,4,4,4,3,-99, , ,-99, , ,-99, , ,"Libraries became partners in community resilience, fostering a sense of unity by providing resources for coping with uncertainty and promoting mutual support.", , ,1,12,12, ,15,10, ,12,4, ,5,13 years,13,3,26,1,1,1,1, , ,26,1,3
2/20/2024 15:15:05,2/20/2024 15:46:13,100,1867,1,2/20/2024 15:46:13,R_1CY1xSJI6tf4sKZ,40.171,-85.378,EN,1,61,1,5,6,6,4,7,4,6,4,5,7,5,7,4, , , , , , ,-99, , ,-99, , ,2, , , , ,4,"I contracted COVID-19, and the experience was physically and emotionally draining for both me and my family.",3,1,1,Early Childhood Development,1,I appreciate the health and wellness programs that introduced me to a healthier lifestyle.,2,5, , , ,1,5,6,7,7,5,7, , , , , , , , , ,3,4,3,3,4,4,4,3,4,3,-99, , ,-99, , ,-99, , ,"Libraries stepped up as safe spaces for vulnerable populations, offering shelter, hygiene facilities, and information on public health measures during the crisis.", , ,1,13,12, ,15,9, ,12,4, ,5,13 years,13,3,26,1,1,1,1, , ,26,1,3
2/28/2024 7:31:10,2/28/2024 7:35:42,100,271,1,2/28/2024 7:35:42,R_5bZ57JQSFbzlTdn,41.7265,-87.5593,EN,1,66,1,5,3,4,4,5,5,3,4,2,3,6,4,5,Mental health issues may make people unable to form and maintain relationships,9, , , , ,-99, , ,-99, , ,2, , , , ,6,Convenience for online shopping is needed during the COVID-19 pandemic.,5,1,1,Found detailed information on child vaccination schedules.,1,I feel reassured and satisfied after getting the correct reply.,2, , , , ,1,4,5,3,6,4,5, , , , , , , , , ,2,3,2,4,3,3,2,4,4,3,-99, , ,-99, , ,-99, , ,"The epidemic has made me realize the importance of public libraries even more, and I hope the government will increase investment in libraries.", , ,1,13,13, ,16,10, ,12,4, ,5,12 years,12,3,26,1,1,1, , , ,26,1,3
2/28/2024 5:49:35,2/28/2024 6:42:50,100,3194,1,2/28/2024 6:42:51,R_1ceXVa3QJR32ytP,39.8335,-84.8983,EN,1,99,1,7,5,6,6,4,4,5,5,4,6,5,5,5,affordable housing for seniors,4, ,6,affordable transportation for seniors,6,-99, , ,-99, , ,2, , , , ,5,senior housing that is affordable,2,1,1,help at the library,1, , , , , , ,3,5,5,6,6,5,6, , , , , , , , , ,4,4,4,4,3,3,3,4,3,3,-99, , ,-99, , ,-99, , ,no, , ,1,15,13, ,17,12, ,13,4, ,7,12 years,12,3,26,1, , , , , ,26,1,3
2/20/2024 11:46:32,2/20/2024 12:18:54,100,1942,1,2/20/2024 12:18:55,R_3zTH9AfBzPo8KHv,39.7932,-86.2132,EN,1,84,1,6,6,5,4,6,4,4,6,7,7,7,7,4, , , , , , ,-99, , ,-99, , ,2, , , , ,6,I've learned to appreciate the little things and not take them for granted., ,1,1,Health Information,1,The library's engagement with local organizations brought awareness to important community issues.,2,6, , , ,1,5,7,5,4,5,7, , , , , , , , , ,4,4,4,3,3,4,3,4,4,4,-99, , ,-99, , ,-99, , ,"Community outreach initiatives by libraries increased, addressing the specific needs of vulnerable populations, such as seniors or low-income families.", , ,1,13,12, ,15,9, ,12,4, ,5,12 years,12,3,26,1,1,1,1, , ,26,1,3
2/20/2024 15:15:35,2/20/2024 15:46:03,100,1827,1,2/20/2024 15:46:03,R_1YeICgO5GTiyg0h,40.171,-85.378,EN,1,99,1,7,4,5,5,5,7,4,7,6,6,5,4,6, , , , , , ,-99, , ,-99, , ,2, , , , ,4,"I lost my job due to the economic downturn caused by the pandemic, and finding new opportunities has been challenging.",4,1,1,Computer and Internet Access,1,Attending the community events at the library made me feel more connected to my neighbors.,2,7, , , ,1,6,4,7,7,5,4, , , , , , , , , ,3,4,3,4,3,3,3,3,4,4,-99, , ,-99, , ,-99, , ,"Libraries became lifelines for many, offering virtual programming, e-books, and online resources to support education, mental health, and overall well-being.", , ,1,12,12, ,13,9, ,12,5, ,5,12 years,12,3,26, ,1,1,1, , ,26,1,3
2/21/2024 12:02:52,2/21/2024 12:29:13,100,1581,1,2/21/2024 12:29:14,R_65sy3oW1kRGJhqZ,39.8079,-86.0949,EN,1,94,1,2,2,3,3,2,1,4,1,1,4,2,4,2, , , , , , ,-99, , ,-99, , ,2, , , , ,5,"Remote learning for students has posed challenges, revealing gaps in technology access and educational equity.",6,1,1,Health Resources,1,The library's health information helped me better manage a chronic condition.,2,4, , , ,1,4,7,5,4,7,5, , , , , , , , , ,3,3,3,4,4,3,4,3,4,4,-99, , ,-99, , ,-99, , ,"Librarians have become frontline workers, assisting patrons with navigating online resources and digital literacy during the pandemic.", , ,1,11,12, ,13,11, ,12,4, ,5,12 years,12,3,26, ,1, ,1, , ,26,1,3
2/21/2024 12:47:43,2/21/2024 13:19:08,100,1885,1,2/21/2024 13:19:09,R_1SXTfF0Ff2rRQ2J,40.2176,-85.3824,EN,1,65,1,1,4,2,1,1,4,2,3,4,3,2,4,2, , , , , , ,-99, , ,-99, , ,2, , , , ,5,Access to reliable and affordable healthcare is more critical than ever.,3,1,1,Technology Access,1,"I joined a book club at the library, and it's been a fantastic way to meet new people and discuss interesting books.",2,5, , , ,1,4,6,5,4,4,6, , , , , , , , , ,4,3,4,4,3,3,4,3,4,4,-99, , ,-99, , ,-99, , ,"The pandemic has underscored the importance of libraries in promoting mental health and well-being by providing resources on coping strategies, stress relief, and mindfulness.", , ,1,12,12, ,13,9, ,12,6, ,5,12 years,12,3,26,1,1,1,1, , ,26,1,3
3/3/2024 5:34:50,3/3/2024 6:04:00,100,1749,1,3/3/2024 6:04:00,R_3hFOvvD2mHOq1zb,47.6144,-122.3447,EN,1,64,1,3,5,6,3,6,4,7,5,4,6,1,1,4,Food-related needs because food is people’s daily necessity,3,4, , , ,-99, , ,-99, , ,1,Being sexually harassed in the community,1,"At that time, I was very afraid of going to the community service station and being laughed at by others.",4,4, , ,1,1,Borrow books,1,"The library service is attentive and enthusiastic, and everyone is polite. Very satisfied.",2,1, , , ,3,5,6,6,7,5,3, , , , , , , , , ,4,3,3,4,4,2,3,3,3,4,-99, , ,-99, , ,-99, , , , , ,1,11,12, ,14,8, ,12,4, ,9,12,12,3,26,1,1,1, , , ,26,1,3
2/20/2024 14:10:12,2/20/2024 14:36:47,100,1594,1,2/20/2024 14:36:47,R_6EGbMgEir4cVCGq,41.3126,-87.2072,EN,1,81,1,7,6,7,5,4,4,4,5,4,5,7,5,7, , , , , , ,-99, , ,-99, , ,2, , , , ,6,"Remote work has become a new normal for many, presenting both challenges and opportunities for change.",7,1,1,Health Resources,1,The art exhibitions hosted by the library showcase local talent and foster a creative community.,2,7, , , ,1,4,6,6,5,4,5, , , , , , , , , ,4,3,3,3,4,4,4,4,3,3,-99, , ,-99, , ,-99, , ,"Public libraries evolved into crisis response centers, offering assistance with unemployment resources, government aid, and other pandemic-related challenges.", , ,1,12,12, ,13,9, ,12,4, ,5,11 years,11,3,26,1,1, ,1, , ,26,1,3
2/28/2024 7:21:03,2/28/2024 7:26:16,100,313,1,2/28/2024 7:26:17,R_7rx0QjorQcM8WMV,34.0544,-118.2441,EN,1,60,1,5,3,4,4,6,5,4,3,5,4,5,3,4,The public education system usually has experienced teachers and a wealth of educational resources that help improve a child's academic performance,5,4, , , ,-99, , ,-99, , ,2, , , , ,5,I have a stronger need for more health care and medical resources in the community.,3,1,1,I often searched for information on sub-health issues at the library.,1,"I think there is room for improvement in the service, and I suggest providing more personalized help.",1, ,1, , ,1,5,4,6,5,5,6, , , , , , , , , ,3,2,4,3,3,4,2,3,3,4,-99, , ,-99, , ,-99, , ,"I expect public libraries to expand their digital services after the epidemic, making it more convenient for residents to read online.", , ,1,12,13, ,16,10, ,12,4, ,5,10 years,10,2,26,1,1,1, , , ,26,1,2
2/28/2024 8:14:03,2/28/2024 8:57:09,100,2586,1,2/28/2024 8:57:10,R_5k1c9zxGHOhQ4Lw,40.0538,-86.1433,EN,1,58,1,3,5,4,6,5,5,2,4,3,5,4,3,5,housing prices are rising and making it difficult for many residents to afford the cost of buying a home,4,2, , , ,-99, , ,-99, , ,2, , , , ,6,Reliable channels for COVID-19 information and real-time updates.,3,1,1,Accessed information on diagnosis and treatment of common childhood diseases at the library.,1,"If I receive professional and appropriate answers, I would give positive feedback.",1, ,1, , ,1,5,4,6,5,6,4, , , , , , , , , ,2,3,2,3,4,3,4,3,4,4,-99, , ,-99, , ,-99, , ,"During the epidemic, I started using the online resources provided by public libraries for remote learning.", , ,1,12,13, ,16,10, ,12,4, ,5,10 years,10,2,26,1, ,1, , , ,26,1,2
3/2/2024 20:21:25,3/2/2024 20:42:42,100,1276,1,3/2/2024 20:42:42,R_37lKkbOYh5EZBoj,34.0544,-118.2441,EN,1,68,1,7,5,6,7,4,7,5,7,6,4,5,3,3,Foodaccommodationand medical care
These are all indispensable,3,4,3, , ,3, , ,4, , ,1,Need to communicate with friends and family,11,"With the help of the government, access to resources is needed, including food, medical care, and housing", ,5,"No impact, there's not much need, just eat enough and wear warm clothes",8,1,1,library services,1,"Very satisfied, no suggestions, already done very well",2, , , , ,1,7,6,5,6,6,5,5, , ,4, , ,6, , ,2,3,4,2,4,4,1,4,2,4,3, , ,2, , ,3, , ,No impact, , ,1,11,13, ,17,11, ,12,4, ,5,10 years,10,2,26, ,1, , , , ,26,1,2
2/28/2024 7:49:33,2/28/2024 7:52:40,100,187,1,2/28/2024 7:52:41,R_5mXA1Lz7L7mrgke,38.9582,-85.8875,EN,1,68,1,5,3,4,4,6,4,5,2,3,4,3,5,4,Children who receive education in public schools can develop good study habits,5, , , , ,-99, , ,-99, , ,2, , , , ,6,More community support and mutual aid organizations are needed.,1,1,1,Learned measures to prevent common infectious diseases.,1,I am not satisfied with the experience because I encountered difficulties in solving the problem.,1, , , , ,1,4,6,5,6,3,5, , , , , , , , , ,3,2,4,3,3,4,2,3,4,3,-99, , ,-99, , ,-99, , ,"The epidemic has made me more concerned about the cleanliness and hygiene of public libraries, and I hope they can strengthen disinfection and ventilation.", , ,1,12,12, ,16,9, ,12,4, ,5,10 years,10,2,26,1,1,1,1, , ,26,1,2
3/2/2024 18:11:57,3/2/2024 18:34:09,100,1331,1,3/2/2024 18:34:10,R_1375E81KI194o3n,34.0544,-118.2441,EN,1,4,1,7,5,5,7,6,7,4,5,5,3,4,6,7,Culture DiversityBecause it can discover different types of talents and enhance community development,13, , , , ,-99, , ,-99, , ,2, , , , ,6,There is currently not much impact,8,1,1,Stamp  Adult programming   Computer Services,1,I feel very satisfied with their use,2, , , , ,1,6,7,7,7,7,6, , , , , , , , , ,4,4,4,4,4,4,4,4,4,4,-99, , ,-99, , ,-99, , ,I don't think it has any impact, , ,1,11,13, ,17,11, ,12,4, ,5,10,10,2,26,1,1,1,1, , ,26,1,2
3/3/2024 20:56:29,3/3/2024 21:25:32,100,1743,1,3/3/2024 21:25:33,R_72PNcUlgWO7lNK1,45.5242,-122.6684,EN,1,57,1,5,4,2,2,2,5,5,5,4,4,1,2,2,climate change,6, ,1, , ,1, , ,1, , ,1,Elderly service demand,7,"Based on the analysis of the characteristics of the needs of the elderly, this paper puts forward targeted community service strategies for the elderly to improve the quality of life of the elderly from the aspects of physiology, psychology, spirit and so on, so that they can have a happy and healthy life in their later years. Establish community home care services for the elderly", ,6,"Of course it affects a lot, lack of vegetables rice noodles and so on。Our community solved this series of problems in the fastest time, and very well calmed the emotions of residents",2,1,1,Free loan of books,1,Very satisfied. I wish I had more books,2, ,1, , ,1,6,6,6,6,7,6,6, , ,6, , ,6, , ,4,4,4,4,4,4,4,4,4,4,4, , ,4, , ,4, , ,"It's affected a little, but it's not a big problem", , ,1,12,12, ,14,8, ,15,8, ,5,10,10,2,25, , , , , , ,26,1,2
2/24/2024 9:07:53,2/24/2024 9:22:26,100,873,1,2/24/2024 9:22:27,R_14udbNDMEW4W1gY,39.8335,-84.8983,EN,1,99,1,5,4,3,4,7,4,4,7,7,7,4,4,6,Our public transportation is sorely lacking it does not cover enough of the city and does not run late enough into the night,10,1, , , ,-99, , ,-99, , ,-99,Disability issues theres a 2 year waiting list for help to even find a job if you’re disabled,2, , ,3, , ,1,1,Educational resources,2, , , , , , ,1,6,4,5,7,7,6, , , , , , , , , ,4,4,4,4,4,4,4,4,4,4,-99,Places of safety, ,-99, , ,-99, , , , , ,1,12,13, ,12,13, ,12,4, ,4,More than thirty years,30,6,26,1,1, , , , ,26,1,6
3/3/2024 1:48:41,3/3/2024 2:06:55,100,1094,1,3/3/2024 2:06:55,R_5pDvL9Dop1CWPKf,47.6144,-122.3447,EN,1,64,1,7,3,3,3,2,2,4,6,6,3,4,5,3,Mental health issues  Health problems are the most important and we must first ensure physical and mental health and establish perfect treatment resources,9, ,7, , ,-99, , ,-99, , ,2, , , , ,3,"It affects my physical and mental health, and also makes the community's health and medical resources more scarce and unsatisfied.",3,1,1,I had educational opportunities and graduated from college and received housing assistance.,2,"I am satisfied with the fact that education opportunities are equal for both men and women, and there are many learning resources, such as computer books, which are relatively perfect.",2, , , , ,1,5,2,7,6,4,4, , , , , , , , , ,4,4,4,4,4,4,4,4,4,4,-99, , ,-99, , ,-99, , ,"No impact, during the epidemic period, online library reading is quite satisfactory, no less than offline library.", , ,1,10,13, ,16,11, ,12,4, ,4,More than 15 years,15,3,26, , , ,1, , ,26,1,3
2/20/2024 14:09:31,2/20/2024 14:36:02,100,1590,1,2/20/2024 14:36:03,R_61LiZGW4wJFCGS5,39.903,-86.0636,EN,1,86,1,7,5,4,4,6,5,6,5,5,7,4,6,6, , , , , , ,-99, , ,-99, , ,2, , , , ,5,"Many have reevaluated their priorities and goals, realizing the importance of health, relationships, and work-life balance.",1,1,1,Digital Literacy,2,The library's community garden program allowed me to connect with neighbors and grow fresh produce.,2,7, , , ,1,4,7,5,5,5,7, , , , , , , , , ,4,3,3,4,3,4,4,3,4,4,-99, , ,-99, , ,-99, , ,"The pandemic reinforced the idea that libraries are essential components of a resilient community, capable of adapting to unforeseen challenges.", , ,1,11,12, ,13,11, ,12,5, ,5,9 years,9,2,26,1,1,1,1, , ,26,1,2
2/21/2024 12:03:14,2/21/2024 12:33:36,100,1821,1,2/21/2024 12:33:36,R_1G1cWwM8jAHW8rY,40.0623,-86.0585,EN,1,61,1,4,2,4,3,4,3,4,4,1,3,3,2,2, , , , , , ,-99, , ,-99, , ,2, , , , ,6,I miss the social interactions and gatherings that were a significant part of my pre-pandemic life.,7,1,1,Language Learning,2,Taking Spanish classes at the library enriched my cultural understanding and language skills.,2,3, , , ,1,5,4,6,6,4,5, , , , , , , , , ,3,3,4,3,3,3,3,3,4,4,-99, , ,-99, , ,-99, , ,"Public libraries have adapted to new roles by offering virtual programming, connecting communities even when physical spaces were closed.", , ,1,11,12, ,13,9, ,12,5, ,5,9 years,9,2,26, ,1,1,1, , ,26,1,2
2/21/2024 12:44:40,2/21/2024 13:28:56,100,2656,1,2/21/2024 13:28:57,R_1Cxrk09IPOW8Ucj,40.2176,-85.3824,EN,1,59,1,2,2,4,1,2,1,3,1,4,2,1,1,2, , , , , , ,-99, , ,-99, , ,2, , , , ,4,"The pandemic has made it difficult to connect with friends and family, and it's taking a toll on our mental health.",1,1,1,Literacy Programs,2,The library's literacy programs helped my child improve their reading skills significantly.,2,3, , , ,1,5,7,5,7,6,5, , , , , , , , , ,3,3,4,3,4,4,4,3,3,3,-99, , ,-99, , ,-99, , ,"The pandemic has highlighted the crucial role of public libraries as community hubs, providing information on COVID-19, health resources, and vaccine distribution.", , ,1,11,12, ,13,8, ,12,4, ,5,9 years,9,2,26,1,1, ,1, , ,26,1,2
2/20/2024 11:48:03,2/20/2024 12:18:35,100,1831,1,2/20/2024 12:18:36,R_6hJB5HSkLv6XmUN,39.7801,-86.0557,EN,1,75,1,7,4,4,7,6,5,6,6,4,5,6,7,6, , , , , , ,-99, , ,-99, , ,2, , , , ,4,I've witnessed the resilience of my community as we support each other through tough times., ,1,1,Resume Building Workshops,2,The resume workshop at the library gave me the confidence to apply for my dream job.,2,3, , , ,1,7,7,4,4,6,6, , , , , , , , , ,4,4,3,3,3,4,4,3,4,4,-99, , ,-99, , ,-99, , ,"Libraries played a crucial role in addressing social isolation, offering virtual book clubs, discussions, and events to keep communities engaged.", , ,1,11,12, ,14,8, ,12,5, ,5,8 years,8,2,26,1,1, ,1, , ,26,1,2
2/20/2024 14:39:14,2/20/2024 15:03:44,100,1469,1,2/20/2024 15:03:45,R_5iivVCphgaN2Tux,38.455,-85.6608,EN,1,72,1,7,7,6,4,6,5,7,6,5,4,7,5,7, , , , , , ,-99, , ,-99, , ,2, , , , ,6,I've struggled with the uncertainty and anxiety caused by the ongoing health crisis.,3,1,1,Educational Workshops,2,Using the library's job search resources helped me secure my current position.,2,6, , , ,1,4,7,6,5,4,5, , , , , , , , , ,3,4,4,4,3,3,4,3,4,4,-99, , ,-99, , ,-99, , ,"Public libraries became essential for those without reliable internet access, ensuring equitable access to crucial health information during the pandemic.", , ,1,13,12, ,15,11, ,12,4, ,5,8 years,8,2,26, ,1,1, , , ,26,1,2
2/20/2024 14:40:36,2/20/2024 15:09:49,100,1753,1,2/20/2024 15:09:50,R_71H4z8YfqasIv9r,41.0513,-85.1066,EN,1,100,1,6,6,7,5,7,4,6,6,7,5,5,6,4, , , , , , ,-99, , ,-99, , ,2, , , , ,7,Many have had to rethink their career paths and life choices as the pandemic reshapes our perspectives.,1,1,1,Technology Training,2,"I joined the library's cultural events, and it's been an amazing way to celebrate diversity.",2,7, , , ,1,5,6,5,6,6,5, , , , , , , , , ,3,3,3,3,3,3,3,3,4,3,-99, , ,-99, , ,-99, , ,The pandemic has led to increased collaboration between libraries and other community organizations to address broader social issues., , ,1,13,12, ,14,9, ,12,5, ,5,8 years,8,2,26, ,1,1,1, , ,26,1,2
2/20/2024 15:15:01,2/20/2024 15:44:26,100,1765,1,2/20/2024 15:44:27,R_1VaVqDHT5wV32OB,40.171,-85.378,EN,1,70,1,7,7,7,5,4,4,5,4,6,7,7,7,6, , , , , , ,-99, , ,-99, , ,2, , , , ,5,"The isolation during lockdowns took a toll on my mental health, and I know many others in our community felt the same.",3,1,1,Homework Help,2,The language learning resources at the library helped me pick up a new language for an upcoming trip.,2,3, , , ,1,7,4,7,4,5,5, , , , , , , , , ,4,4,3,4,3,4,3,4,4,3,-99, , ,-99, , ,-99, , ,"The pandemic highlighted the need for libraries to be flexible and responsive to community needs, evolving into dynamic spaces that address diverse social challenges.", , ,1,11,12, ,15,9, ,12,6, ,5,8 years,8,2,26,1,1,1,1, , ,26,1,2
2/20/2024 15:15:23,2/20/2024 15:43:39,100,1696,1,2/20/2024 15:43:39,R_3i8i2WJ9Rwjickp,39.4642,-87.3531,EN,1,58,1,7,5,5,5,5,6,7,5,5,5,6,6,5, , , , , , ,-99, , ,-99, , ,2, , , , ,6,Our local government faced unprecedented challenges in managing the crisis and allocating resources effectively.,5,1,1,Homebound Services,2,The local history archives at the library allowed me to explore the rich history of my community.,2,1, , , ,1,6,4,4,5,6,6, , , , , , , , , ,3,4,3,4,4,3,4,3,4,3,-99, , ,-99, , ,-99, , ,"Libraries played a vital role in supporting education, collaborating with schools to provide resources for remote learning and bridging educational gaps exacerbated by the pandemic.", , ,1,13,12, ,13,11, ,12,4, ,5,8 years,8,2,26,1,1, ,1, , ,26,1,2
2/21/2024 12:02:44,2/21/2024 12:35:23,100,1959,1,2/21/2024 12:35:24,R_1JBP2srEva62yK5,39.4057,-87.4026,EN,1,81,1,2,3,1,3,2,3,2,4,2,4,4,1,4, , , , , , ,-99, , ,-99, , ,2, , , , ,4,"The pandemic has affected me by making remote work the new norm, leading to a shift in my work-life balance.",1,1,1,Educational Programs,2,"I attended a writing workshop at the library, and it helped me improve my storytelling skills significantly.",2,4, , , ,1,7,5,7,5,6,7, , , , , , , , , ,4,4,3,4,3,3,3,4,3,4,-99, , ,-99, , ,-99, , ,"The pandemic has highlighted the importance of public libraries as community hubs, providing essential information on health and safety measures.", , ,1,11,12, ,13,11, ,12,4, ,5,8 years,8,2,26,1,1,1,1, , ,26,1,2
2/21/2024 12:05:21,2/21/2024 12:32:34,100,1633,1,2/21/2024 12:32:35,R_5PjhyGXlu916DcZ,38.1608,-85.7807,EN,1,56,1,4,4,2,2,2,3,2,4,2,3,3,2,2, , , , , , ,-99, , ,-99, , ,2, , , , ,4,"Educational institutions have adapted to new learning models, with a growing emphasis on online education.",6,1,1,Financial Literacy,2,The library's financial literacy workshop helped me manage my finances more effectively.,2,3, , , ,1,6,7,7,7,7,5, , , , , , , , , ,3,4,3,4,3,4,3,3,4,3,-99, , ,-99, , ,-99, , ,"The pandemic has led to a reevaluation of library spaces, with a focus on creating flexible and adaptable environments for diverse community needs.", , ,1,11,12, ,13,10, ,12,4, ,5,8 years,8,2,26, ,1,1, , , ,26,1,2
2/21/2024 12:45:46,2/21/2024 13:27:33,100,2507,1,2/21/2024 13:27:34,R_6fVi31Uf1H7NXXR,38.538,-86.6121,EN,1,88,1,1,3,1,1,4,1,4,2,4,3,3,4,2, , , , , , ,-99, , ,-99, , ,2, , , , ,7,I've been feeling isolated and lonely without the usual social interactions.,1,1,1,Language Learning,2,The language learning resources at the library made it easy for me to pick up a new language.,2,3, , , ,1,6,7,4,5,6,7, , , , , , , , , ,4,4,3,3,3,4,4,4,3,4,-99, , ,-99, , ,-99, , ,"Libraries have played a critical role in combating misinformation, providing accurate and up-to-date information on COVID-19 and public health measures.", , ,1,11,12, ,15,11, ,12,4, ,5,8 years,8,2,26,1,1,1, , , ,26,1,2
2/21/2024 12:49:49,2/21/2024 13:25:54,100,2164,1,2/21/2024 13:25:54,R_7WOpxSZr9LrFv1s,39.4642,-87.3531,EN,1,61,1,4,2,3,4,3,4,2,1,2,1,3,1,4, , , , , , ,-99, , ,-99, , ,2, , , , ,4,The pandemic has highlighted the need for better disaster preparedness and response strategies.,5,1,1,Digital Literacy Programs,2,The library's health resources have been instrumental in helping me make informed decisions about my well-being.,2,1, , , ,1,5,6,7,4,7,7, , , , , , , , , ,3,4,4,3,3,3,3,3,3,4,-99, , ,-99, , ,-99, , ,"Libraries have become advocates for equity, actively working to address disparities in access to information, technology, and resources, especially among vulnerable populations.", , ,1,11,12, ,13,9, ,12,4, ,5,8 years,8,2,26,1,1, ,1, , ,26,1,2
2/20/2024 14:40:43,2/20/2024 15:05:33,100,1489,1,2/20/2024 15:05:33,R_5YdHXUGmOCunGVz,38.455,-85.6608,EN,1,86,1,4,4,7,6,5,6,6,5,6,6,5,6,4, , , , , , ,-99, , ,-99, , ,2, , , , ,7,"I've experienced the loss of loved ones due to COVID-19, making it an emotionally challenging period.",3,1,1,Language Learning,2,The library's legal assistance resources were invaluable during a challenging legal situation.,2,6, , , ,1,6,4,6,4,4,5, , , , , , , , , ,4,3,4,3,4,4,3,4,4,3,-99, , ,-99, , ,-99, , ,"Libraries have served as a lifeline for individuals facing isolation, providing virtual events and book clubs to maintain social connections.", , ,1,11,12, ,14,9, ,12,5, ,5,7 years,7,2,26, ,1, ,1, , ,26,1,2
2/21/2024 12:45:29,2/21/2024 13:26:56,100,2486,1,2/21/2024 13:26:56,R_1J9qlG618w8VAmj,39.6804,-86.1306,EN,1,73,1,3,2,2,1,3,2,3,1,4,1,4,3,3, , , , , , ,-99, , ,-99, , ,2, , , , ,7,"Remote learning has been a real challenge for my kids, and I worry about their education.",6,1,1,Educational Support,2,I used the library's job search assistance service and landed my dream job!,2,6, , , ,1,4,5,7,6,6,5, , , , , , , , , ,3,3,3,3,4,3,4,4,4,4,-99, , ,-99, , ,-99, , ,The need for reliable internet access during lockdowns has emphasized the role of libraries in bridging the digital divide and ensuring equal access to information., , ,1,12,12, ,13,10, ,12,5, ,5,7 years,7,2,26, ,1,1, , , ,26,1,2
2/20/2024 11:48:41,2/20/2024 12:17:04,100,1702,1,2/20/2024 12:17:04,R_1koYoVHuTDEuCed,40.4444,-86.9256,EN,1,64,1,4,5,5,6,6,6,6,7,7,6,7,5,5, , , , , , ,-99, , ,-99, , ,2, , , , ,6,"It's been a rollercoaster of emotions, from anxiety to moments of unexpected gratitude.", ,1,1,Homework Help,2,The library's homework help program was a lifesaver during exam season; the tutors were incredibly helpful.,2,3, , , ,1,6,6,5,5,7,5, , , , , , , , , ,4,4,4,4,3,3,4,4,4,4,-99, , ,-99, , ,-99, , ,"Access to reliable information on health and safety measures became a priority, positioning libraries as trusted resources for accurate data.", , ,1,12,12, ,12,8, ,12,4, ,5,6 years,6,2,26, ,1,1,1, , ,26,1,2
2/20/2024 15:17:37,2/20/2024 15:46:32,100,1735,1,2/20/2024 15:46:32,R_5fCMQVSJyLJHQFH,39.4642,-87.3531,EN,1,58,1,7,4,6,6,5,4,7,5,6,4,4,5,6, , , , , , ,-99, , ,-99, , ,2, , , , ,4,"Local schools had to adapt quickly to remote learning, and it was a learning curve for both educators and students.",6,1,1,Technology Training,2,I discovered my passion for art through the library's creative workshops.,2,5, , , ,1,5,6,7,4,5,4, , , , , , , , , ,3,4,4,4,3,4,4,4,4,4,-99, , ,-99, , ,-99, , ,"Libraries reinforced their role as democratic institutions, ensuring equal access to information, services, and education for all members of the community.", , ,1,12,12, ,13,11, ,12,4, ,5,6 years,6,2,26,1,1,1,1, , ,26,1,2
2/21/2024 12:03:03,2/21/2024 12:33:01,100,1797,1,2/21/2024 12:33:01,R_5iPUKY8KMSVmvKR,37.9684,-86.7449,EN,1,93,1,3,4,2,4,1,3,1,4,4,3,3,1,1, , , , , , ,-99, , ,-99, , ,2, , , , ,6,"Health concerns have become a priority, and there's a heightened awareness of personal and community well-being.",3,1,1,Digital Literacy,2,"The computer training session was invaluable, especially for someone like me who was not tech-savvy.",2,3, , , ,1,6,4,7,5,7,6, , , , , , , , , ,3,4,4,3,3,3,3,4,4,4,-99, , ,-99, , ,-99, , ,"The pandemic has emphasized the role of libraries in disseminating reliable information, countering misinformation about health and safety.", , ,1,12,12, ,15,10, ,12,4, ,5,6 years,6,2,26,1,1,1,1, , ,26,1,2
2/20/2024 11:47:57,2/20/2024 12:18:22,100,1825,1,2/20/2024 12:18:23,R_7gWraUh1DTdSirL,41.5271,-87.2533,EN,1,69,1,6,6,7,6,7,6,7,6,7,7,6,7,5, , , , , , ,-99, , ,-99, , ,2, , , , ,6,Being away from loved ones has been the hardest part for me.,1,1,1,Language Learning,2,The library's language learning resources made it easy for me to pick up Spanish at my own pace.,2,2, , , ,1,5,5,7,5,7,7, , , , , , , , , ,4,4,4,3,4,4,4,4,3,3,-99, , ,-99, , ,-99, , ,"The pandemic underscored the need for community spaces, and libraries emerged as safe, welcoming environments for individuals seeking refuge or connectivity.", , ,1,12,12, ,13,10, ,12,4, ,5,5 years,5,1,26,1,1,1, , , ,26,1,1
2/25/2024 9:03:18,2/25/2024 9:21:18,100,1080,1,2/25/2024 9:21:19,R_1ON1jIEDqSd18KB,34.0544,-118.244,EN,1,67,1,5,3,5,2,2,4,3,5,3,4,6,4,5,I hope I can have some good friends,11, , ,NA, ,-99,NA, ,-99,NA, ,2, , , , ,5,I am very happy that my community has done special mental health support during the pandemic,3,1,1,The library in my community provides excellent learning resources,2,It can be neither bad nor bad,2, , , , ,1,4,5,4,3,7,6, , , , , , , , , ,4,3,4,3,2,1,2,3,1,3,-99, , ,-99, , ,-99, , ,I think the library could use more electronic books, , ,1,12,12, ,15,12, ,12,4, ,5,40,40,5,26,1,1,1, , , ,26,1,8
2/25/2024 10:26:47,2/25/2024 10:43:57,100,1029,1,2/25/2024 10:43:57,R_3IXih2WVdhDDQy1,41.4253,-87.3565,EN,1,83,1,4,2,6,6,5,3,3,6,5,5,3,6,6,Food is very important and I hope my community can provide some food benefits,3,4, , , ,-99, , ,-99, , ,2, , , , ,5,"The epidemic has greatly affected me, but my community organizes online entertainment activities, such as virtual concerts, movie screenings, etc., to provide residents with entertainment to relax themselves",7,1,1,I used the career guidance provided by the library,2,As good as gold,2, , , , ,1,2,2,7,4,5,4, , , , , , , , , ,1,3,1,4,3,2,3,4,3,3,-99, , ,-99, , ,-99, , ,I hope that public libraries will continue to promote the habit of reading and encourage children and adults to read, , ,1,12,12, ,13,9, ,12,4, ,5,40,40,5,26,1,1, , , , ,26,1,8
2/20/2024 11:46:23,2/20/2024 12:22:35,100,2172,1,2/20/2024 12:22:36,R_6Ez0YKFNQiK0Xux,38.2912,-85.9651,EN,1,72,1,7,6,4,6,6,6,5,6,4,6,7,4,7, , , , , , ,-99, , ,-99, , ,2, , , , ,4,The pandemic highlighted the importance of mental health for me.,3,1,1,Adult Education Classes,2,"I took a photography class at the library, and it opened up a whole new creative world for me.",2,4, , , ,1,6,4,4,5,4,6, , , , , , , , , ,3,3,4,4,3,4,4,4,3,3,-99, , ,-99, , ,-99, , ,"The shift to remote work highlighted the significance of libraries as alternative workspaces, fostering productivity and community connections.", , ,1,13,12, ,13,10, ,12,4, ,5,4 years,4,1,26,1,1,1,1, , ,26,1,1
2/25/2024 15:15:08,2/25/2024 15:42:27,100,1638,1,2/25/2024 15:42:28,R_6r8mEakGAuZkHLZ,37.751,-97.822,EN,1,81,1,4,2,3,2,5,4,3,6,5,7,6,4,5,Transportation is very important I think a lot of things can be done with convenient transportation,10,4, , , ,-99, , ,-99, , ,2, , , , ,4,I need to get the community to tell me about the outbreak, ,1,1,Intellectual property consulting,2,As good as gold,2, , , , ,2,-99,-99,-99,-99,-99,-99, , , , , , , , , ,3,1,4,3,2,1,2,4,1,3,-99, , ,-99, , ,-99, , ,I want the community to organize online learning and training activities to meet our need for knowledge and skills., , ,1,12,12, ,13,10, ,12,4, ,5,39,39,5,26,1,1, , , , ,26,1,8
2/27/2024 12:12:14,2/27/2024 12:27:34,100,919,1,2/27/2024 12:27:34,R_3Ey2T31l8UPFmS0,38.2912,-85.9651,EN,1,84,1,6,3,4,5,3,4,6,4,5,7,3,4,5,Transportation is very important and I really hope that my community transportation can be very convenient so that I can save a lot of time,10,4, , , ,-99, , ,-99, , ,2, , , , ,3,"The epidemic has a great impact on me. During the epidemic, I very much hope to strengthen the security and patrol of the community, which can better maintain public safety and provide a solution to the gathering of people",1,1,1,Provide learning resources,2,I am very satisfied,2, , , , ,2,-99,-99,-99,-99,-99,-99, , , , , , , , , ,3,4,2,2,1,1,3,1,3,2,-99, , ,-99, , ,-99, , ,"During the epidemic, the library will introduce the knowledge about epidemic prevention to us to help us tide over the difficulties", , ,1,12,13, ,17,12, ,13,5, ,4,39,39,5,26,1,1, ,1, , ,26,1,8
2/25/2024 9:43:48,2/25/2024 10:02:23,100,1115,1,2/25/2024 10:02:24,R_6Cl77TFROpLr6QI,39.7954,-86.2658,EN,1,65,1,4,2,6,4,5,2,5,7,6,4,2,5,4,Medical care is very important and my family needs it,8,4, , , ,-99, , ,-99, , ,2, , , , ,6,It had a big impact on me because I always needed food at home during the pandemic and it was very difficult because food was so scarce,2,1,1,"My library offers training and instruction on computer use, Internet safety, digital technology, and more",2,Very satisfied,2, , , , ,1,4,2,4,5,6,5, , , , , , , , , ,2,1,3,3,4,1,3,2,2,4,-99, , ,-99, , ,-99, , ,I hope the public library will organize online activities to meet my social and cultural needs, , ,1,12,13, ,13,9, ,12,4, ,5,38,38,5,26,1,1, , , , ,26,1,8
2/25/2024 11:37:16,2/25/2024 11:49:09,100,713,1,2/25/2024 11:49:09,R_3iCDdNdeFv7A4ZR,41.5681,-87.1749,EN,1,70,1,3,5,2,6,3,6,6,7,3,5,3,6,5,Medical care is very important and I hope my community can find some good doctors to run the community hospital,8,4, , , ,-99, , ,-99, , ,2, , , , ,5,I want the community to ensure that public health facilities are well maintained and clean,5,1,1,Learning support,2,What a genius!,2, , , , ,2,-99,-99,-99,-99,-99,-99, , , , , , , , , ,3,2,1,3,2,3,2,3,4,4,-99, , ,-99, , ,-99, , ,I hope public libraries will promote arts and cultural activities, , ,1,12,13, ,16,11, ,12,4, ,5,37,37,5,26,1,1, , , , ,26,1,8
3/4/2024 18:55:25,3/4/2024 19:13:51,100,1105,1,3/4/2024 19:13:51,R_7p2jApjToS6NCSZ,41.0233,-85.1848,EN,1,73,1,6,7,5,6,6,7,6,6,5,7,6,6,7, , , , , , ,-99, , ,-99, , ,2, , , , ,6, , ,1,1,education services,2,great satisfaction,2, , , , ,1,7,6,7,7,6,7, , , , , , , , , ,4,3,4,3,4,4,3,4,4,4,-99, , ,-99, , ,-99, , ,No, , ,1,12,13, ,14,12, ,12,4, ,5,36,36,5,26,1,1,1,1, , ,26,1,8
2/25/2024 14:13:09,2/25/2024 14:37:06,100,1437,1,2/25/2024 14:37:07,R_1xzRj01BTpWD6IV,39.8487,-86.3782,EN,1,66,1,2,4,5,3,3,3,7,4,5,4,3,3,6,Taking care of family members is very important and I need it very much,7,4, , , ,-99, , ,-99, , ,2, , , , ,6,I set up a community epidemic surveillance system to keep track of cases and infection trends in the community, ,1,1,Technology training course,2,Very important,2, , , , ,2,-99,-99,-99,-99,-99,-99, , , , , , , , , ,2,4,2,1,2,2,4,2,3,3,-99, , ,-99, , ,-99, , ,I hope to provide health information and updates related to the outbreak to help us understand the dynamics of the outbreak and preventive measures., , ,1,11,12, ,16,11, ,12,5, ,5,33,33,7,26,1,1,1,1, , ,26,1,7
2/20/2024 11:46:13,2/20/2024 12:18:01,100,1908,1,2/20/2024 12:18:02,R_1n0mRYp886XX81b,40.8272,-84.9366,EN,1,56,1,4,5,6,4,5,6,6,5,6,4,7,7,4, , , , , , ,-99, , ,-99, , ,2, , , , ,4,"The pandemic has been tough on everyone, but I'm grateful for the support of my family.",1,1,1,Literacy Programs,2,Attending the library's adult literacy program improved my reading skills significantly.,2,3, , , ,1,6,5,4,6,4,5, , , , , , , , , ,4,3,3,4,3,3,4,3,4,4,-99, , ,-99, , ,-99, , ,"The pandemic highlighted the importance of digital access, making libraries crucial for providing online resources and bridging the digital divide.", , ,1,12,12, ,13,11, ,12,4, ,5,3 years,3,1,26,1,1,1,1, , ,26,1,1
2/25/2024 10:06:08,2/25/2024 10:22:58,100,1009,1,2/25/2024 10:22:59,R_69BRZKDlgtyOxr3,39.8704,-86.2166,EN,1,68,1,4,1,6,5,5,4,4,3,4,5,3,4,4,Food is very important at all times,3,4, , , ,-99, , ,-99, , ,2, , , , ,5,My community offers online learning resources and support for home education needs,6,1,1,My community offers multilingual services and I use this to practice my French,2,It feels great.,2, , , , ,2,-99,-99,-99,-99,-99,-99, , , , , , , , , ,1,3,2,3,2,4,3,2,4,2,-99, , ,-99, , ,-99, , ,I want public libraries to provide vaccination information and appointment support to help us access vaccine services, , ,1,11,12, ,14,12, ,12,5, ,4,28,29,6,26,1,1, , , , ,26,1,6
2/28/2024 10:41:23,2/28/2024 10:46:35,100,311,1,2/28/2024 10:46:35,R_6kp60q9ZasW585Q,39.6804,-86.1306,EN,1,58,1,5,3,4,5,2,3,4,3,5,6,5,5,3,The quality of drivers is uneven and there are traffic violations and lack of moral awareness, , , , , ,-99, , ,-99, , ,2, , , , ,5,Support for children's education and resources for learning from home.,6,1,1,Found resources on mental illness support at the library.,2,"Pay attention to my demands and provide answers based on the actual situation, and I will have a more positive experience.",1, , , , ,1,4,5,5,3,6,4, , , , , , , , , ,3,4,3,3,2,3,2,4,3,3,-99, , ,-99, , ,-99, , ,I hope public libraries can increase more e-book resources after the pandemic., , ,1,12,13, ,15,9, ,12,6, ,5,20 years,20,4,26,1,1, ,1, , ,26,1,4
2/28/2024 10:33:13,2/28/2024 10:36:20,100,187,1,2/28/2024 10:36:20,R_3RQfqYbQZgq9OJi,39.7954,-86.2658,EN,1,62,1,4,3,5,5,6,4,5,3,4,7,2,4,5,Lack of available options for transportation,10, , , , ,-99, , ,-99, , ,2, , , , ,5,More community activities and resources to alleviate anxiety and loneliness.,7,1,1,Sought professional advice on prenatal care.,2,My experience will be more reliable and satisfactory if the accuracy of the information is verified.,1, , , , ,1,5,6,3,4,4,5, , , , , , , , , ,2,3,3,4,3,2,3,3,4,2,-99, , ,-99, , ,-99, , ,I hope public libraries can hold more cultural activities through online conferences to reduce gatherings., , ,1,12,13, ,15,8, ,12,5, ,5,20 years,20,4,26,1,1,1, , , ,26,1,4
2/28/2024 15:35:59,2/28/2024 15:38:29,100,149,1,2/28/2024 15:38:30,R_34N6iiqB4i74Y9T,34.0544,-118.2441,EN,1,61,1,5,4,3,5,3,4,5,3,4,6,4,5,3,The lack of timely road maintenance increases the inconvenience and danger of driving,10,1, , , ,-99, , ,-99, , ,2, , , , ,5,Recognition and support for volunteers and healthcare workers., ,1,1,Received practical advice on managing chronic conditions.,2,Providing multiple perspectives for solutions can improve my satisfaction.,1, , , , ,1,5,4,5,3,4,6, , , , , , , , , ,3,3,4,2,3,2,3,4,2,3,-99, , ,-99, , ,-99, , ,The closure of public libraries during the epidemic made me realize the need to establish more digital libraries., , ,1,14,13, ,16,10, ,12,4, ,5,20 years,20,4,26,1,1,1, , , ,26,1,4
2/28/2024 10:36:38,2/28/2024 10:39:38,100,179,1,2/28/2024 10:39:38,R_1GWiXkRhPBvUrYV,39.8685,-85.969,EN,1,67,1,4,3,5,2,3,4,3,5,5,6,4,5,3,Lack of efficient traffic planning and management can lead to congestion problems,10,1, , , ,-99, , ,-99, , ,2, , , , ,6,Supply and delivery services for food and essential items.,5,1,1,Learned how to respond to sudden illnesses or accidents.,2,I am disappointed when I cannot get satisfactory replies.,1, ,1, , ,1,6,4,6,5,5,4, , , , , , , , , ,2,3,2,4,3,3,4,2,3,2,-99, , ,-99, , ,-99, , ,The epidemic deepened my understanding of the convenience and importance of public libraries., , ,1,13,13, ,16,10, ,12,5, ,5,20 years,20,4,26,1,1,1, , , ,26,1,4
2/20/2024 12:27:48,2/20/2024 12:58:57,100,1868,1,2/20/2024 12:58:57,R_6HBtZnl2pNkMmP8,39.7668,-86.4013,EN,1,86,1,7,4,4,6,6,6,5,4,4,5,6,4,6, , , , , , ,-99, , ,-99, , ,2, , , , ,4,"As economic challenges arose, public libraries have become even more vital in supporting job seekers by offering resources on online learning, resume building, and career development.",4,1,1,Educational Workshops,2,"My children love the storytelling sessions, creating a bond with literature from an early age.",2,5, , , ,1,4,4,7,4,6,7, , , , , , , , , ,3,3,4,4,4,3,3,3,4,3,-99, , ,-99, , ,-99, , ,"The shift towards online services demonstrated the versatility of libraries, proving they can remain essential even in challenging times.", , ,1,12,12, ,13,10, ,12,6, ,5,18 years,18,4,26,1,1,1,1, , ,26,1,4
2/20/2024 12:26:57,2/20/2024 13:08:24,100,2486,1,2/20/2024 13:08:25,R_1LGupbBRs3hmv69,38.1929,-87.5821,EN,1,64,1,5,4,5,7,5,5,6,6,7,4,5,5,5, , , , , , ,-99, , ,-99, , ,2, , , , ,7,"Libraries have become instrumental in supporting parents and caregivers during the pandemic, offering resources on homeschooling, child development, and family well-being.",1,1,1,Homework Help,2,Art and craft workshops allowed me to explore my creative side in a supportive environment.,2,5, , , ,1,4,4,5,7,7,4, , , , , , , , , ,3,3,3,3,4,4,3,3,4,3,-99, , ,-99, , ,-99, , ,"The crisis prompted libraries to reevaluate their spaces, encouraging innovative ways to use physical areas for social distancing while maintaining accessibility.", , ,1,11,12, ,13,11, ,12,4, ,5,16 years,16,4,26, , ,1,1, , ,26,1,4
2/20/2024 14:40:05,2/20/2024 15:03:59,100,1434,1,2/20/2024 15:04:00,R_7ExSJbD4MGs690C,38.455,-85.6608,EN,1,56,1,7,4,4,5,6,7,5,5,7,4,4,7,7, , , , , , ,-99, , ,-99, , ,2, , , , ,5,Access to mental health resources in my community has become crucial as people cope with the stressors of the pandemic.,3,1,1,Homework Help,2,The health resources at the library helped me research and understand my medical condition.,2,4, , , ,1,6,4,7,7,6,6, , , , , , , , , ,3,3,3,4,3,4,4,4,4,3,-99, , ,-99, , ,-99, , ,"With economic hardships on the rise, libraries have become vital for job seekers, offering resources and support for employment opportunities.", , ,1,12,12, ,15,9, ,12,4, ,5,15 years,15,3,26, ,1,1, , , ,26,1,3
3/4/2024 18:35:42,3/4/2024 18:54:14,100,1112,1,3/4/2024 18:54:14,R_1s6L1NL0VphCDaz,39.5992,-86.13,EN,1,70,1,4,3,4,5,5,4,6,6,5,4,6,7,6, , , , , , ,-99, , ,-99, , ,2, , , , ,6,Yes, ,1,1,education access,2,quite satisfied,2, , , , ,1,6,7,6,6,7,6,6, , , , , , , , ,4,3,3,4,3,4,3,4,4,4,-99, , ,-99, , ,-99, , , , , ,1,11,13, ,16,11, ,12,4, ,5,15,15,3,26,1, , , , , ,26,1,3
2/20/2024 12:26:34,2/20/2024 13:02:41,100,2166,1,2/20/2024 13:02:41,R_1HpEKjOvyhmyvQc,41.5876,-87.3727,EN,1,67,1,6,5,7,6,7,7,5,6,7,4,4,6,7, , , , , , ,-99, , ,-99, , ,2, , , , ,5,"The pandemic has reinforced the idea that public libraries are lifelines for vulnerable populations, providing support to those who may not have access to other social services.",1,1,1,Literacy Programs,2,"I regularly use the library's computer access for online courses, bridging the digital gap.",2,1, , , ,1,4,5,5,6,7,6, , , , , , , , , ,4,3,3,3,4,4,3,4,3,4,-99, , ,-99, , ,-99, , ,"The pandemic reinforced the need for libraries to address digital inequalities, prompting initiatives to provide access to technology for those without it.", , ,1,11,12, ,15,10, ,12,4, ,5,13 years,13,3,26, , ,1,1, , ,26,1,3
2/20/2024 12:28:18,2/20/2024 12:59:40,100,1881,1,2/20/2024 12:59:40,R_7Fqy7s2vvV2nprb,40.4444,-86.9256,EN,1,71,1,6,6,5,4,7,5,6,4,4,4,7,7,7, , , , , , ,-99, , ,-99, , ,2, , , , ,4,"Public libraries have showcased their adaptability by providing curbside pickup services, ensuring that individuals can access physical materials safely during the pandemic.",1,1,1,Parenting Classes,2,The library's resource fair connected me with valuable local services I wasn't aware of.,2,1, , , ,1,6,6,4,4,4,6, , , , , , , , , ,4,4,3,4,3,3,3,3,3,3,-99, , ,-99, , ,-99, , ,"The pandemic reinforced the idea that libraries are essential components of a resilient community, capable of adapting to unforeseen challenges.", , ,1,11,12, ,12,9, , ,5, ,5,13 years,13,3,26,1,1,1,1, , ,26,1,3
2/20/2024 14:08:34,2/20/2024 14:31:44,100,1390,1,2/20/2024 14:31:45,R_3hbf4nSkoEYNsJ4,40.5025,-86.1462,EN,1,87,1,5,7,5,5,7,4,5,7,6,5,7,6,6, , , , , , ,-99, , ,-99, , ,2, , , , ,6,"The pandemic has definitely affected my daily life, from working remotely to adjusting to new safety protocols.",1,1,1,Literacy Programs,2,Attending a financial literacy workshop at the library helped me manage my budget better.,2,3, , , ,1,4,7,7,6,5,6, , , , , , , , , ,4,3,3,3,4,3,3,3,3,4,-99, , ,-99, , ,-99, , ,"The pandemic highlighted the crucial role of public libraries as information hubs, providing accurate and timely resources on health and safety measures.", , ,1,12,12, ,14,8, ,12,4, ,5,13 years,13,3,26,1,1,1,1, , ,26,1,3
2/20/2024 14:41:04,2/20/2024 15:07:59,100,1614,1,2/20/2024 15:07:59,R_7A1jF957yMPbEBA,41.0513,-85.1066,EN,1,62,1,7,6,4,7,5,7,4,6,6,7,5,5,6, , , , , , ,-99, , ,-99, , ,2, , , , ,5,The pandemic has underscored the need for better disaster preparedness and global collaboration in the face of health crises.,5,1,1,Parenting Workshops,2,The library's commitment to community well-being is evident in its wide range of social services.,2,7, , , ,1,4,4,4,7,4,6, , , , , , , , , ,3,3,4,3,4,3,4,4,3,3,-99, , ,-99, , ,-99, , ,"Libraries have embraced a more proactive role in disaster preparedness, using lessons from the pandemic to enhance their ability to support communities in times of crisis.", , ,1,11,12, ,13,9, ,12,4, ,5,13 years,13,3,26,1,1, ,1, , ,26,1,3
3/4/2024 19:16:07,3/4/2024 19:27:19,100,672,1,3/4/2024 19:27:20,R_7ZKZgTLFkVdIiJk,39.6195,-86.1552,EN,1,97,1,6,7,6,5,6,5,6,6,5,5,4,5,5, , , , , , ,-99, , ,-99, , ,2, , , , ,6,No,8,1,1,educational opportunity,2,great satisfaction,2, , , , ,1,6,7,7,6,7,6, , , , , , , , , ,4,3,4,4,4,4,3,4,4,3,-99, , ,-99, , ,-99, , ,No, , ,1,10,12, ,12,11, ,12,4, ,4,13,13,3,26,1,1,1,1, , ,26,1,3
2/20/2024 12:25:38,2/20/2024 13:09:19,100,2621,1,2/20/2024 13:09:20,R_1pulUg5aN7R8pfb,39.8291,-86.0859,EN,1,71,1,5,5,7,7,7,4,6,6,6,5,4,5,7, , , , , , ,-99, , ,-99, , ,2, , , , ,7,"The pandemic has emphasized the role of libraries as community centers, offering a sense of connection through virtual events, book clubs, and other online activities.",7,1,1,Digital Literacy Programs,2,The digital literacy program helped me navigate online resources with confidence.,2,3, , , ,1,7,6,5,5,5,5, , , , , , , , , ,3,3,3,4,4,3,3,3,4,3,-99, , ,-99, , ,-99, , ,"Libraries became lifelines for many during lockdowns, offering virtual programs to combat social isolation and foster a sense of community.", , ,1,11,12, ,12,10, ,12,5, ,5,12 years,12,3,26, ,1,1,1, , ,26,1,3
2/20/2024 12:27:36,2/20/2024 13:08:50,100,2474,1,2/20/2024 13:08:51,R_1m2W3phpszaRZup,39.6804,-86.1306,EN,1,62,1,6,4,5,4,4,5,5,4,4,5,7,4,4, , , , , , ,-99, , ,-99, , ,2, , , , ,6,"Libraries have demonstrated resilience by implementing safety measures and adapting services to continue providing essential resources, showcasing their adaptability in times of crisis.", ,1,1,ESLClasses,2,The legal assistance clinic provided valuable advice during a challenging legal situation.,2,6, , , ,1,7,4,6,6,4,4, , , , , , , , , ,3,4,4,4,4,4,3,3,3,4,-99, , ,-99, , ,-99, , ,"Community outreach became a priority, with libraries engaging in partnerships to deliver essential services like food distribution and vaccination information.", , ,1,11,12, ,14,11, ,12,4, ,5,12 years,12,3,26, ,1,1,1, , ,26,1,3
2/20/2024 14:09:15,2/20/2024 14:31:56,100,1361,1,2/20/2024 14:31:57,R_76mWNF7TZjM4gZi,38.061,-87.5501,EN,1,85,1,6,7,6,7,5,7,6,5,4,4,6,4,4, , , , , , ,-99, , ,-99, , ,2, , , , ,4,"I've learned to appreciate the little things more, like a simple walk outside or a video call with loved ones.",5,1,1,Language Learning,2,"The library's tech access saved me during a Wi-Fi outage, enabling me to complete an urgent task.",2,1, , , ,1,5,6,5,7,6,6, , , , , , , , , ,4,4,3,3,4,4,4,3,4,4,-99, , ,-99, , ,-99, , ,"The pandemic reinforced the need for libraries to address digital inequalities, prompting initiatives to provide access to technology for those without it.", , ,1,12,12, ,15,8, ,12,5, ,5,12 years,12,3,26, ,1,1, , , ,26,1,3
2/20/2024 14:10:23,2/20/2024 14:34:45,100,1461,1,2/20/2024 14:34:46,R_67Qk9sZowA5CvA0,41.3479,-85.1398,EN,1,99,1,6,7,7,4,5,7,7,7,5,6,5,6,6, , , , , , ,-99, , ,-99, , ,2, , , , ,5,"Frontline workers have been true heroes, and there's a newfound appreciation for their dedication and sacrifices.",1,1,1,Environmental Education,2,The environmental education initiatives at the library have inspired me to adopt sustainable practices.,2,3, , , ,1,5,4,4,5,6,4, , , , , , , , , ,3,4,4,4,3,4,4,4,4,3,-99, , ,-99, , ,-99, , ,"Libraries prioritized the well-being of their staff and patrons, implementing health and safety measures to create environments that instilled confidence.", , ,1,12,12, ,14,11, ,12,4, ,5,11 years,11,3,26,1,1, ,1, , ,26,1,3
2/20/2024 15:15:17,2/20/2024 15:43:18,100,1681,1,2/20/2024 15:43:19,R_5TpLypc1vdVIh0I,39.4642,-87.3531,EN,1,91,1,7,6,5,7,7,6,5,7,5,4,7,4,6, , , , , , ,-99, , ,-99, , ,2, , , , ,7,"Working in the healthcare industry, I witnessed the incredible dedication of frontline workers and the strain on our healthcare system.",3,1,1,Financial Literacy Programs,2,The library's elderly services made my grandparent's retirement more enjoyable with engaging activities.,2,5, , , ,1,5,4,6,7,4,7, , , , , , , , , ,3,3,4,3,4,3,3,4,4,4,-99, , ,-99, , ,-99, , ,"In times of crisis, public libraries proved their resilience, transforming into emergency response centers, providing information on relief efforts, and coordinating community support.", , ,1,11,12, ,13,8, ,12,5, ,5,11 years,11,3,26,1,1,1, , , ,26,1,3
3/4/2024 21:58:15,3/4/2024 22:12:09,100,834,1,3/4/2024 22:12:10,R_19srC4SbrXyjgRo,38.7369,-88.0793,EN,1,4,1,4,5,4,5,6,5,5,6,5,6,5,6,6,traffic,10, ,5, , ,5, , ,4, , ,2, , , , ,5,yes, ,1,1,insurance,2,insurance, , , , , ,1,5,4,5,6,5,6,5, , ,6, , ,5, , ,3,3,2,3,3,2,3,4,4,4,3, , ,3, , ,3, , ,yes, , ,1,12,13, ,16,10, ,12,4, ,5,10years,10,2,26,1, , , , , ,26,1,2
3/4/2024 21:58:19,3/4/2024 22:12:23,100,844,1,3/4/2024 22:12:24,R_1z7N6fidpRrvguB,39.8335,-84.8983,EN,1,63,1,4,5,5,4,5,6,5,5,6,5,5,6,5,traffic,10, ,4, , ,3, , ,5, , ,2, , , , ,4,yes, ,1,1,insurance,2,insurance, , , , , ,1,5,4,5,6,5,4,5, , ,6, , ,5, , ,3,3,3,4,4,4,4,4,2,3,4, , ,4, , ,4, , ,yes, , ,1,12,13, ,17,11, ,12,4, ,9,10years,10,2,26, ,1, , , , ,26,1,2
2/22/2024 6:58:23,2/22/2024 7:51:49,100,3206,1,2/22/2024 7:51:50,R_5b2BJQ3VJMPrBsd,34.0544,-118.2441,EN,1,57,1,3,2,5,4,4,2,3,3,4,2,4,2,3,Public education
Because of education is important,5, ,4,Shopping （clothes）,6,5,tourist attraction,7,-99, , ,1,Tourism is underdeveloped and cannot drive the level of economic development.,15, , ,5,"Yes,It's hard to buy therapeutic drugs.",3,1,1,education access,2,"Very good, there are many books and materials.",2, , , , ,1,6,6,3,5,5,6, , , , , , , , , ,4,3,3,4,3,3,2,3,3,4,-99, , ,-99, , ,-99, , ,"Yes, I can't read in the library.", , ,1,11,13, ,14,11, ,12,10, ,5,10 years,10,2,26,1,1, , , , ,26,1,2
2/20/2024 11:47:47,2/20/2024 12:21:49,100,2041,1,2/20/2024 12:21:49,R_1sBp69ClzetKlDd,41.5837,-85.8633,EN,1,81,1,6,7,6,4,5,7,7,5,5,7,4,5,6, , , , , , ,-99, , ,-99, , ,2, , , , ,5,Seeing the healthcare workers' dedication has been a source of inspiration for me., ,1,1,Digital Literacy Training,2,I felt more confident navigating the digital world after the library's helpful digital literacy classes.,2,3, , , ,1,5,7,7,4,4,5, , , , , , , , , ,3,4,3,4,3,3,3,4,3,4,-99, , ,-99, , ,-99, , ,"Libraries redefined their role as educational hubs, providing virtual learning resources and support for students navigating the challenges of remote education.", , ,1,11,12, ,12,8, ,12,5, ,5,10 years,10,2,26,1, , , , , ,26,1,2
2/20/2024 14:09:50,2/20/2024 14:35:38,100,1548,1,2/20/2024 14:35:39,R_129fCbXTJJVuSoh,39.1215,-86.5784,EN,1,85,1,4,7,7,7,5,4,5,4,5,4,6,4,4, , , , , , ,-99, , ,-99, , ,2, , , , ,5,Financial struggles have been a common theme in my community due to job losses and economic uncertainties.,4,1,1,Homework Help,2,The community workshop on sustainable living inspired me to start my own backyard garden.,2,5, , , ,1,5,4,4,7,6,4, , , , , , , , , ,4,3,4,3,4,4,3,3,3,4,-99, , ,-99, , ,-99, , ,"Libraries played a role in mental health support, offering resources and programs to help individuals cope with the stress and uncertainty of the times.", , ,1,13,12, ,14,11, ,12,4, ,5,10 years,10,2,26, ,1, ,1, , ,26,1,2
2/20/2024 14:38:32,2/20/2024 15:06:55,100,1702,1,2/20/2024 15:06:56,R_5YpYbvymHChQxvb,38.455,-85.6608,EN,1,82,1,7,4,6,4,6,6,5,6,7,6,5,5,5, , , , , , ,-99, , ,-99, , ,2, , , , ,7,The pandemic has significantly affected me. I've had to adapt to remote work and face the challenges of social isolation.,1,1,1,Literacy Programs,2,Attending the library's technology workshop greatly improved my computer skills.,2,3, , , ,1,5,6,5,4,6,7, , , , , , , , , ,4,4,3,4,3,3,4,4,4,3,-99, , ,-99, , ,-99, , ,"The pandemic has highlighted the crucial role of public libraries as community hubs, offering information on health and safety measures.", , ,1,11,12, ,14,11, ,12,4, ,5,10 years,10,2,26,1,1,1,1, , ,26,1,2
2/20/2024 15:14:57,2/20/2024 15:44:46,100,1788,1,2/20/2024 15:44:46,R_1KwpTps208epFEd,40.171,-85.378,EN,1,92,1,4,5,6,4,5,6,6,7,6,7,7,7,4, , , , , , ,-99, , ,-99, , ,2, , , , ,5,The pandemic has been tough for everyone; my family and I had to adjust to a new normal of remote work and schooling.,1,1,1,Literacy Programs,2,The library's job search assistance was invaluable in helping me secure my dream job.,2,6, , , ,1,5,4,6,4,6,6, , , , , , , , , ,3,3,3,4,4,4,3,3,4,3,-99, , ,-99, , ,-99, , ,"The pandemic has emphasized the crucial role of public libraries as community hubs, offering valuable resources and information during uncertain times.", , ,1,12,12, ,13,8, ,12,4, ,5,10 years,10,2,26, ,1, ,1, , ,26,1,2
2/24/2024 13:46:25,2/24/2024 14:08:16,100,1310,1,2/24/2024 14:08:16,R_3BlIIjPY5cSIpDd,36.129,-115.2765,EN,1,99,1,6,7,7,6,7,1,4,6,5,6,6,6,5,Financial struggles Generational poverty leads to a myriad of social and educational problems,2,4,7,Public safety police shortage leads to revolving door in the legal system with many poorly educated and dangerous people residing in the community,0,7,educational system moves students along leaving them unprepared and academic achievement across all schools are below state average,0,7,declining population also leads to lack of medical professionals to serve public leading to inadequate health care,0,1,victim of a crime committed on my property resulting in 6000.00 damage with no accountability assessed to the individual that committed it,1,I wrote the Chief of Police and City Prosecutor to voice my concerns which resulted in no difference,5,1,no,8,1,1,I support the literacy enhancements directed toward students,2, , , , , , ,1,7,6,1,7,7,3,7,improve computer and reading literacy, , , , , , , ,4,4,4,4,4,4,4,4,4,4,-99, , ,-99, , ,-99, , , , , ,1,15,12, ,17,11, ,14,4, ,5, , , ,26,1, ,1, , , ,26,1, 
2/26/2024 10:29:33,2/26/2024 11:23:07,100,3213,1,2/26/2024 11:23:08,R_51n4n9X7wHEl81I,41.7415,-87.5962,EN,1,57,1,4,3,4,7,4,3,4,2,6,6,1,6,6,Inadequate housing supply Most people are now facing a situation of inadequate housing supply especially in urban areas and densely populated areas which has led to an increase in housing rents and house prices making housing affordable for many families,4,1,1, , ,1, , ,1, , ,2, , , , ,5,"The pandemic has had a major impact on the education system, with schools forced to turn to distance learning, which poses challenges for students, families and educators alike.
Our community provides us with digital learning resources, technical support, tutoring and other services to support students and families with the challenges of distance learning.",6,1,1,"My use of children's story time, summer reading programs, youth clubs, learning activities, etc. at the community library, designed to promote reading interest and learning achievement, has been very helpful to our children",3,"Children and Youth Services provide a colorful, engaging and fun experience in the library, designed to stimulate their learning, creativity and social skills, and provide useful support and guidance for their growth and development. These services not only enrich the children's learning life, but also promote the cultural and educational development of the community.", , , , , ,1,4,6,4,5,7,2,7,Services for the disabled, ,3,Cultural and community events, ,6,Loan service, ,4,3,4,4,2,3,4,4,2,2,4,none, ,4,none, ,4,none, ,"The COVID-19 pandemic has had a certain impact on the role of public libraries, but libraries still strive to maintain service continuity and adapt to the challenges brought by the epidemic, and continue to provide services to the community through digital services, information transmission, distance learning support and other means. It's still good for us", , ,1,11,12, ,17,12, ,12,4, ,5,Three years,3,1,26,1,1, , , , ,26,1,1
3/4/2024 21:00:55,3/4/2024 21:10:48,100,593,1,3/4/2024 21:10:49,R_1GkUOBu1375mR5x,39.6378,-86.3112,EN,1,4,1,6,4,5,6,4,5,6,5,7,5,6,5,6,Mental health,9, ,5, , ,4, , ,6, , ,2, , , , ,4,yes, ,1,1,Social connection,3,right,2, , , , ,1,5,6,5,6,5,6,4, , ,4, , ,4, , ,3,2,3,2,3,3,2,3,3,3,3, , ,3, , ,2, , ,yes, , ,1,11,13, ,16,10, ,12,4, ,5,Ten years,10,2,26, , , , , , ,26,1,2
2/21/2024 12:04:09,2/21/2024 12:38:40,100,2070,1,2/21/2024 12:38:40,R_5CZuHUo5E5C15zL,40.4444,-86.9256,EN,1,98,1,2,3,2,2,1,1,3,4,4,2,2,2,3, , , , , , ,-99, , ,-99, , ,2, , , , ,4,"I've seen an increased sense of community responsibility, with people volunteering to help those in need.",1,1,1,Art and Creativity,3,Participating in a writing group at the library sparked my creativity and passion for storytelling.,2,4, , , ,1,5,7,6,6,7,5, , , , , , , , , ,4,4,4,4,3,4,4,3,3,3,-99, , ,-99, , ,-99, , ,"Public libraries have become distribution points for community resources, such as food and hygiene products, during times of crisis.", , ,1,12,12, ,13,9, ,12,6, ,5,9 years,9,2,26,1,1, , , , ,26,1,2
2/20/2024 11:46:57,2/20/2024 12:20:59,100,2041,1,2/20/2024 12:20:59,R_1QMzcDC4g3gldEG,39.4815,-86.0615,EN,1,70,1,5,6,4,7,5,6,5,7,5,4,6,5,4, , , , , , ,-99, , ,-99, , ,2, , , , ,4,The vaccination process gave me hope for a return to some sense of normalcy.,3,1,1,Children's Storytime,3,My kids love the weekly storytime sessions; it has kindled their love for books.,2,5, , , ,1,5,4,6,7,5,5, , , , , , , , , ,4,3,3,4,3,4,4,4,4,3,-99, , ,-99, , ,-99, , ,"Libraries redefined their role by becoming distribution hubs for essential items, like masks, hand sanitizers, and even vaccines, demonstrating adaptability.", , ,1,12,12, ,14,8, ,12,5, ,5,8 years,8,2,26, ,1,1,1, , ,26,1,2
2/20/2024 15:17:13,2/20/2024 15:45:44,100,1711,1,2/20/2024 15:45:45,R_7f1OuT0gcRA31EJ,41.4711,-87.0898,EN,1,62,1,7,6,7,7,5,6,7,7,4,4,7,7,4, , , , , , ,-99, , ,-99, , ,2, , , , ,4,The vaccination rollout brought a sense of hope and optimism to our community as we worked towards a safer future.,3,1,1,Art and Creativity Programs,3,I feel more connected to my community after participating in various library-supported initiatives.,2,1, , , ,1,4,4,5,4,5,6, , , , , , , , , ,4,4,4,3,3,4,3,4,4,4,-99, , ,-99, , ,-99, , ,"The challenges posed by the pandemic highlighted the resilience and adaptability of public libraries, reinforcing their importance as anchors for communities navigating uncertain times.", , ,1,11,12, ,13,10, ,12,4, ,5,7 years,7,2,26,1,1,1, , , ,26,1,2
2/21/2024 12:03:20,2/21/2024 12:31:30,100,1690,1,2/21/2024 12:31:31,R_1GeOMNoiZPmOWju,41.6538,-86.1631,EN,1,71,1,2,3,3,2,1,4,2,3,4,1,3,4,1, , , , , , ,-99, , ,-99, , ,2, , , , ,7,The pandemic has highlighted the importance of accessible healthcare and the need for stronger public health infrastructure.,3,1,1,Children's Services,3,My child's reading skills improved through the library's reading programs and storytime sessions.,2,5, , , ,1,6,7,6,6,6,7, , , , , , , , , ,4,4,3,3,3,3,4,3,3,3,-99, , ,-99, , ,-99, , ,The need for remote access to educational resources has reinforced the importance of libraries in supporting lifelong learning., , ,1,11,12, ,13,11, ,12,5, ,5,7 years,7,2,26,1,1,1,1, , ,26,1,2
2/21/2024 12:03:51,2/21/2024 12:34:25,100,1833,1,2/21/2024 12:34:25,R_5aLsVXfCBUkDHr3,40.7494,-86.0686,EN,1,77,1,3,4,3,3,3,3,4,1,3,3,1,3,3, , , , , , ,-99, , ,-99, , ,2, , , , ,4,The pandemic has prompted a reevaluation of personal priorities and a focus on what truly matters in life., ,1,1,Parenting Support,3,The parenting workshops at the library provided valuable insights and tips.,2,5, , , ,1,6,7,7,7,6,4, , , , , , , , , ,3,4,4,3,3,3,3,4,3,4,-99, , ,-99, , ,-99, , ,The increased use of digital resources during the pandemic has reinforced the importance of libraries in curating and organizing online content., , ,1,11,12, ,13,9, ,12,4, ,5,7 years,7,2,26,1,1, , , , ,26,1,2
2/24/2024 15:47:25,2/24/2024 16:03:32,100,967,1,2/24/2024 16:03:33,R_6DrQn8Jd6UJW4Tv,39.6421,-85.1439,EN,1,62,1,5,7,4,3,3,2,3,5,7,5,4,5,5,Mental health issues because we have so many substance abusers that need help locally,9,2, , , ,-99, , ,-99, , ,2, , , , ,3,I think COVID has contributed to isolating certain factors of the community but it has not impacted me,8,1,1,I regularly attend library classes such as crafts cooking and book clubs,3,I use the classes as a connection time with people in my community 
I greatly enjoy these classes and attend 5-6 a month,2,2, , , ,1,5,4,5,7,7,7, , , , , , , , , ,4,4,4,4,4,3,4,4,3,4,-99, , ,-99, , ,-99, , ,No, , ,1,15,13, ,17,14,Retired teachers,14,4, ,5,66 years,66,5,26, ,1,1, , , ,26,1,10
2/21/2024 12:48:09,2/21/2024 13:26:21,100,2291,1,2/21/2024 13:26:22,R_71vnBx7CYgV3XcJ,40.1137,-85.7235,EN,1,92,1,3,4,4,1,3,3,2,2,4,1,1,2,4, , , , , , ,-99, , ,-99, , ,2, , , , ,6,I miss the sense of normalcy and worry about when things will get back to how they were., ,1,1,Parenting Support,3,I found valuable information on homelessness support services at the library during a difficult time.,2,6, , , ,1,6,7,4,6,5,4, , , , , , , , , ,3,4,3,3,4,3,4,3,3,4,-99, , ,-99, , ,-99, , ,"Public libraries have become advocates for digital literacy, offering training programs to help individuals navigate online platforms for work, education, and communication.", , ,1,11,12, ,12,9, ,12,6, ,5,6 years,6,2,26,1,1, , , , ,26,1,2
2/20/2024 14:40:30,2/20/2024 15:05:57,100,1526,1,2/20/2024 15:05:57,R_6I3jMLSKSxuTTpw,41.0513,-85.1066,EN,1,85,1,6,4,4,5,7,6,7,6,4,7,6,7,4, , , , , , ,-99, , ,-99, , ,2, , , , ,6,Some individuals in my community have faced housing and food insecurity due to economic challenges brought about by the pandemic.,2,1,1,Art and Creativity Workshops,3,Attending adult education classes at the library has been a fulfilling and enriching experience.,2,3, , , ,1,4,6,4,6,5,5, , , , , , , , , ,4,4,4,3,3,3,3,4,4,4,-99, , ,-99, , ,-99, , ,"Libraries have adapted their spaces to meet changing needs, such as providing access to technology for remote work and learning.", , ,1,12,12, ,14,9, ,12,4, ,5,5 years,5,1,26,1,1,1, , , ,26,1,1
2/22/2024 13:27:35,2/22/2024 14:04:56,100,2240,1,2/22/2024 14:04:57,R_3SdzLKL9YNpuqZ1,39.7661,-86.1735,EN,1,56,1,2,2,2,2,1,2,4,3,4,2,2,2,1,Mental Health Issues

Teen suicide,9, , , , ,-99, , ,-99, , ,2, , , , ,6,Covid took the lives of some community members and friends.
Shutting down schools was detrimental to our students,3,1,1,Exercise class at the library.
Attended informative presentation about Medicare options.
Attended informative presentation about planning for funeral.,3,The exercise class is good physically and good social time. Very glad the library lets us use their facility.
The information about Medicare choices was quite helpful.,2,5, , , ,1,6,4,5,7,7,7, , , , , , , , , ,4,4,4,4,4,4,4,4,3,4,-99, , ,-99, , ,-99, , ,No, , ,1,16,13, ,15,14,Retired - pension and social security,14,4, ,5,49 years,49,5,26,1,1, , , , ,26,1,10
3/4/2024 18:55:27,3/4/2024 19:13:49,100,1101,1,3/4/2024 19:13:49,R_1rHOfmm3prf2YJS,41.0492,-85.304,EN,1,81,1,6,5,6,6,7,6,5,6,7,6,6,7,6, , , , , , ,-99, , ,-99, , ,2, , , , ,6, , ,1,1,children's services,3,great satisfaction,2, , , , ,1,7,7,6,7,7,6, , , , , , , , , ,4,4,3,4,4,3,4,4,3,4,-99, , ,-99, , ,-99, , ,No, , ,1,13,12, ,12,11, ,12,4, ,5,45,45,5,26, , , ,1, , ,26,1,9
2/25/2024 13:31:23,2/25/2024 13:53:46,100,1343,1,2/25/2024 13:53:46,R_71wLeZpoRmY8wNz,37.9606,-87.5333,EN,1,77,1,3,2,1,4,6,5,5,3,5,5,7,4,5,Social connections are very important to me,11,4, , , ,-99, , ,-99, , ,2, , , , ,5,I expect the community to provide elderly care and support services,2,1,1,Reading promotion activities,3,Right on,2, , , , ,1,4,6,5,3,4,3, , , , , , , , , ,3,4,3,2,3,1,3,2,2,3,-99, , ,-99, , ,-99, , ,I expect public libraries to provide support and resources for young people to help me develop my skills and interests, , ,1,12,13, ,13,9, ,12,4, ,5,43,43,5,26,1,1, , , , ,26,1,9
2/28/2024 15:38:52,2/28/2024 15:41:04,100,131,1,2/28/2024 15:41:04,R_5iWorl4aoJXwcgn,39.6804,-86.1306,EN,1,63,1,4,5,3,4,6,4,5,3,4,2,3,5,4,Public schools usually have a variety of extracurricular activities that help children discover their interests and develop their talents,5, , , , ,-99, , ,-99, , ,2, , , , ,6,Increased demand for rapid testing and diagnostics.,3,1,1,Educated on improving life quality through healthy eating and exercise.,3,"Using various forms such as graphics, images, and videos to answer questions may enhance my experience.",1, ,1, , ,1,4,5,3,6,4,5, , , , , , , , , ,3,4,3,3,2,3,2,4,3,2,-99, , ,-99, , ,-99, , ," I hope public libraries can organize more online cultural events, allowing people to gain knowledge without leaving their homes.", , ,1,14,13, ,17,10, ,12,4, ,5,40 years,40,5,26,1,1,1, , , ,26,1,8
2/26/2024 11:41:03,2/26/2024 11:58:33,100,1050,1,2/26/2024 11:58:34,R_5EfRKhV4cuJkQC5,40.5025,-86.1462,EN,1,56,1,2,4,3,5,1,3,2,3,5,4,4,5,4, , , , ,Transportation,0,5,Mental health, ,-99,Day care for children and older adults,0,2, , , , ,3,Children are behind in school,6,1,1,Painting class
Excersize class
Book club,3,Painting is a wonderful outlet 
Excersize keeps me going 
Book club amazes me on new books
I love our library and the variety of programs available. Best I have ever been connected to.,2,5, , , ,1,6,3,6,5,6,4, , , , , , , , , ,3,4,4,4,4,3,3,4,3,3,-99, , ,-99, , ,-99, , ,.no, , ,1,15,13, ,17,14,Retired teacher,14,4, ,5,40 years,40,5,26,1,1,1, , , ,26,1,8
2/20/2024 14:09:29,2/20/2024 14:37:07,100,1657,1,2/20/2024 14:37:07,R_5PkjcPyNoDrG09i,38.3015,-85.7469,EN,1,94,1,5,6,6,7,5,7,7,5,4,4,7,7,5, , , , , , ,-99, , ,-99, , ,2, , , , ,5,"Education has been greatly impacted, with students, parents, and educators adapting to new forms of learning.",6,1,1,Book Clubs,3,I appreciate the library's commitment to preserving our community's rich history.,2,1, , , ,1,4,5,6,6,7,5, , , , , , , , , ,3,3,3,3,3,4,4,4,4,4,-99, , ,-99, , ,-99, , ,"In response to the economic impact of the pandemic, libraries offered career assistance, resume workshops, and job search resources to help individuals navigate the job market.", , ,1,13,12, ,14,9, ,12,5, ,5,4 years,4,1,26,1,1,1,1, , ,26,1,1
2/24/2024 15:10:34,2/24/2024 15:20:23,100,589,1,2/24/2024 15:20:24,R_6lohPs2PHvbQv6x,40.7157,-74,EN,1,57,1,7,5,6,5,6,4,5,7,5,5,5,4,4,Security
Health care,8, , ,Food, ,5,Housing,0,5,Transportation,0,2, , , , ,3,"Yes, my finance has drastically decline",4,1,2, ,3, , , , ,I really don't know how to access it.,3,1,5,4,5,6,6,6, ,No, , ,No, , ,No, ,4,4,4,4,4,4,4,4,4,4,-99,Information distribution, ,4,Health care amenities, ,4, , ,"I guess so, the pandemic is a general problem and I think it affects the whole economy of the state and country at large", , ,2,11,13, ,12,9, ,13,8, ,5,4,4,1,26,1,1, ,1, , ,26,1,1
2/25/2024 13:31:22,2/25/2024 13:53:42,100,1339,1,2/25/2024 13:53:42,R_7GxZqnHt6HcZlbk,37.751,-97.822,EN,1,82,1,4,2,5,7,4,5,2,3,4,3,5,4,3,The housing problem is very important,4,4, , , ,-99, , ,-99, , ,2, , , , ,2,I want the community to build online community forums or platforms,7,1,1,Reading events and competitions,3,As good as gold,2, , , , ,1,5,1,4,3,5,5, , , , , , , , , ,1,3,2,3,1,2,2,3,1,3,-99, , ,-99, , ,-99, , ,I hope that public libraries will provide environmental education resources to encourage environmental awareness and sustainable behavior, , ,1,12,13, ,16,11, ,13,5, ,5,39,39,5,26,1,1, ,1, , ,26,1,8
2/27/2024 12:12:14,2/27/2024 12:27:34,100,919,1,2/27/2024 12:27:34,R_3xEpqbxCjUpDHSd,37.9318,-87.6602,EN,1,66,1,3,6,6,5,5,7,6,3,4,3,2,5,3,I really need the community to help me deal with the extreme weather in my community,6, , , , ,-99, , ,-99, , ,2, , , , ,5,My biggest need during the COVID-19 pandemic is that I want my community to have access to vaccines,3,1,1,Hold literary activities,3,I used the experience very well,2, , , , ,2,-99,-99,-99,-99,-99,-99, , , , , , , , , ,1,3,2,3,1,1,2,1,2,3,-99, , ,-99, , ,-99, , ,I hope the library can offer some online courses and e-books and other online resources so that I can study without leaving home, , ,1,12,12, ,13,10, ,12,4, ,5,38,38,5,26,1,1,1, , , ,26,1,8
2/25/2024 10:26:48,2/25/2024 10:43:57,100,1029,1,2/25/2024 10:43:58,R_656CmtkNN3GQO1r,39.6648,-85.9939,EN,1,62,1,5,3,4,2,7,5,5,7,4,3,4,5,4,I expect my community to be able to provide good health care,8,4, , , ,-99, , ,1, , ,2, , , , ,3,The community offers online fitness classes and exercise resources to help us stay healthy and active at home,7,1,1,My library offers a healthy lifestyle very well,3,I use it very comfortably,2, , , , ,1,3,5,3,2,6,4, , , , , , , , , ,2,3,4,4,2,3,1,2,2,1,-99, , ,-99, , ,-99, , ,"I want the public library to become an important hub of community connection, facilitating communication and cooperation among our owners", , ,1,12,13, ,17,12, ,12,5, ,5,38,38,5,26,1,1, ,1, , ,26,1,8
2/25/2024 10:45:23,2/25/2024 11:04:33,100,1149,1,2/25/2024 11:04:33,R_77tgbkpCBkodaXT,37.9606,-87.5333,EN,1,59,1,2,7,4,6,5,3,5,4,4,2,5,6,5,Finance is what everyone needs I think this is the most important,2,4, , , ,-99, , ,-99, , ,2, , , , ,5,The outbreak has affected me very much and I want to set up an emergency aid program to provide financial and material support to the affected residents.,1,1,1,I joined the community book club. It was fun,3,It was fun. I was very happy,2, , , , ,2,-99,-99,-99,-99,-99,-99, , , , , , , , , ,3,4,2,3,3,1,3,2,1,2,-99, , ,-99, , ,-99, , ,I want the library to provide resources and programs on different cultures and worldviews to promote understanding and respect for cultural diversity, , ,1,12,13, ,14,9, ,12,4, ,5,37,37,5,26,1,1,1,1, , ,26,1,8
2/25/2024 10:26:47,2/25/2024 10:43:59,100,1031,1,2/25/2024 10:43:59,R_67LKIggc7s61w5P,41.4934,-87.3548,EN,1,64,1,5,2,4,3,1,4,1,3,3,6,3,3,1,Transportation is important and I want my community to manage transportation,10,4, , , ,-99, , ,1, , ,2, , , , ,7,I hope the community can provide job opportunities information and vocational training to help some residents cope with unemployment and financial difficulties,4,1,1,I got a lot of benefits from volunteering,3,right,2, , , , ,1,1,6,3,4,5,3, , , , , , , , , ,4,3,4,1,2,2,1,4,2,3,-99, , ,-99, , ,-99, , ,I expect public libraries to offer virtual Tours and exhibitions that enable us to appreciate works of art and culture., , ,1,12,13, ,16,9, , ,4, ,5,36,36,5,26,1,1,1,1, , ,26,1,8
3/1/2024 17:58:13,3/1/2024 18:17:28,100,1154,1,3/1/2024 18:17:28,R_3nHnuVPKDfkW7uA,39.7963,-86.2948,EN,1,67,1,5,5,4,6,3,3,4,5,5,4,3,3,3,Housing issues   Our county has a small number of houses available to purchase   The houses that are available are priced much higher than most in the county can afford   There are also very few rentals properties that are priced reasonably and are safe no mold   no structure issues working heat etc,4,1, , , ,-99, , ,-99, , ,1,Yes substance abuse support,9,Group therapy,1,4,Yes significant decline in doctors and ability to make appointments in a timely manner,3,1,1,After school clubs childrens activities adult book clubs,3,Very satisfied provided a fun and free activity for family,2,5, , , ,1,6,6,4,5,7,6, , , , , , , , , ,4,4,4,4,4,4,4,4,4,4,-99, , ,-99, , ,-99, , ,Public libraries became a central spot to connect with varies social service needs and opportunities, , ,1,11,13, ,16,11, ,12,4, ,5,34 years,34,7,26,1,1, , , , ,26,1,7
2/25/2024 9:21:56,2/25/2024 9:41:12,100,1155,1,2/25/2024 9:41:12,R_55Fu9jL8TCPI95d,39.9714,-86.1295,EN,1,65,1,4,2,7,2,6,4,1,6,5,4,3,5,3,Food is very important and food is very important especially in a pandemic,3,4, , , ,-99, , ,-99, , ,2, , , , ,6,My community does a lot of sanitizing and cleaning during the COVID-19 pandemic,5,1,1,My library offers a lot of services for children that help me a lot,3,The experience was especially good and helped me a great deal,2, , , , ,2,-99,-99,-99,-99,-99,-99, , , , , , , , , ,2,1,3,3,2,3,4,2,2,3,-99, , ,-99, , ,-99, , ,I hope to be able to provide some information resources, , ,1,11,13, ,14,9, ,12,4, ,5,33,33,7,26,1,1, , , , ,26,1,7
2/25/2024 9:21:56,2/25/2024 9:41:12,100,1155,1,2/25/2024 9:41:12,R_1TFzbw0g9jcOJQB,41.6868,-81.3399,EN,1,58,1,2,5,4,3,5,4,3,3,6,5,3,4,4,There are a lot of people suffering from psychological problems during the COVID pandemic so this is very important right now,9,2, , , ,-99, , ,-99, , ,2, , , , ,4,The pandemic affects everyone and I hope that my community can provide guidance to residents so that they can guide social distancing, ,1,1,The library provides a reading club for teenagers very well,3,My children are very happy,2,5, , , ,2,-99,-99,-99,-99,-99,-99, , , , , , , , , ,1,3,4,3,1,2,3,2,2,3,-99, , ,-99, , ,-99, , ,It affects me very much. I hope there is a child service to help me with my children, , ,1,11,13, ,16,12, ,12,5, ,5,32,32,7,26,1,1, , , , ,26,1,7
2/25/2024 11:52:58,2/25/2024 12:13:02,100,1204,1,2/25/2024 12:13:02,R_3mKlwCeHLPu6n80,39.8335,-84.8983,EN,1,61,1,3,1,4,6,2,5,5,7,4,5,3,5,3,Health care because health is important,8,4, , , ,-99, , ,-99, , ,2, , , , ,6,I felt that a community volunteer training program could be developed to provide the necessary skills and knowledge to support the expansion of community service.,1,1,1,Youth activity,3,I like it very much.,2, , , , ,2,-99,-99,-99,-99,-99,-99, , , , , , , , , ,4,2,2,1,3,4,3,1,4,2,-99, , ,-99, , ,-99, , ,"I want public libraries to reflect the cultural diversity of the community, offering a wide range of books and resources from different cultural backgrounds.", , ,1,11,13, ,14,11, ,12,5, ,5,32,32,7,26,1,1, , , , ,26,1,7
3/2/2024 17:15:27,3/2/2024 17:52:36,100,2228,1,3/2/2024 17:52:36,R_1Eb3mwuglOs5Oos,40.4566,-85.3733,EN,1,67,1,7,4,5,4,6,4,4,6,4,2,3,4,2, , , ,5,Transparency 
Other than the town hall meetings there’s no easy way to get information about what’s going on throughout our town. Even with the construction I wish there was more information on dates and times,4,-99,Community get together. Even though we’re a small town small events could bring the town together, ,-99, , ,1,I live in the Main Street with all this construction and my utilities have been effected and access leaving or getting to my house has been horrible. There was a meeting on details but the information was only listed in a Facebook page. Better details would make things easier, ,Reading the meetings the town hall post are okay but maybe a live feed would be easier., ,4,I don’t think covid has personality impacted my family,8,1,1,The library offers story time and a wiggles and giggles class for children interaction. My children love going there weekly/daily. The stuff are so welcoming and helpful. Not only providing activities for the kids but offer computers and printers for those in our community. During they summer they have a reading program to keep the community involved and kids engaged while out of school. Honestly the library is the highlight of the community for my family.,3,Highest level of satisfaction with the library and don’t really have much for suggestion. Only suggestion would be for there to be more room or activities.,2, ,2, , ,3,4,6,4,4,6,6,4, , , , , , , , ,4,4,4,4,4,2,3,4,2,4,-99, , ,-99, , ,-99, , ,No I’ve just recently got involved about two years ago and it hasn’t impacted my experience, , ,1,11,13, ,15,11, ,16,10, ,5,3 years,3,1,26, ,1,1, , , ,26,1,1
2/25/2024 14:13:09,2/25/2024 14:37:05,100,1436,1,2/25/2024 14:37:05,R_1AV3hfdTdUJAeEF,39.9086,-86.121,EN,1,71,1,6,4,3,3,5,4,2,4,5,7,4,5,4,Transportation is very important,10,4, , , ,-99, , ,-99, , ,2, , , , ,6,"I hope the community will set up a family financial assistance program to help affected families, like me, cope with financial difficulties",4,1,1,makerspace,3,Very good experience,2, , , , ,2,-99,-99,-99,-99,-99,-99, , , , , , , , , ,3,1,3,3,2,2,3,3,4,4,-99, , ,-99, , ,-99, , ,I would like to provide an online lending service so that we can access reading materials at home., , ,1,11,13, ,13,10, ,12,5, ,5,29,29,6,26,1,1,1,1, , ,26,1,6
2/25/2024 10:06:08,2/25/2024 10:22:58,100,1009,1,2/25/2024 10:22:58,R_5fIxo05kuHZMJaQ,41.6862,-86.1721,EN,1,74,1,2,7,5,4,2,4,2,4,3,4,3,5,4,Finances are a big deal aren it they,2, , , , ,-99, , ,-99, , ,2, , , , ,4,During the pandemic my community promoted electronic payments and online transactions to reduce the exposure risk of cash transactions, ,1,1,I let my parents go to the senior citizen club provided by the community which was very fun,3,My parents said the club was fun and they were very happy,2,3, , , ,2,-99,-99,-99,-99,-99,-99, , , , , , , , , ,2,1,1,2,4,3,3,2,3,3,-99, , ,-99, , ,-99, , ,I expect public libraries to take measures to maintain social distancing, , ,1,11,12, ,16,11, ,12,4, ,5,29,29,6,26,1,1, ,1, , ,26,1,6
2/25/2024 15:43:36,2/25/2024 16:05:59,100,1343,1,2/25/2024 16:06:00,R_7wACYBvdWQBfJbu,39.7954,-86.2658,EN,1,64,1,3,6,4,7,5,3,2,4,1,5,3,4,5,I think housing is the first thing on this list,4, , , , ,-99, , ,-99, , ,2, , , , ,5,"I want communities to send us regular updates on outbreaks, community policies, and important notifications",5,1,1,Children's story time,3,It feels really good.,2, , , , ,2,-99,-99,-99,-99,-99,-99, , , , , , , , , ,3,2,4,2,1,2,1,4,2,3,-99, , ,-99, , ,-99, , ,I want the community to provide online counseling and support services to help us address personal and social issues, , ,1,11,13, ,16,12, ,13,4, ,5,27,27,6,26,1,1,1,1, , ,26,1,6
2/24/2024 11:39:07,2/24/2024 12:07:00,100,1673,1,2/24/2024 12:07:01,R_3ESWeQuQ5KydiME,39.8335,-84.8983,EN,1,99,1,4,3,2,7,3,3,7,5,5,5,6,4,4,Homelessness,4, , ,"Daycare options that are flexible and affordable especially for single, hardworking moms.",0,-99,"Homelessness, high rent costs",0,-99, , ,1,I witness homeless on daily basis as I move throughout community. It is both sad and scary.,4,Affordable Daycare options are virtually nonexistent for young children with any kind of special needs., ,3,Isolation and increased health needs as a result,1,1,1,Enjoy attending craft days with grand daughter. Recent author/ book talks. I would like to explore yoga.
Excellent variety of books checkout options.,3,Highly satisfied. Would like to see more adult craft class options.,2, ,2, , ,1,6,5,2,5,5,4, , , , , , , , , ,4,4,4,4,3,2,3,4,4,4,-99,Promote appropriate social interaction of children coming to events so services can be enjoyed by all participants., ,-99, , ,-99, , ,"Yes, more isolated now than ever in my life. I need the library services in ways I never did before", , ,1,14,13, ,17,14,"Disability due to transplant, previous public educator/ administrator.",14,4, ,5,2 years,2,1,26,1,1, , , , ,26,1,1
2/21/2024 12:44:44,2/21/2024 13:30:41,100,2757,1,2/21/2024 13:30:42,R_67j7KTZTvFeqbFD,39.6804,-86.1306,EN,1,86,1,3,1,4,1,1,1,4,4,2,1,1,3,1, , , , , , ,-99, , ,-99, , ,2, , , , ,7,"I'm grateful for the essential workers who have been on the front lines, risking their health to keep us safe.",2,1,1,Storytime Sessions,3,The technology access at the library was a lifesaver when my computer broke down.,2,1, , , ,1,7,7,7,4,4,5, , , , , , , , , ,3,3,3,4,4,4,4,4,4,4,-99, , ,-99, , ,-99, , ,"Public libraries have adapted by offering virtual programming, including online book clubs, workshops, and educational activities, to continue serving communities during lockdowns.", , ,1,12,12, ,14,8, ,12,4, ,5,16 years,16,4,26,1,1, ,1, , ,26,1,4
2/20/2024 12:26:22,2/20/2024 13:06:20,100,2397,1,2/20/2024 13:06:21,R_6iyTWvzWSibFW1e,40.5025,-86.1462,EN,1,59,1,4,6,4,5,5,7,6,7,7,6,5,4,4, , , , , , ,-99, , ,-99, , ,2, , , , ,7,"The pandemic has highlighted the role of libraries as advocates for information literacy, empowering individuals to critically evaluate and navigate the vast amount of information available.",5,1,1,Art and Craft Workshops,3,I appreciate the focus on sustainability with the library's environmental initiatives.,2,5, , , ,1,4,7,7,5,4,5, , , , , , , , , ,3,3,3,4,4,3,4,3,4,3,-99, , ,-99, , ,-99, , ,Virtual book clubs and online literary events organized by libraries became crucial in maintaining a sense of cultural connection during lockdowns., , ,1,13,12, ,13,9, ,12,4, ,5,15 years,15,3,26, ,1,1, , , ,26,1,3
2/20/2024 12:26:49,2/20/2024 13:03:02,100,2172,1,2/20/2024 13:03:02,R_3qmyD5bUwnwvrMc,39.8704,-86.2166,EN,1,78,1,4,6,4,4,6,7,5,4,5,7,6,4,5, , , , , , ,-99, , ,-99, , ,2, , , , ,6,"Libraries have proven to be essential partners in disaster response, helping communities cope with emergencies by providing information, resources, and a safe space for those in need.",4,1,1,Health and Wellness Programs,3,Health and wellness programs helped me adopt a healthier lifestyle and manage stress.,2,5, , , ,1,6,5,7,5,7,5, , , , , , , , , ,3,4,3,4,3,3,4,4,4,4,-99, , ,-99, , ,-99, , ,"Libraries embraced inclusivity by ensuring their online services were accessible to all, recognizing the diverse needs of their communities.", , ,1,12,12, ,13,9, ,12,4, ,5,15 years,15,3,26,1,1, ,1, , ,26,1,3
2/24/2024 22:05:42,2/24/2024 22:19:50,100,848,1,2/24/2024 22:19:51,R_30BJ7wiHjzJ7PVB,40.5366,-85.6579,EN,1,67,1,5,6,6,5,2,1,6,4,6,6,4,3,3,There are transportation struggles for getting to doctor appointments,10,1,6,Place for parents to take kids to play (permanent indoor play space),5,6,Community center where teens can hang out for clean fun,5,6,Substance use disorder,0,2, , , , ,5,Increased anxiety.,3,1,1,Meeting with senator staff member.
Children’s programming,3,"We enjoy the kids play space at the library, as well as activities offered",2,5, , , ,1,5,6,2,6,6,5, ,Indoor play space upstairs, , , , , , , ,4,4,4,3,3,3,3,4,4,3,-99, , ,-99, , ,-99, , ,No, , ,1,12,13, ,17,11, ,13,4, ,5,15,15,3,26,1,1, , , , ,26,1,3
2/21/2024 12:44:52,2/21/2024 13:24:43,100,2391,1,2/21/2024 13:24:44,R_5rIY4dGSopbVp9n,39.7954,-86.2658,EN,1,70,1,2,2,1,1,1,4,1,2,2,4,1,4,3, , , , , , ,-99, , ,-99, , ,2, , , , ,4,"The local businesses in our community are struggling, and it's heartbreaking to see.",5,1,1,Book Clubs,3,The community workshop on sustainable gardening inspired me to start my own garden.,2,4, , , ,1,7,4,5,6,6,6, , , , , , , , , ,4,3,3,4,4,4,4,3,4,3,-99, , ,-99, , ,-99, , ,"The shift towards remote work and online learning has increased the demand for digital resources, and libraries have responded by expanding their e-book collections and online databases.", , ,1,11,12, ,13,9, ,12,5, ,5,14 years,14,3,26, ,1,1,1, , ,26,1,3
2/20/2024 15:18:47,2/20/2024 15:41:27,100,1360,1,2/20/2024 15:41:27,R_5pWAPMnHlXaHx9E,39.1406,-84.8688,EN,1,90,1,7,5,7,4,7,4,6,6,7,4,6,7,6, , , , , , ,-99, , ,-99, , ,2, , , , ,5,"The pandemic highlighted disparities in access to resources, with some neighborhoods facing greater challenges than others.",1,1,1,Book Clubs,3,I successfully passed my citizenship exam with the support and guidance from the library's classes.,2,1, , , ,1,5,7,7,6,6,5, , , , , , , , , ,4,4,4,3,3,4,3,3,3,4,-99, , ,-99, , ,-99, , ,"The pandemic highlighted the adaptability of libraries, showcasing their ability to pivot quickly and continue serving the community despite challenging circumstances.", , ,1,12,12, ,13,8, ,12,6, ,5,13 years,13,3,26,1,1,1,1, , ,26,1,3
2/20/2024 14:38:47,2/20/2024 15:04:09,100,1521,1,2/20/2024 15:04:09,R_52ZwTp6OiSQ48Df,38.455,-85.6608,EN,1,82,1,5,5,7,7,6,7,4,5,7,4,4,5,6, , , , , , ,-99, , ,-99, , ,2, , , , ,6,"The shift to online learning has been tough for students, parents, and teachers in my community.",5,1,1,Storytelling Sessions,3,I regularly use the library's language learning materials to enhance my language skills.,2,2, , , ,1,4,6,6,4,4,6, , , , , , , , , ,4,3,3,3,3,4,4,3,3,4,-99, , ,-99, , ,-99, , ,"The pandemic has underscored the role of libraries in addressing mental health concerns, offering resources and programs to support well-being.", , ,1,11,12, ,13,9, ,12,5, ,5,12 years,12,3,26, ,1, ,1, , ,26,1,3
2/24/2024 12:13:41,2/24/2024 12:23:13,100,572,1,2/24/2024 12:23:14,R_3PigbSP8TDQLGOT,39.8335,-84.8983,EN,1,99,1,5,3,2,6,1,2,2,2,4,7,7,2,2,Need more opportunities,2,2,7,Opportunities, ,-99,Stuff to entertain the community,7,-99,Affordable housing,0,1,Trying to provide affordable housing,4, , ,1,No,8,1,1,Just activities for the kids,3,Awesome,2, , , , ,3,7,7,7,7,7,4,4, , ,4, , ,4, , ,4,4,4,4,4,4,4,3,4,4,1, , ,1, , ,1, , ,No, , ,1,11,12, ,11,14,Entrepreneur,16,4, ,9,12,12,3,26,1,1,1,1, , ,26,1,3
2/20/2024 14:38:59,2/20/2024 15:07:44,100,1724,1,2/20/2024 15:07:44,R_6WnpPgaJwduV7uF,41.0513,-85.1066,EN,1,64,1,7,5,5,4,7,5,4,5,5,7,7,5,4, , , , , , ,-99, , ,-99, , ,2, , , , ,7,Local artists and performers have struggled due to the cancellation of events and performances.,7,1,1,Book Clubs,3,The mental health resources at the library offered valuable guidance during a challenging time.,2,6, , , ,1,7,4,7,6,6,6, , , , , , , , , ,4,4,3,3,4,4,3,3,3,4,-99, , ,-99, , ,-99, , ,"Public libraries have become central in addressing the ""digital divide"" by providing technology access to those who may not have it at home.", , ,1,11,12, ,15,9, ,12,4, ,5,11 years,11,3,26,1,1,1,1, , ,26,1,3
2/20/2024 12:25:13,2/20/2024 13:00:19,100,2105,1,2/20/2024 13:00:20,R_1kjGZPOny5yyVkI,39.6757,-86.0694,EN,1,62,1,6,5,5,7,4,6,4,5,6,4,6,6,5, , , , , , ,-99, , ,-99, , ,2, , , , ,6,"The shift to remote work and online education has underscored the importance of libraries in providing free access to Wi-Fi, computers, and other essential tools for those who lack them at home.",6,1,1,Storytelling Sessions,3,Attending a cultural event at the library introduced me to diverse perspectives and traditions.,2,1, , , ,1,5,4,5,6,4,7, , , , , , , , , ,4,3,3,3,3,4,3,4,4,3,-99, , ,-99, , ,-99, , ,"The crisis emphasized the importance of libraries in supporting education, as they provided remote learning resources for students facing school closures.", , ,1,11,12, ,12,11, ,12,4, ,5,10 years,10,2,26,1,1,1,1, , ,26,1,2
2/21/2024 12:45:06,2/21/2024 13:21:45,100,2199,1,2/21/2024 13:21:46,R_1DT2xqx95XN0H9n,39.7891,-85.8094,EN,1,80,1,4,3,4,1,3,3,1,2,2,4,4,2,4, , , , , , ,-99, , ,-99, , ,2, , , , ,5,It's challenging to find a balance between staying informed and avoiding information overload., ,1,1,Art and Creativity Programs,3,The library's emergency preparedness resources helped me create a solid plan for my family.,2,5, , , ,1,5,7,5,6,4,7, , , , , , , , , ,3,4,4,4,3,3,4,3,3,4,-99, , ,-99, , ,-99, , ,"The need for homeschooling support has led libraries to enhance their educational resources, providing materials for parents and students adapting to remote learning.", , ,1,12,12, ,12,11, ,12,4, ,5,10 years,10,2,26,1,1,1, , , ,26,1,2
2/20/2024 12:25:47,2/20/2024 13:06:51,100,2463,1,2/20/2024 13:06:51,R_1HSNkhxMHOVaRjP,41.107,-85.0663,EN,1,86,1,6,4,5,7,6,6,4,7,5,6,4,5,6, , , , , , ,-99, , ,-99, , ,2, , , , ,5,"Public libraries have become essential partners in public health initiatives, serving as vaccination and testing centers and disseminating important health information to the community.",3,1,1,Community Meeting Spaces,4,The community meeting space allowed our group to plan local initiatives effectively.,2,7, , , ,1,4,6,6,5,4,7, , , , , , , , , ,3,4,4,4,3,3,3,4,3,3,-99, , ,-99, , ,-99, , ,"Libraries played a role in mental health support, offering resources and programs to help individuals cope with the stress and uncertainty of the times.", , ,1,11,12, ,13,9, ,12,5, ,5,9 years,9,2,26,1,1, ,1, , ,26,1,2
2/20/2024 15:16:20,2/20/2024 15:44:31,100,1690,1,2/20/2024 15:44:31,R_1e8J8udkRbh84Nl,39.4642,-87.3531,EN,1,92,1,7,7,6,4,4,4,4,7,7,5,6,7,5, , , , , , ,-99, , ,-99, , ,2, , , , ,6,"The loss of social gatherings and events impacted the cultural fabric of our community, affecting local artists and performers.",7,1,1,Community Gardens,4,Navigating social services was less daunting with the library's helpful assistance.,2,6, , , ,1,6,7,5,4,7,5, , , , , , , , , ,3,3,3,3,3,3,4,4,4,3,-99, , ,-99, , ,-99, , ,"The pandemic underscored the social equity aspect of library services, prompting a reevaluation of how libraries can address systemic issues and support marginalized communities.", , ,1,11,12, ,13,8, ,12,5, ,5,9 years,9,2,26, ,1,1,1, , ,26,1,2
2/21/2024 12:02:55,2/21/2024 12:41:15,100,2300,1,2/21/2024 12:41:16,R_3ZID5vEpq0B7E9w,38.0858,-85.651,EN,1,73,1,1,2,2,4,1,1,3,1,1,2,4,3,3, , , , , , ,-99, , ,-99, , ,2, , , , ,7,I've become more aware of the importance of local businesses and have made an effort to support them.,5,1,1,Community Outreach,4,The library's engagement with local organizations enhanced our community spirit.,2,7, , , ,1,7,4,5,4,6,4, , , , , , , , , ,4,3,4,3,4,4,4,4,3,4,-99, , ,-99, , ,-99, , ,"Libraries have provided a sense of community during social isolation, hosting virtual book clubs and discussion groups.", , ,1,13,12, ,14,9, ,12,5, ,5,9 years,9,2,26, ,1,1,1, , ,26,1,2
2/21/2024 12:46:02,2/21/2024 13:25:29,100,2367,1,2/21/2024 13:25:30,R_1zRMnCnGVHK8wYP,41.7454,-86.1387,EN,1,75,1,2,4,3,3,1,4,4,3,3,4,1,2,2, , , , , , ,-99, , ,-99, , ,2, , , , ,7,I'm concerned about the impact of the pandemic on our children's social development.,1,1,1,Cultural Events,4,I appreciate the library's efforts in organizing cultural events that bring our community together.,2,7, , , ,1,7,5,4,5,6,6, , , , , , , , , ,4,4,4,4,3,4,4,3,3,4,-99, , ,-99, , ,-99, , ,"The pandemic has highlighted the adaptability of libraries, as they quickly embraced new technologies and digital platforms to continue serving patrons in a changing environment.", , ,1,11,12, ,13,9, ,12,4, ,5,9 years,9,2,26,1,1,1, , , ,26,1,2
2/21/2024 12:46:54,2/21/2024 13:23:49,100,2214,1,2/21/2024 13:23:50,R_7n3nAe8p1BbPJW5,39.4867,-86.4605,EN,1,98,1,3,3,2,3,4,3,4,2,1,3,1,2,3, , , , , , ,-99, , ,-99, , ,2, , , , ,7,We need more mental health resources and support services in our community.,3,1,1,Emergency Preparedness,4,The library's environmental initiatives inspired me to adopt more sustainable practices.,2,4, , , ,1,5,7,4,6,6,7, , , , , , , , , ,3,4,4,3,4,4,3,4,4,4,-99, , ,-99, , ,-99, , ,"The pandemic has prompted libraries to reevaluate their physical spaces, ensuring they are safe and conducive to social distancing while still providing valuable services.", , ,1,11,12, ,13,11, ,12,4, ,5,9 years,9,2,26, ,1, ,1, , ,26,1,2
2/21/2024 12:50:50,2/21/2024 13:24:13,100,2003,1,2/21/2024 13:24:14,R_3yubQDWzA21o63v,39.7436,-86.1158,EN,1,77,1,1,2,2,3,3,4,4,1,2,2,2,2,3, , , , , , ,-99, , ,-99, , ,2, , , , ,4,"I lost my job due to COVID, and now I'm struggling to make ends meet.",4,1,1,Community Workshops,4,Attending the financial literacy workshop at the library gave me valuable insights into managing my finances.,2,3, , , ,1,7,7,6,4,6,7, , , , , , , , , ,4,4,3,3,4,3,4,3,4,3,-99, , ,-99, , ,-99, , ,"With many people facing economic challenges, public libraries have become essential in offering job search assistance, resume building, and online skill development programs.", , ,1,13,12, ,13,12, ,12,4, ,6,9 years,9,2,26,1,1, ,1, , ,26,1,2
2/20/2024 14:08:53,2/20/2024 14:33:06,100,1453,1,2/20/2024 14:33:07,R_3SBpZE4ZKoaVRIS,40.0538,-86.1433,EN,1,61,1,6,5,7,4,7,6,7,4,4,4,5,5,5, , , , , , ,-99, , ,-99, , ,2, , , , ,6,"The vaccination rollout has been a beacon of hope, offering a pathway toward returning to a sense of normalcy.",3,1,1,Cultural Programs,4,The library's legal resources helped me navigate a legal issue without needing a lawyer.,2,6, , , ,1,7,5,4,7,7,7, , , , , , , , , ,3,3,3,3,3,4,4,3,3,3,-99, , ,-99, , ,-99, , ,"Community outreach became a priority, with libraries engaging in partnerships to deliver essential services like food distribution and vaccination information.", , ,1,11,12, ,14,10, ,12,4, ,5,8 years,8,2,26, ,1,1,1, , ,26,1,2
2/21/2024 12:06:02,2/21/2024 12:36:37,100,1834,1,2/21/2024 12:36:37,R_5WNQd3DC9pJ37LH,39.6757,-86.0694,EN,1,92,1,3,1,4,3,2,4,1,3,4,2,2,4,1, , , , , , ,-99, , ,-99, , ,2, , , , ,6,"Travel restrictions have limited my ability to connect with friends and family, causing a sense of isolation.",1,1,1,Civic Engagement,4,The library's voter registration drive motivated me to participate more actively in local elections.,2,7, , , ,1,4,5,5,7,4,6, , , , , , , , , ,4,3,4,3,4,4,3,4,3,3,-99, , ,-99, , ,-99, , ,"The shift towards remote work has increased the demand for libraries as spaces for quiet, focused work outside the home.", , ,1,11,12, ,14,11, ,12,4, ,5,8 years,8,2,26,1,1,1,1, , ,26,1,2
2/20/2024 11:47:03,2/20/2024 12:19:49,100,1965,1,2/20/2024 12:19:49,R_3pJyHQklWWfIpP8,39.7954,-86.2658,EN,1,91,1,5,4,6,4,7,5,5,4,6,7,5,7,5, , , , , , ,-99, , ,-99, , ,2, , , , ,7,Virtual events have become a lifeline for maintaining social connections.,1,1,1,Senior Services,4,The library's senior book club is a fantastic way for my grandmother to stay socially engaged and intellectually stimulated.,2,2, , , ,1,7,5,5,7,7,5, , , , , , , , , ,4,3,4,3,3,4,3,3,3,3,-99, , ,-99, , ,-99, , ,"Emergency response efforts saw libraries transform into coordination centers, aiding communities in accessing essential services during lockdowns.", , ,1,11,12, ,13,11, ,12,4, ,5,7 years,7,2,26,1,1,1,1, , ,26,1,2
2/20/2024 11:47:56,2/20/2024 12:16:10,100,1693,1,2/20/2024 12:16:11,R_6lR2vf5pozgi8lL,39.2318,-85.8884,EN,1,100,1,4,7,7,4,6,5,5,5,7,7,7,7,7, , , , , , ,-99, , ,-99, , ,2, , , , ,4,"Working from home has been a mixed bag – more flexibility, but I miss the office interactions.",1,1,1,Community Events,4,I thoroughly enjoyed the book club discussions at the library; it created a sense of community among avid readers.,2,2, , , ,1,4,7,5,4,6,4, , , , , , , , , ,4,4,3,3,3,3,4,4,4,3,-99, , ,-99, , ,-99, , ,"With physical distancing measures, libraries adapted by facilitating contactless services, reinforcing their commitment to public safety.", , ,1,12,12, ,13,9, ,12,5, ,5,7 years,7,2,26,1,1, ,1, , ,26,1,2
2/20/2024 14:40:48,2/20/2024 15:04:57,100,1448,1,2/20/2024 15:04:57,R_5r08a23Kcvpnww8,41.0513,-85.1066,EN,1,72,1,6,4,6,4,4,5,6,5,7,7,4,7,6, , , , , , ,-99, , ,-99, , ,2, , , , ,6,The importance of healthcare workers and essential personnel has been magnified during this time.,3,1,1,Senior Programs,4,The tutoring services at the library played a crucial role in improving my academic performance.,2,3, , , ,1,4,7,6,5,7,4, , , , , , , , , ,3,4,3,3,4,3,3,4,3,3,-99, , ,-99, , ,-99, , ,The pandemic has increased awareness of libraries as providers of reliable information in an era of information overload., , ,1,12,12, ,14,11, ,12,5, ,5,7 years,7,2,26, ,1,1,1, , ,26,1,2
2/21/2024 12:47:12,2/21/2024 13:30:13,100,2580,1,2/21/2024 13:30:13,R_5bEpBoXubbNXsD7,39.9714,-86.1295,EN,1,86,1,2,4,3,4,3,4,2,3,2,2,4,1,2, , , , , , ,-99, , ,-99, , ,2, , , , ,5,The importance of kindness and understanding in our community has never been more evident., ,1,1,Environmental Initiatives,4,The library's digital literacy programs equipped me with the skills needed for the modern workplace.,2,4, , , ,1,5,5,7,4,4,7, , , , , , , , , ,4,3,4,4,3,3,3,3,4,3,-99, , ,-99, , ,-99, , ,"The demand for mental health resources has led libraries to collaborate with mental health professionals, offering virtual counseling sessions, workshops, and resources.", , ,1,12,12, ,14,10, ,12,4, ,5,7 years,7,2,26, ,1, ,1, , ,26,1,2
2/20/2024 11:46:27,2/20/2024 12:21:13,100,2085,1,2/20/2024 12:21:13,R_6wu7FsmjZBHh2db,41.2437,-85.8528,EN,1,79,1,7,4,5,5,5,5,6,7,6,4,4,6,6, , , , , , ,-99, , ,-99, , ,2, , , , ,7,The pandemic forced me to reevaluate my priorities and focus on what truly matters., ,1,1,Cultural Programs,4,Attending the library's cultural events exposed me to diverse art forms and traditions.,2,2, , , ,1,4,7,4,4,7,4, , , , , , , , , ,3,3,3,4,3,4,3,3,4,3,-99, , ,-99, , ,-99, , ,"Libraries became advocates for inclusivity, ensuring that marginalized communities had equal access to resources and support during the pandemic.", , ,1,12,12, ,15,11, ,12,4, ,5,6 years,6,2,26,1,1,1,1, , ,26,1,2
2/20/2024 15:15:09,2/20/2024 15:46:39,100,1890,1,2/20/2024 15:46:40,R_75MyO1vrQMMJVXX,39.4642,-87.3531,EN,1,89,1,5,4,7,7,6,5,5,6,7,4,5,7,7, , , , , , ,-99, , ,-99, , ,2, , , , ,7,Volunteering at vaccination clinics became a way for me to contribute to our community's recovery efforts.,1,1,1,Senior Services,4,The legal aid clinic at the library helped me navigate a legal issue without breaking the bank.,2,6, , , ,1,7,4,6,6,4,6, , , , , , , , , ,3,3,3,4,4,4,3,3,3,4,-99, , ,-99, , ,-99, , ,"With the shift to remote work and learning, libraries became key players in providing Wi-Fi access and technology resources for those without reliable internet at home.", , ,1,13,12, ,13,11, ,12,4, ,5,6 years,6,2,26, ,1,1,1, , ,26,1,2
2/21/2024 12:06:04,2/21/2024 12:32:10,100,1565,1,2/21/2024 12:32:11,R_5mCnGo9wNiUluWB,39.909,-85.9235,EN,1,65,1,3,1,1,1,4,2,2,3,3,2,2,2,1, , , , , , ,-99, , ,-99, , ,2, , , , ,6,The pandemic has underscored the significance of reliable and accurate information in times of crisis.,5,1,1,Senior Services,4,My elderly relative benefited from the library's technology assistance for seniors.,2,3, , , ,1,4,5,7,4,4,7, , , , , , , , , ,4,4,3,4,4,3,3,3,3,4,-99, , ,-99, , ,-99, , ,"The pandemic has underscored the role of libraries in fostering social connections, even in times of physical distancing.", , ,1,11,12, ,15,9, ,12,4, ,5,6 years,6,2,26, ,1, ,1, , ,26,1,2
2/20/2024 14:39:42,2/20/2024 15:06:10,100,1587,1,2/20/2024 15:06:11,R_5wEW4C9m3zKWoIy,41.0513,-85.1066,EN,1,67,1,7,4,7,7,5,7,5,4,7,6,7,7,4, , , , , , ,-99, , ,-99, , ,2, , , , ,6,"The vaccination rollout has brought a mix of hope and challenges, with concerns about equitable distribution.",3,1,1,Environmental Initiatives,4,"The library's senior services, including tech assistance, have been a lifeline for my elderly parents.",2,2, , , ,1,6,5,5,6,6,6, , , , , , , , , ,4,4,4,3,4,3,3,3,4,3,-99, , ,-99, , ,-99, , ,"The shift towards online services has prompted libraries to enhance their cybersecurity measures, ensuring the safety of user data.", , ,1,12,12, ,15,10, ,12,4, ,5,5 years,5,1,26, ,1, ,1, , ,26,1,1
2/21/2024 12:05:11,2/21/2024 12:41:46,100,2195,1,2/21/2024 12:41:47,R_5AWjbypNeTPQL5y,41.4253,-87.3565,EN,1,64,1,2,3,2,1,1,1,3,1,2,2,4,2,3, , , , , , ,-99, , ,-99, , ,2, , , , ,4,Job insecurity and economic instability have been major concerns for individuals and families in my community.,4,1,1,Environmental Initiatives,4,I became more environmentally conscious through the library's sustainability programs.,2,4, , , ,1,7,4,4,6,7,7, , , , , , , , , ,3,4,3,4,4,3,3,3,4,3,-99, , ,-99, , ,-99, , ,"Libraries have become key partners in public health campaigns, disseminating information on preventive measures and health guidelines.", , ,1,11,12, ,15,9, ,12,4, ,5,5 years,5,1,26,1,1, ,1, , ,26,1,1
2/25/2024 10:45:23,2/25/2024 11:04:33,100,1150,1,2/25/2024 11:04:33,R_7YuhJWCxtQz15pg,39.903,-86.0636,EN,1,72,1,2,6,3,1,4,3,3,2,3,4,3,4,3,Food Food is the most important thing,3,4, , , ,-99, , ,-99, , ,2, , , , ,5,The epidemic is my suggestion that communities organize online celebrations to be happy even if it is very difficult,1,1,1,"I am a painter community and providing writers and artists with the opportunity to showcase their work, create space and promote has been very helpful to me",4,It's very helpful for me to make money, , , , , ,2,-99,-99,-99,-99,-99,-99, , , , , , , , , ,3,4,2,3,1,2,1,3,3,2,-99, , ,-99, , ,-99, , ,"I expect libraries to offer virtual Tours, allowing us to view museums, exhibitions and places of interest remotely.", , ,1,12,12, ,16,12, ,12,5, ,5,41,41,5,26,1,1,1, , , ,26,1,9
2/25/2024 10:45:23,2/25/2024 11:04:33,100,1149,1,2/25/2024 11:04:33,R_3R2Ihz08UPgHkA0,41.4253,-87.3565,EN,1,80,1,3,2,5,6,4,3,6,5,4,6,4,7,4,I need my digital skills a lot,12, , , , ,-99, , ,-99, , ,2, , , , ,6,I want to increase the frequency of community security patrols to keep us safe and secure.,1,1,1,Our community provides personal development resources that I have used very useful,4,great,2, , , , ,2,-99,-99,-99,-99,-99,-99, , , , , , , , , ,3,2,4,2,3,1,2,4,3,2,-99, , ,-99, , ,-99, , ,I expect the library to promote the idea and practice of sustainable development, , ,1,12,13, ,16,9, ,12,5, ,5,38,38,5,26,1,1,1, , , ,26,1,8
2/25/2024 9:43:48,2/25/2024 10:02:24,100,1116,1,2/25/2024 10:02:25,R_6mWdN4sa8WKIGW1,39.4057,-87.4026,EN,1,58,1,1,4,4,2,3,5,4,5,7,4,5,3,5,Mental health is important I think it is important,9,4, , , ,-99, , ,-99, , ,2, , , , ,4,My family and I were in desperate need of medicine during the pandemic and thankfully my community provided us with it,3,1,1,Our library organizes community activities,4,As good as gold,2, , , , ,1,6,4,6,3,5,3, , , , , , , , , ,3,2,4,4,3,2,1,2,1,3,-99, , ,-99, , ,-99, , ,"I want to be able to access digital resources such as electronic books, magazines and newspapers through public libraries", , ,1,12,13, ,16,10, ,12,5, ,5,37,37,5,26,1,1,1, , , ,26,1,8
2/25/2024 12:50:34,2/25/2024 13:10:27,100,1192,1,2/25/2024 13:10:28,R_56lwTtSkYGOerM5,41.1954,-85.1177,EN,1,63,1,3,6,4,2,4,6,4,3,5,3,5,6,6,Extreme weather benefits are very important to me,6,4, , , ,-99, , ,-99, , ,2, , , , ,4,"I hope the community will promote and provide online health consultation and remote diagnosis services, and reduce face-to-face contact",3,1,1,Networking and discussion activities,4,great,2, , , , ,1,5,6,2,5,3,5, , , , , , , , , ,2,4,3,2,2,1,2,3,3,4,-99, , ,-99, , ,-99, , ,"I expect public libraries to provide entrepreneurship support, such as entrepreneurship training, resource guidance, etc.", , ,1,11,12, ,14,12, ,12,4, ,5,30,30,6,26,1,1, ,1, , ,26,1,6
2/20/2024 12:25:02,2/20/2024 13:02:11,100,2229,1,2/20/2024 13:02:12,R_6CQnAufy64nE7Nd,39.786,-86.1589,EN,1,85,1,4,6,7,5,7,5,4,6,7,7,7,5,4, , , , , , ,-99, , ,-99, , ,2, , , , ,6,"The pandemic has highlighted the crucial role of public libraries as information hubs, providing accurate and reliable resources on public health and safety.",3,1,1,Environmental Initiatives,4,Attending a technology access program broadened my understanding of digital tools.,2,3, , , ,1,7,5,7,5,4,5, , , , , , , , , ,3,3,4,4,4,3,3,4,3,3,-99, , ,-99, , ,-99, , ,"The pandemic highlighted the crucial role of public libraries as information hubs, providing accurate and timely resources on health and safety measures.", , ,1,12,12, ,12,8, ,12,4, ,5,21 years,21,5,26,1,1,1,1, , ,26,1,5
2/28/2024 7:37:00,2/28/2024 7:39:25,100,145,1,2/28/2024 7:39:26,R_7gHmiMEhAFw79yr,38.6717,-87.5128,EN,1,78,1,4,5,3,4,4,5,2,3,4,6,4,5,4,Road infrastructure is inadequate to cope with the growing demand for traffic,10,1, , , ,-99, , ,-99, , ,2, , , , ,6,Increased demand for mental health support and counseling.,3,1,1,Participated in workshops on self-help for mental health.,4,I hope to receive more detailed answers to better understand the situation., , , , , ,1,5,3,6,4,5,6, , , , , , , , , ,2,3,4,3,2,3,3,2,4,3,-99, , ,-99, , ,-99, , ,"Unable to go to the public library during the epidemic, I hope they can offer more online borrowing services.", , ,1,12,13, ,16,8, ,12,5, ,5,20 years,20,4,26,1,1,1,1, , ,26,1,4
3/2/2024 21:13:47,3/2/2024 21:26:25,100,758,1,3/2/2024 21:26:26,R_3hm5u8uZEcDGxjm,34.0544,-118.2441,EN,1,55,1,2,3,1,3,1,3,3,3,2,2,1,1,2,daycare children,7, , , , ,-99, , ,-99, , ,-99, , , , ,6, , ,1,1,cultural center,4,Very satisfied..,2, , , , ,1,6,7,7,7,7,6, , , , , , , , , ,4,4,4,4,4,4,4,4,4,4,-99, , ,-99, , ,-99, , , , , ,1,11,13, ,16,11, ,12,4, ,4,20 years,20,4,26,1,1,1, , , ,26,1,4
2/20/2024 12:25:55,2/20/2024 13:05:18,100,2362,1,2/20/2024 13:05:18,R_7mecjd4nmiLzJBv,41.3525,-86.3061,EN,1,58,1,6,5,6,5,4,7,6,4,7,4,4,7,4, , , , , , ,-99, , ,-99, , ,2, , , , ,7,"The pandemic has highlighted the importance of public libraries in promoting mental health and well-being by offering resources on stress management, coping strategies, and virtual support groups.",1,1,1,Cultural Events,4,"I participated in a community gardening project organized by the library, fostering teamwork.",2,7, , , ,1,4,7,4,6,6,5, , , , , , , , , ,4,4,4,4,3,3,3,4,4,4,-99, , ,-99, , ,-99, , ,"Public libraries evolved into crisis response centers, offering assistance with unemployment resources, government aid, and other pandemic-related challenges.", , ,1,11,12, ,12,10, ,12,4, ,5,17 years,17,4,26, ,1,1, , , ,26,1,4
2/20/2024 14:09:52,2/20/2024 14:33:26,100,1414,1,2/20/2024 14:33:27,R_5m2EsP7GLrvMe8C,39.2051,-85.9324,EN,1,57,1,5,4,4,6,6,5,4,5,5,4,7,7,7, , , , , , ,-99, , ,-99, , ,2, , , , ,4,"Social distancing and isolation have taken a toll on the sense of community, but people are finding creative ways to stay connected.",3,1,1,Artistic Expression,4,The mental health resources at the library provided valuable information during a challenging time.,2,5, , , ,1,6,4,7,5,4,6, , , , , , , , , ,3,4,3,3,4,3,3,3,3,4,-99, , ,-99, , ,-99, , ,"Library staff became community connectors, reaching out to vulnerable populations to provide support and ensure that no one was left behind.", , ,1,12,12, ,14,10, ,12,4, ,5,17 years,17,4,26,1,1, , , , ,26,1,4
2/20/2024 14:40:18,2/20/2024 15:06:35,100,1577,1,2/20/2024 15:06:36,R_6som4ax8qpUKd0f,38.455,-85.6608,EN,1,95,1,5,5,5,7,7,4,6,7,5,4,5,5,5, , , , , , ,-99, , ,-99, , ,2, , , , ,4,"The pandemic has highlighted the importance of community support, and I've tried to contribute by volunteering where I can.",1,1,1,Community Events,4,Attending a community event at the library introduced me to local cultural diversity.,2,7, , , ,1,5,7,6,6,5,6, , , , , , , , , ,4,3,4,4,3,4,4,4,3,4,-99, , ,-99, , ,-99, , ,"The pandemic has emphasized the importance of libraries in promoting digital literacy, as online information became a primary source for many.", , ,1,11,12, ,13,11, ,12,5, ,5,16 years,16,4,26,1,1, ,1, , ,26,1,4
2/28/2024 10:47:33,2/28/2024 11:16:36,100,1743,1,2/28/2024 11:16:37,R_1ggh5FNHDFdnoEV,41.378,-85.6026,EN,1,66,1,5,3,5,3,4,3,5,5,4,6,5,3,4,The lack of a safe walking and cycling road network can make walking and cycling less convenient,10,1, , , ,-99, , ,-99, , ,2, , , , ,6,Guidance on vaccination locations and information.,5,1,1,Participated in health lectures tailored to different age groups.,4,"My expectations of the service vary, resulting in different feedback experiences.",1, , , , ,1,4,6,5,5,6,3, , , , , , , , , ,4,2,3,3,2,3,4,3,3,2,-99, , ,-99, , ,-99, , ,The epidemic made me cherish the free reading materials provided by public libraries even more., , ,1,12,13, ,16,10, ,12,4, ,5,15 years,15,3,26,1,1, , , , ,26,1,3
2/28/2024 10:28:23,2/28/2024 10:31:30,100,187,1,2/28/2024 10:31:31,R_37O2Tb0dyeL1iix,41.1954,-85.1177,EN,1,87,1,4,5,3,4,6,4,5,3,4,3,5,4,5,Children educated in public schools have the opportunity to socialize with classmates from different backgrounds and develop good communication and social skills,5, , , , ,-99, , ,-99, , ,2, , , , ,6,Increased need for public health facilities and hygiene equipment in the community.,3,1,1,Engaged in discussions on diet and health.,4,"When facing complex problems, I may need to wait patiently for answers, so the experience is average.",2, , , , ,1,5,4,5,3,6,4, , , , , , , , , ,2,3,3,4,3,4,3,2,3,4,-99, , ,-99, , ,-99, , ,The epidemic has made me understand the indispensable role of public libraries in community education., , ,1,13,13, ,17,10, ,12,4, ,5,15 years,15,3,26,1,1,1,1, , ,26,1,3
2/16/2024 17:01:30,2/16/2024 17:15:00,100,809,1,2/16/2024 17:15:01,R_7otMkp6jfjNgEdP,41.0662,-86.2385,EN,1,79,1,2,3,2,3,2,1,4,2,3,4,3,4,4,Caregiving because older adults are such a large growing portion of the population 
It can be hard to find services in rural areas and resources for stress related to caregiving are lacking,7,2,6,High poverty,0,-99, , ,-99, , ,1,"I have 4 kids in a public school and I see the struggle of the schools to attract and retain quality educators
Quality health care has become increasingly a more complicated issue, as the only OBGYN services in Plymouth have closed and quality emergency care is 45 minutes away in South Bend",5,"I support the school through their PTO, which supports teachers, parents and students through free, engaging programs, supporting curriculums and encouraging/rewarding teachers",2,5,"The main continued impact from the COVID pandemic is the high cost of food, especially in feeding a family of 6.",4,1,1,The library occasionally has a community fair or expo which I've attended to get resources on programs.,4, , , , , , ,1,7,7,7,7,7,7, , , , , , , , , ,4,4,4,3,4,2,3,3,3,3,-99, , ,-99, , ,-99, , ,"I think an opportunity exists for libraries to improve their identity as a community hub, which can include resource information on social services.", , ,1,12,13, ,17,11, ,12,4, ,5,15 years,15,3,25, , , , , , ,26,1,3
2/20/2024 14:09:40,2/20/2024 14:34:04,100,1463,1,2/20/2024 14:34:05,R_6gi33IFfDE5bvgD,38.538,-86.6121,EN,1,94,1,4,7,7,6,6,4,4,6,4,4,5,4,5, , , , , , ,-99, , ,-99, , ,2, , , , ,6,"My community has come together to support each other during these challenging times, which has been heartening.",1,1,1,Community Workshops,4,The library's job assistance program was crucial in landing my first job after college.,2,5, , , ,1,4,4,4,6,4,4, , , , , , , , , ,4,3,4,4,4,4,3,3,4,3,-99, , ,-99, , ,-99, , ,"With physical distancing measures in place, libraries adapted by enhancing their digital offerings, showcasing their resilience and commitment to serving the community.", , ,1,12,12, ,13,10, ,12,4, ,5,15 years,15,3,26,1,1, , , , ,26,1,3
2/20/2024 14:10:05,2/20/2024 14:36:23,100,1577,1,2/20/2024 14:36:24,R_6RtrH4jQnzuaXnj,40.5025,-86.1462,EN,1,90,1,4,4,4,4,5,7,5,4,7,6,6,5,7, , , , , , ,-99, , ,-99, , ,2, , , , ,5,The pandemic has highlighted the importance of healthcare and the need for better preparedness for future global health crises.,3,1,1,Senior Outreach,4,I found the language learning resources at the library invaluable for picking up a new language.,2,3, , , ,1,6,7,7,6,5,6, , , , , , , , , ,4,3,3,3,3,3,4,3,3,4,-99, , ,-99, , ,-99, , ,"Public libraries stepped up as reliable sources for fact-checking and dispelling misinformation, contributing to community well-being.", , ,1,13,12, ,14,11, ,12,6, ,5,15 years,15,3,26, ,1, ,1, , ,26,1,3
2/20/2024 14:39:52,2/20/2024 15:08:39,100,1726,1,2/20/2024 15:08:39,R_6SrvmNPcpcA6U63,41.0513,-85.1066,EN,1,97,1,5,4,5,7,5,7,6,4,5,7,4,5,6, , , , , , ,-99, , ,-99, , ,2, , , , ,6,"Technology has played a crucial role in keeping people connected, but it also highlights the digital divide in my community.",1,1,1,Entrepreneurial Support,4,Art workshops at the library provided an outlet for my creative expression.,2,4, , , ,1,7,7,7,4,7,4, , , , , , , , , ,4,4,4,4,3,3,4,3,4,3,-99, , ,-99, , ,-99, , ,"Libraries have showcased their role as partners in public health initiatives, disseminating information on vaccinations and preventive measures.", , ,1,11,12, ,13,9, ,12,4, ,5,14 years,14,3,26,1,1, ,1, , ,26,1,3
2/20/2024 15:17:02,2/20/2024 15:45:02,100,1679,1,2/20/2024 15:45:02,R_3JKcOqyHp4CVGkF,40.171,-85.378,EN,1,79,1,5,6,7,6,7,4,5,7,5,4,6,7,4, , , , , , ,-99, , ,-99, , ,2, , , , ,7,"The pandemic underscored the importance of accessible healthcare, and our community began advocating for better healthcare resources.",3,1,1,Cultural Events,4,Access to free internet and computers at the library was a lifesaver during a period without home internet.,2,1, , , ,1,7,5,4,5,5,5, , , , , , , , , ,4,3,4,3,4,3,4,4,4,3,-99, , ,-99, , ,-99, , ,"The pandemic underscored the importance of libraries in fostering community resilience, providing not just books but also emotional support and a sense of connection.", , ,1,12,12, ,13,11, ,12,4, ,5,14 years,14,3,26, ,1,1, , , ,26,1,3
2/20/2024 14:38:55,2/20/2024 15:09:25,100,1830,1,2/20/2024 15:09:26,R_5OjbfxcG4YGRFIo,41.0513,-85.1066,EN,1,83,1,4,5,4,4,6,4,7,7,7,6,6,7,6, , , , , , ,-99, , ,-99, , ,2, , , , ,5,"Community events and gatherings have been canceled or altered, affecting the social fabric of the area.",7,1,1,Community Gardens,4,The library's gardening programs inspired me to start my own community garden.,2,5, , , ,1,7,5,7,6,5,5, , , , , , , , , ,4,3,4,4,4,3,4,3,4,3,-99, , ,-99, , ,-99, , ,"The pandemic has reinforced the community-building aspect of libraries, fostering resilience and a sense of togetherness in challenging times.", , ,1,11,12, ,15,8, ,12,5, ,5,13 years,13,3,26,1,1, , , , ,26,1,3
2/21/2024 12:48:38,2/21/2024 13:19:26,100,1847,1,2/21/2024 13:19:26,R_5BsOQeVKg65WzZS,39.2411,-85.1028,EN,1,90,1,3,3,1,2,1,4,3,3,4,2,4,4,4, , , , , , ,-99, , ,-99, , ,2, , , , ,6,"Our elderly population is especially vulnerable, and we need to ensure they're taken care of.",1,1,1,Community Gardens,4,"I often use the library's computer facilities for online courses, enhancing my digital skills.",2,1, , , ,1,4,7,6,7,4,5, , , , , , , , , ,4,4,3,4,3,3,4,3,3,3,-99, , ,-99, , ,-99, , ,"The increased focus on public health has led libraries to expand their collections on medical and health-related topics, providing valuable information for patrons.", , ,1,11,12, ,13,8, ,12,4, ,5,13 years,13,3,26, ,1,1,1, , ,26,1,3
2/23/2024 14:45:03,2/23/2024 14:56:38,100,695,1,2/23/2024 14:56:39,R_7hMW60iyurVQgWB,40.5743,-85.6741,EN,1,67,1,7,4,1,1,1,1,1,4,5,1,4,1,1,Public safety
we have a disproportionate amount of crime for our population size and our police department shrinks each year,1,2, , , ,-99, , ,-99, , ,2, , , , ,5,Not anymore,8,1,1,"Community events, tax services, free Wi-Fi hot spots, books and movies",4,They were helpful,2, , , , ,3,2,1,2,5,3,5, , , , , , , , , ,4,4,4,4,3,1,4,4,1,1,-99, , ,-99, , ,-99, , ,The mask mandates made the libraries inaccessible for many many many families with children., , ,1,12,13, ,16,11, ,16,6, ,5,12 years,12,3,26, ,1, , , , ,26,1,3
2/20/2024 11:48:37,2/20/2024 12:23:07,100,2069,1,2/20/2024 12:23:07,R_1KI9qjdpxxOGNhn,39.7963,-86.2948,EN,1,98,1,5,5,5,4,4,5,7,7,7,4,7,5,7, , , , , , ,-99, , ,-99, , ,2, , , , ,5,The pandemic underscored the importance of a strong and accessible healthcare system.,3,1,1,Environmental Initiatives,4,"I appreciated the library's focus on sustainability, with initiatives like recycling programs and eco-friendly events.",2,5, , , ,1,6,5,6,6,4,7, , , , , , , , , ,3,4,4,4,4,4,3,3,4,4,-99, , ,-99, , ,-99, , ,"The pandemic highlighted the importance of mental health, prompting libraries to offer resources, workshops, and safe spaces for individuals struggling with stress and anxiety.", , ,1,12,12, ,12,10, ,12,5, ,5,12 years,12,3,26,1,1,1,1, , ,26,1,3
2/20/2024 12:27:14,2/20/2024 13:03:50,100,2196,1,2/20/2024 13:03:51,R_6YnYsnEK5Wi5sb4,40.1774,-86.046,EN,1,89,1,5,6,4,5,7,4,6,6,5,6,4,7,7, , , , , , ,-99, , ,-99, , ,2, , , , ,5,"Public libraries have been at the forefront of community outreach, ensuring that marginalized and underserved populations receive the support and resources they need during the pandemic.",1,1,1,Music and Performance Spaces,4,The job search assistance provided by the library staff was invaluable during tough times.,2,6, , , ,1,5,7,5,6,5,5, , , , , , , , , ,3,4,3,4,3,4,4,3,4,4,-99, , ,-99, , ,-99, , ,"Libraries played a key role in combating digital fatigue by providing alternatives to screen time, such as curbside pickup services and outdoor reading spaces.", , ,1,11,12, ,15,10, ,12,5, ,5,12 years,12,3,26, , ,1,1, , ,26,1,3
2/20/2024 14:08:53,2/20/2024 14:35:52,100,1619,1,2/20/2024 14:35:53,R_3uOVmXleVsEMqdP,41.7284,-86.2444,EN,1,73,1,4,7,4,4,6,6,6,6,5,7,4,5,6, , , , , , ,-99, , ,-99, , ,2, , , , ,6,"The pandemic has highlighted disparities in access to healthcare and resources, prompting discussions about equity.",1,1,1,Community Gardens,4,The library's digital literacy classes equipped me with essential online skills for my job.,2,3, , , ,1,4,7,4,5,5,4, , , , , , , , , ,3,3,3,4,4,4,4,3,3,4,-99, , ,-99, , ,-99, , ,"The pandemic underscored the role of libraries as safe spaces, where people could access information and services while adhering to health guidelines.", , ,1,12,12, ,15,8, ,12,6, ,5,12 years,12,3,26, ,1,1, , , ,26,1,3
2/20/2024 14:09:06,2/20/2024 14:33:42,100,1476,1,2/20/2024 14:33:43,R_6p8P4kPDcOkAVHu,41.4253,-87.3565,EN,1,90,1,7,5,4,5,7,5,6,6,4,4,7,5,7, , , , , , ,-99, , ,-99, , ,2, , , , ,6,The pandemic has spurred a sense of resilience and adaptability within my community.,7,1,1,Music and Performance,4,I regularly use the technology resources at the library to work on personal projects.,2,4, , , ,1,6,6,5,5,6,4, , , , , , , , , ,3,3,3,4,3,4,4,3,3,4,-99, , ,-99, , ,-99, , ,Virtual book clubs and online literary events organized by libraries became crucial in maintaining a sense of cultural connection during lockdowns., , ,1,12,12, ,15,9, ,12,4, ,5,12 years,12,3,26, ,1,1, , , ,26,1,3
2/21/2024 12:03:37,2/21/2024 12:30:10,100,1592,1,2/21/2024 12:30:10,R_5JwoQvbc5cFOH8B,41.4711,-87.0898,EN,1,55,1,4,2,3,4,2,4,2,1,2,2,4,1,2, , , , , , ,-99, , ,-99, , ,2, , , , ,7,"In my community, there's a sense of collective grief and resilience as we navigate the challenges and losses brought about by the pandemic.", ,1,1,Emergency Preparedness,4,The library's information on disaster preparedness proved helpful during a recent emergency.,2,7, , , ,1,4,4,6,6,4,7, , , , , , , , , ,3,3,4,3,3,3,3,4,3,3,-99, , ,-99, , ,-99, , ,The pandemic has strengthened the perception of libraries as resilient institutions that can pivot to meet evolving community needs in times of crisis., , ,1,12,12, ,12,8, ,12,5, ,5,12 years,12,3,26, ,1,1,1, , ,26,1,3
2/20/2024 12:28:01,2/20/2024 13:05:43,100,2262,1,2/20/2024 13:05:44,R_74pXJi1cDZl4MnW,40.1333,-85.6538,EN,1,88,1,4,6,7,5,4,4,4,4,7,4,7,6,4, , , , , , ,-99, , ,-99, , ,2, , , , ,7,Public libraries have played a vital role in combatting misinformation by curating accurate and up-to-date information on COVID-19 and other public health issues.,3,1,1,Community Gardening,4,"The parenting classes offered valuable insights, making my parenting journey more informed.",2,3, , , ,1,5,4,7,4,4,7, , , , , , , , , ,3,3,3,3,3,3,4,3,4,3,-99, , ,-99, , ,-99, , ,"Library staff became community connectors, reaching out to vulnerable populations to provide support and ensure that no one was left behind.", , ,1,12,12, ,12,10, ,12,4, ,5,11 years,11,3,26,1,1,1,1, , ,26,1,3
2/20/2024 15:18:59,2/20/2024 15:45:16,100,1577,1,2/20/2024 15:45:17,R_6M2MNkhMGY3d1vP,40.171,-85.378,EN,1,71,1,7,5,7,7,4,5,4,4,6,5,4,6,5, , , , , , ,-99, , ,-99, , ,2, , , , ,6,"Local businesses in our town struggled, and some unfortunately had to close their doors permanently.",5,1,1,Community Workshops,4,The homework help I received at the library played a crucial role in my academic success.,2,3, , , ,1,5,7,7,6,6,6, , , , , , , , , ,3,4,4,3,3,4,3,4,3,3,-99, , ,-99, , ,-99, , ,"As unemployment rates rose, libraries played a pivotal role in connecting individuals with job-seeking resources, resume assistance, and online skill-building workshops.", , ,1,12,12, ,13,10, ,12,4, ,5,11 years,11,3,26, ,1,1, , , ,26,1,3
2/21/2024 12:04:24,2/21/2024 12:38:01,100,2016,1,2/21/2024 12:38:02,R_7IhdL0iT8Q7H94R,41.7088,-85.976,EN,1,88,1,1,1,4,4,3,3,3,2,2,3,4,2,2, , , , , , ,-99, , ,-99, , ,2, , , , ,7,I've witnessed the resilience of my community as people come together to support one another during these tough times., ,1,1,Community Events,4,I thoroughly enjoyed the local art exhibition organized by the library; it brought our community together.,2,7, , , ,1,6,6,5,5,7,5, , , , , , , , , ,3,3,4,3,4,4,4,4,3,3,-99, , ,-99, , ,-99, , ,"Libraries have played a role in supporting mental health during the pandemic, offering resources and a quiet space for those seeking solace.", , ,1,11,12, ,14,11, ,12,4, ,5,11 years,11,3,26, ,1,1, , , ,26,1,3
2/21/2024 12:45:13,2/21/2024 13:22:26,100,2232,1,2/21/2024 13:22:26,R_14aXJalanNRIQtr,41.107,-85.0663,EN,1,67,1,1,1,2,3,3,3,3,2,4,2,4,3,1, , , , , , ,-99, , ,-99, , ,2, , , , ,5,Frontline workers deserve our gratitude and recognition for their tireless efforts.,1,1,1,Social Inclusion Programs,4,"I regularly attend the community events hosted by the library, fostering a sense of belonging.",2,7, , , ,1,6,6,7,7,6,7, , , , , , , , , ,3,3,4,3,3,3,3,4,3,4,-99, , ,-99, , ,-99, , ,The pandemic has emphasized the role of libraries in preserving local history and documenting community experiences during these unprecedented times., , ,1,13,12, ,15,9, ,12,4, ,5,11 years,11,3,26,1,1,1, , , ,26,1,3
2/21/2024 12:46:25,2/21/2024 13:28:13,100,2508,1,2/21/2024 13:28:14,R_6K2WboXlNLYAeP4,41.5983,-86.7026,EN,1,70,1,3,2,1,1,3,2,2,2,2,2,2,1,1, , , , , , ,-99, , ,-99, , ,2, , , , ,4,The uncertainty of the situation has caused increased stress and anxiety for many.,3,1,1,Senior Services,4,The library's senior services have created a welcoming environment for older members of our community.,2,7, , , ,1,4,6,5,7,4,6, , , , , , , , , ,3,3,4,3,3,3,4,3,4,4,-99, , ,-99, , ,-99, , ,"The pandemic has reinforced the role of libraries as trusted institutions, as people turn to them for accurate information and reliable resources in times of uncertainty.", , ,1,12,12, ,14,9, ,12,4, ,5,11 years,11,3,26, ,1,1, , , ,26,1,3
2/28/2024 1:39:33,2/28/2024 2:28:20,100,2926,1,2/28/2024 2:28:20,R_1CBMzXimdPpf65H,38.6529,-87.1699,EN,1,84,1,5,3,4,4,5,5,3,5,4,6,5,3,4,Urbanization and population growth have led to a dramatic increase in the number of vehicles,10,2, , , ,-99, , ,-99, , ,2, , , , ,5,The COVID-19 pandemic has affected my ability to travel as before.,1,1,1,I attended a lecture at the local library on diabetes management.,4,I feel satisfied when I receive timely and effective information feedback.,2, , , , ,1,5,4,6,6,7,5, , , , , , , , , ,3,2,4,3,3,4,3,2,3,2,-99, , ,-99, , ,-99, , ,"During the epidemic, I cherish more the role of public libraries in providing learning resources for the community.",1, ,1,11,13, ,16,12, ,12,4, ,4,10 years,10,2,26,1,1,1, , , ,26,1,2
2/20/2024 12:25:28,2/20/2024 13:01:29,100,2161,1,2/20/2024 13:01:29,R_6HZbEcUEwxnsfZ7,40.5366,-85.6579,EN,1,81,1,4,5,7,6,4,6,7,7,4,7,7,4,5, , , , , , ,-99, , ,-99, , ,2, , , , ,7,The pandemic has reinforced the idea that libraries are not just repositories of books but dynamic community spaces that evolve to meet the changing needs of society.,7,1,1,Community Resource Fairs,4,The library's music and performance spaces create a vibrant cultural scene in our community.,2,6, , , ,1,5,7,5,5,7,6, , , , , , , , , ,3,3,4,4,4,3,4,4,4,4,-99, , ,-99, , ,-99, , ,"The pandemic showcased the adaptability of public libraries, proving that they are not just repositories of books but dynamic institutions that can evolve to meet the evolving needs of their communities.", , ,1,11,12, ,12,8, ,12,4, ,5,10 years,10,2,26,1,1,1,1, , ,26,1,2
2/28/2024 2:57:07,2/28/2024 3:15:52,100,1125,1,2/28/2024 3:15:53,R_3JEwHtizgXMlDuF,41.8764,-87.6133,EN,1,99,1,7,7,7,7,7,7,7,7,7,7,7,7,7,All of these needs are important and iterwoven  if youre sick its harder to get a good education  if youre uneducated its harder to get a good paying job  and your job choices are limited if theres a lack of transportation etc etc I cant believe you cant enter numbers or punctuation in this input you should fix this, , ,7,Political and civics education,4,5,Health and fitness,5,7,Rest and relaxation and time in nature although this could be tied to mental health,5,1,We are over worked and under paid and break time for family and personal wellbeing is not valued by our broken society,2,by firmly asserting time off on weekends for my family but that doesnt address the cultural problems,2,6, , ,1,1,QPR training  local events,4,theyve been excellent but there should be more and better coordinated with the surrounding community,2, ,2, , ,1,7,7,7,7,7,7,6,exercise equipment like some bikes with laptop or book stands, , , , , , , ,4,4,4,4,4,4,4,4,3,4,4,we need more public spaces, ,4,we need places to go where we are not expected to spend money, ,4,we need places where we can relax, ,people still need a safe place to be even in the middle of a plague, , ,1,12,12, ,14,11, ,12,11, ,5, , , ,26,1, ,1, , , ,27,1, 
2/20/2024 11:48:55,2/20/2024 12:21:30,100,1954,1,2/20/2024 12:21:30,R_6i24BfTOVFM5yDs,39.8704,-86.2166,EN,1,93,1,6,5,4,4,7,7,5,4,7,5,5,5,7, , , , , , ,-99, , ,-99, , ,2, , , , ,6,"I lost my job during the lockdown, and it's been a challenging journey finding new opportunities.",4,1,1,Job Search Assistance,5,The librarian helped me find relevant job listings and provided tips for crafting a compelling resume.,2,6, , , ,1,5,6,7,5,6,5, , , , , , , , , ,4,3,3,3,4,3,4,3,4,3,-99, , ,-99, , ,-99, , ,"Libraries became lifelines during lockdowns, offering virtual programming and support for mental health, emphasizing their role in community well-being.", , ,1,13,12, ,14,8, ,12,4, ,5,8 years,8,2,26, ,1,1,1, , ,26,1,2
2/20/2024 14:40:55,2/20/2024 15:04:43,100,1428,1,2/20/2024 15:04:44,R_6DoQUMt94PmNjC1,41.0513,-85.1066,EN,1,98,1,4,5,4,5,5,7,6,4,4,5,7,6,6, , , , , , ,-99, , ,-99, , ,2, , , , ,4,"Remote work has changed the dynamics of the workplace, with both positive and negative aspects.",1,1,1,Counseling Services,5,I appreciate the library's commitment to digital literacy; it helped me navigate online platforms confidently.,2,3, , , ,1,6,7,7,4,6,5, , , , , , , , , ,3,3,4,4,3,4,4,3,3,3,-99, , ,-99, , ,-99, , ,"Public libraries have been essential in addressing educational disparities, providing resources and support for remote learning during lockdowns.", , ,1,12,12, ,14,9, ,12,4, ,5,8 years,8,2,26, ,1,1, , , ,26,1,2
2/21/2024 12:48:52,2/21/2024 13:22:51,100,2039,1,2/21/2024 13:22:52,R_1OuyxVbIZUxdbxc,38.3085,-85.816,EN,1,91,1,1,3,4,3,1,3,4,2,4,2,3,2,3, , , , , , ,-99, , ,-99, , ,2, , , , ,6,I appreciate the efforts of community leaders and healthcare professionals in guiding us through this.,5,1,1,Legal Aid Clinics,5,"I attended an art workshop at the library, and it ignited a new passion for creativity in me.",2,7, , , ,1,6,4,5,7,7,6, , , , , , , , , ,3,3,4,3,3,4,4,4,4,4,-99, , ,-99, , ,-99, , ,"Libraries have become essential in addressing social isolation by fostering virtual communities through online events, discussion forums, and social media engagement.", , ,1,12,12, ,13,9, ,12,5, ,5,8 years,8,2,26, ,1,1,1, , ,26,1,2
2/13/2024 10:24:44,2/13/2024 10:32:56,100,492,1,2/13/2024 10:32:56,R_1fUd6MUBVKEhFNN,34.0544,-118.2441,EN,1,4,1,3,5,4,3,5,4,3,4,3,4,3,5,6,Digital needs,12, ,1, , ,1, , ,1, , ,2, , , , ,4,N/A, ,1,1,Providing need to the needy,5,N/A, , , , , ,1,3,5,3,4,5,3,5, , ,3, , ,3, , ,3,2,1,4,3,4,3,2,2,3,2, , ,3, , ,4, , ,N/A, , ,1,10,12, ,16,10, ,13,5, ,4,8,8,2,26,1,1, , , , ,26,1,2
2/20/2024 15:16:08,2/20/2024 15:45:29,100,1760,1,2/20/2024 15:45:29,R_55qWvrDc6LpfjLr,39.4642,-87.3531,EN,1,55,1,7,7,7,7,5,7,6,4,7,4,5,5,6, , , , , , ,-99, , ,-99, , ,2, , , , ,4,"With the closure of public spaces, our community started focusing on outdoor activities to maintain a sense of connection.",7,1,1,Resume Building Assistance,5,The financial literacy workshops equipped me with essential money management skills.,2,3, , , ,1,6,7,5,5,6,7, , , , , , , , , ,4,3,4,3,3,4,3,3,3,3,-99, , ,-99, , ,-99, , ,"Libraries became central to mental health support, offering resources, counseling services, and wellness programs to help individuals cope with the stress of the pandemic.", , ,1,11,12, ,14,9, ,12,4, ,5,7 years,7,2,26,1,1, ,1, , ,26,1,2
3/4/2024 20:29:08,3/4/2024 20:45:27,100,978,1,3/4/2024 20:45:27,R_7pN61bYbbymzAUp,38.6529,-87.1699,EN,1,56,1,7,7,5,5,5,4,5,5,6,5,6,5,5,public security 
Unfriendly people around,1,4,6,Food aid,0,7,Arrange employment,6,6,health guidance,6,1,The community can't offer me a job,2,All the work advice they gave me was bad, ,5,yes Have no good job public subsidy, ,1,1,Employment assistance,5,Not too satisfied with not having a good job,1, , , , ,1,7,7,7,7,7,7,5,Book finding, ,5,Knowledge explanation, ,7,Health knowledge, ,4,4,4,4,4,3,4,4,3,4,4,Employment assistance, ,4,life planning,3,4,Kids Eat Free,3,yes Strengthen professional personnel, , ,1,11,12, ,12,12, ,13,4, ,4,7,7,2,26,1, , , , , ,26,1,2
2/24/2024 8:13:46,2/24/2024 8:28:10,100,864,1,2/24/2024 8:28:11,R_1FFjeye7lLfPmih,12.996,7.6049,EN,1,64,1,7,7,6,7,7,6,6,7,7,7,7,7,7,Health care need

This is because people needs this service in other to overcome some mental and physical challenge which can cause discomfort and death as well,8, , ,1,0,6,1, ,1,1, ,1,I have experience health care community needs where people get sick without being taken care 9f,8,It was a social service,1,7,Yes
It has because it helps our community to reduce the spread ofthedealy disease, ,1,1,Social service,5,I was so happy that the  government responded to some of the needs of the community.,2, , , , ,1,7,7,7,7,7,7, ,7, , ,7, , ,7, ,4,4,4,4,4,4,4,4,4,4,-99,4, ,4,4, ,-99,4, ,"Yes,
it had help in keeping records on the experience and how deadly it was to the society back then  so as the new youth to be careful", , ,1,12,15, ,12,10, ,13,9, ,9,6 years,6,2,26, ,1, , , , ,26,1,2
2/20/2024 14:39:37,2/20/2024 15:07:19,100,1661,1,2/20/2024 15:07:19,R_1pgVfazXRGocAFy,41.0513,-85.1066,EN,1,58,1,5,7,4,4,6,6,4,6,6,6,4,6,5, , , , , , ,-99, , ,-99, , ,2, , , , ,5,"The strain on healthcare systems has been evident, impacting not just COVID patients but also those with other health issues.",3,1,1,Legal Aid Clinics,5,The historical archives at the library provided me with insights into our town's past.,2,5, , , ,1,5,6,5,5,5,4, , , , , , , , , ,3,4,3,3,4,4,4,3,4,3,-99, , ,-99, , ,-99, , ,"The demand for e-books and online resources has surged, highlighting the need for libraries to continue investing in digital collections.", , ,1,12,12, ,15,8, ,12,4, ,5,6 years,6,2,26, ,1, ,1, , ,26,1,2
3/4/2024 21:14:35,3/4/2024 21:32:56,100,1100,1,3/4/2024 21:32:56,R_5QMKSNyfaFkeFN9,39.7436,-86.1158,EN,1,63,1,7,5,4,4,5,4,5,6,5,5,5,6,4,secure,1, ,5, , ,4, , ,6, , ,2, , , , ,4,yes, ,1,1,Social service,5,satisfaction,2, , , , ,1,6,5,6,6,5,5,6, , ,5, , ,6, , ,3,2,3,3,4,3,3,3,4,3,2, , ,3, , ,4, , ,yes, , ,1,11,13, ,14,11, ,12,4, ,9,5years,5,1,26, ,1, , , , ,26,1,1
3/4/2024 21:14:42,3/4/2024 21:32:57,100,1095,1,3/4/2024 21:32:58,R_5rO2qvy1Xlvivsg,39.7932,-86.2132,EN,1,69,1,7,7,5,7,7,4,6,5,4,5,6,7,7,secure,1, ,5, , ,3, , ,6, , ,2, , , , ,4,yes, ,1,1,Social service,5,satisfaction,2, , , , ,1,5,6,5,6,6,5,5, , ,4, , ,6, , ,2,3,2,3,3,4,3,3,4,3,3, , ,2, , ,3, , ,yes, , ,1,11,13, ,14,10, ,12,4, ,9,5years,5,1,26,1, , , , , ,26,1,1
3/4/2024 19:16:04,3/4/2024 19:27:21,100,676,1,3/4/2024 19:27:21,R_7LbSD0VhRyosoAs,34.0544,-118.2441,EN,1,92,1,5,6,5,5,6,6,6,7,5,6,5,6,6, , , , , , ,-99, , ,-99, , ,2, , , , ,6,No,8,1,1,health care,5,great satisfaction,2, , , , ,1,6,7,6,6,7,6, , , , , , , , , ,4,3,4,4,3,4,4,3,4,4,-99, , ,-99, , ,-99, , ,No, , ,1,14,12, ,9,13, ,14,4, ,6,56,56,5,26, , , ,1, , ,26,1,10
2/21/2024 12:05:35,2/21/2024 12:39:44,100,2049,1,2/21/2024 12:39:45,R_5rSYmjTAFzHmLYZ,39.711,-86.2591,EN,1,57,1,3,1,3,3,1,3,4,4,3,2,4,3,4, , , , , , ,-99, , ,-99, , ,2, , , , ,4,"Mental health awareness has increased, with more focus on addressing the psychological impact of the pandemic.",3,1,1,Counseling Services,5,The library's mental health resources provided valuable information during a challenging time.,2,6, , , ,1,4,4,7,7,5,7, , , , , , , , , ,3,3,4,3,4,3,3,3,4,4,-99, , ,-99, , ,-99, , ,"Public libraries have served as vaccination information hubs, helping communities stay informed about vaccination sites and eligibility.", , ,1,12,12, ,15,11, ,12,6, ,5,5 years,5,1,26,1,1,1,1, , ,26,1,1
2/21/2024 12:46:12,2/21/2024 13:29:26,100,2593,1,2/21/2024 13:29:26,R_31c9HV7dmwu1J2m,39.6757,-86.0694,EN,1,90,1,4,1,3,3,3,1,2,3,3,3,1,4,2, , , , , , ,-99, , ,-99, , ,2, , , , ,7,Some community members don't have access to the technology needed for remote work or schooling.,6,1,1,Job Search Assistance,5,The library's parenting support resources helped me navigate the challenges of raising a teenager.,2,5, , , ,1,7,6,6,4,7,4, , , , , , , , , ,3,3,3,3,3,4,3,4,4,3,-99, , ,-99, , ,-99, , ,"Libraries have become important spaces for community support, offering assistance with government aid applications, food distribution, and other essential services.", , ,1,13,12, ,14,11, ,12,4, ,5,5 years,5,1,26,1,1, ,1, , ,26,1,1
3/4/2024 1:19:55,3/4/2024 1:30:30,100,635,1,3/4/2024 1:30:31,R_5X7i3G63jGaPMUS,47.6144,-122.3447,EN,1,4,1,6,5,6,6,6,6,6,6,6,6,6,6,6,traffic,10, ,5,library,0,-99, , ,-99, , ,1,Need more services, ,Submit to the official, ,6,make no difference,8,1,1,Child care service organization,5,Comparison of medical and transportation services, , , , , ,1,6,5,5,6,5,6, ,senior citizens'care centre, , , , , , , ,3,4,4,4,4,4,4,3,4,4,4, , ,4, , ,3, , ,Have a great influence. It is estimated that in the future..., , ,1,10,13, ,14,9, ,13,4, ,4,5,5,1,26, , , ,1, , ,26,1,1
2/26/2024 7:24:02,2/26/2024 7:44:41,100,1239,1,2/26/2024 7:44:41,R_6aLiR0B4NjDX84z,41.1622,-85.4724,EN,1,91,1,6,4,7,4,7,7,5,4,7,3,3,6,4, , , ,4, , ,4, , ,7, , ,1,Animal welfare and protection,1,"There is a need for effective commTo focus on animal welfare and protection, we need to promote the support of animal rights and the enforcement of relevant laws.", ,4,"Care for high-risk populations: Certain populations, such as the elderly and people with chronic illnesses, are more vulnerable to outbreaks. Recommendation: Provide special care and support services, such as delivery of necessities, regular health checkups, and social support.
Strengthen vaccination programs to ensure that high-risk groups are vaccinated in a timely manner. Provide health education and guidance to help people at high risk take preventive measures to protect themselves.",2,1,1,Medical care service,5,I'm very satisfied. He helps me a lot,2, , , , ,1,5,2,5,5,1,3,3, , ,3, , ,4, , ,2,3,3,4,4,2,4,1,3,2,1, , ,4, , ,1, , ,"Social connections: Social distancing and restrictions limit people's ability to socialize. Public libraries can be places for community members to network and communicate. Even during the pandemic, libraries can promote social interaction through online social events, book clubs and virtual lectures to help people maintain social connections and a sense of community.", , ,1,13,13, ,17,11, ,13,4, ,5,49,49,5,26,1,1, , , , ,26,1,10
2/26/2024 7:24:04,2/26/2024 7:44:41,100,1236,1,2/26/2024 7:44:41,R_6XMeqeuZBNeGLLP,41.668,-86.3144,EN,1,68,1,4,6,2,3,7,7,3,6,5,4,7,4,7, , , ,5, , ,6, , ,3, , ,1,Disaster preparedness and rescue,1,"Disaster preparedness and relief plans are needed, including emergency shelters, rescue teams and emergency communication systems.", ,3,"Economic support and job opportunities: The pandemic can lead to economic instability and unemployment. Recommendation: Provide financial assistance and welfare programs to help those affected by the outbreak maintain basic livelihoods. Job creation, especially in epidemi-related industries such as healthcare, sanitation and logistics. Provide vocational training and skills upgrading opportunities to help people adapt to changes in the economy and changing employment needs.",4,1,1,Professional consulting service,5,He helps me a lot. Quite satisfied,2, , , , ,1,2,4,5,1,3,2,2, , ,2, , ,2, , ,1,2,2,4,3,1,4,3,4,2,2, , ,3, , ,2, , ,"Mental health support: The epidemic has had a negative impact on people's mental health. Public libraries can provide mental health resources, self-help books, and online support to help people deal with anxiety and stress. The library can also host mental health workshops and seminars, and provide community support and counseling services.", , ,1,12,13, ,14,10, ,13,4, ,5,40,40,5,26,1, , , , , ,26,1,8
2/26/2024 7:24:02,2/26/2024 7:44:41,100,1239,1,2/26/2024 7:44:41,R_72Agf4zYsPGlwqt,39.847,-85.9719,EN,1,60,1,3,6,3,7,4,7,5,4,4,7,5,7,6, , , ,4, , ,6, , ,4, , ,1,Community advocacy and messaging,14,"There is a need for effective communication and communication channels for community activities, resources and important notifications.", ,6,"Mental health support: Mental health problems may increase during the pandemic. Advice: Provide mental health counseling and support services, including online counseling and hotlines. Develop mental health awareness campaigns that provide skills and resources to cope with anxiety and stress. Create support groups and networks where people can share experiences and support each other.",3,1,1,Financial service,5,He helps me a lot.,2, , , , ,1,4,2,3,3,2,3,4, , ,6, , ,5, , ,3,3,4,1,4,3,4,1,2,4,3, , ,3, , ,3, , ,"Education support: The closure of schools and educational institutions during the pandemic has resulted in students facing the challenge of learning disruption. Public libraries can provide learning resources, tutoring materials, and online learning support to help students continue their studies. The library can also host online educational events and training courses to provide educational support to students and parents.", , ,1,11,13, ,16,9, ,13,4, ,5,30,30,6,26, ,1, , , , ,26,1,6
2/25/2024 11:05:36,2/25/2024 11:24:51,100,1155,1,2/25/2024 11:24:52,R_63eBVk6OQqSEKfm,39.6757,-86.0694,EN,1,67,1,6,7,2,4,3,3,5,2,4,3,6,5,5,The food is great, , , , , ,-99, , ,-99, , ,2, , , , ,6,I hope to set up an emergency assistance program to provide financial and material support to the affected population.,2,1,1,The Embassy provides social assistance and counseling services to help us solve problems and difficulties in life,5,Very good,2, , , , ,2,-99,-99,-99,-99,-99,-99, , , , , , , , , ,3,2,3,2,1,3,2,2,1,4,-99, , ,-99, , ,-99, , ,I hope public libraries will provide child-friendly activities and educational programs that foster children's interest and learning ability., , ,1,11,12, ,14,10, ,12,5, ,5,29,29,6,26,1,1, , , , ,26,1,6
2/25/2024 11:05:35,2/25/2024 11:24:33,100,1137,1,2/25/2024 11:24:33,R_6PzeBM1LRy89MPr,41.6062,-87.2593,EN,1,67,1,4,3,4,3,1,6,4,6,6,2,5,3,4,Mental health is important and my community has a mental health checkpoint which is great,9,4, , , ,-99, , ,-99, , ,2, , , , ,4,COVID-19 has affected me and I want to increase the frequency of community security patrols to ensure our safety,7,1,1,I have used the library for information on social service agencies and resources,5,Very good,2, , , , ,2,-99,-99,-99,-99,-99,-99, , , , , , , , , ,2,1,4,2,3,3,1,3,3,2,-99, , ,-99, , ,-99, , ,"I expect public libraries to become centers of knowledge sharing and learning exchange, promoting social progress and innovation", , ,1,11,12, ,13,11, ,12,4, ,5,27,27,6,26,1,1, , , , ,26,1,6
2/28/2024 2:28:35,2/28/2024 3:07:28,100,2333,1,2/28/2024 3:07:29,R_52X2KduFgo1nmAd,39.6562,-104.7866,EN,1,55,1,7,5,6,5,4,5,5,4,4,4,4,5,5,Safety is the first condition that we can live a stable life,1, ,6,Adolescent mental health,0,4,The enrichment of community cultural activities,5,-99, , ,2, , , , ,6,"There are implications, and we demand higher public health Public health needs to be strengthened",3,1,1,"Mental health, housing, free food",5,"It's been really good, and just keeping it going will make our community even happier",2, , , , ,1,6,7,6,6,4,5,7,Book loan, ,5,development time, , , , ,4,3,4,3,4,4,3,4,3,3,4, Leading cultural activities, ,-99, , ,-99, , ,"Yes, I hope we can do a good job of disinfection and book protection of the library", , ,1,12,12, ,16,11, ,12,4, ,5,23 years,23,5,26,1,1,1,1, , ,26,1,5
3/3/2024 2:33:18,3/3/2024 2:56:39,100,1400,1,3/3/2024 2:56:39,R_6dL0lzhhDdlBRDB,47.6144,-122.3447,EN,1,57,1,6,3,2,3,5,3,3,5,6,5,4,4,5,Safe and harmonious,1, , ,Hygiene problems in public places,0,-99,Maintenance of utilities and equipment,5,4,Maintenance of roads,4,2, , , , ,4,"One thing, shopping is not so convenient, and other services are also lacking.",5,1,1,Medical Service,5,"Satisfied, hope to have more people to experience.",2, , , , ,1,6,7,6,7,6,7,1, , , , , , , , ,4,4,4,4,4,4,4,4,4,4,-99, , ,-99, , ,-99, , ,"Understand the lack of service in the big environment, and try to solve it by yourself.", , ,1,13,13, ,16,12, ,12,4, ,5,20years,20,4,26,1,1,1, , , ,26,1,4
3/3/2024 0:59:58,3/3/2024 2:23:47,100,5028,1,3/3/2024 2:23:47,R_5YgTmSwf0uuFSud,47.6144,-122.3447,EN,1,57,1,7,7,7,7,7,7,7,7,7,7,7,7,7,Public education,5, , , , ,-99, , ,-99, , ,2, , , , ,4,"It has an impact. During the epidemic, there was no medication or food, and the community provided a large amount of food and medicine",3,1,1,"During the epidemic, a large amount of food was provided to me,",5,I am very satisfied,2, , , , ,1,7,7,7,7,7,7, , , , , , , , , ,4,4,4,4,4,4,4,4,4,4,-99, , ,-99, , ,-99, , ,"Due to the epidemic, we cannot go to the public library and find the information we want.", , ,1,11,12, ,16,11, ,12,4, ,5,20 years ago,20,4,26,1,1,1, , , ,26,1,4
2/28/2024 3:07:47,2/28/2024 3:24:55,100,1028,1,2/28/2024 3:24:56,R_7DzSofyMTzD6BhL,42.3591,-71.0412,EN,1,57,1,6,5,7,5,5,3,5,5,4,5,6,4,5,The importance of food is very high because the community is stable when people are fed,3,4,7,Community rescue safety,0,5,vocational counsel,1,-99, , ,2, , , , ,6,"No impact, the relevant work is doing very well, that is, if it is more timely, it is better, so I hope that there can be a special rescue team",8,1,1,"Free food, counseling, convenient transportation",5,"Satisfied, if the service to do better",1, ,1, , ,1,4,6,6,6,5,6,6,Book loan, ,6,Book protection and finishing, , , , ,4,4,3,3,4,2,4,4,4,3,4,Hoping to handle some activities, ,4,Help residents to increase their enthusiasm for reading, ,-99, , ,"This has made me have higher requirements for public libraries, that is, to speed up the digitization process of libraries", , ,1,11,13, ,16,11, ,12,8, ,5,20 years,20,4,26,1,1,1,1, , ,26,1,4
3/2/2024 20:01:57,3/2/2024 20:33:17,100,1879,1,3/2/2024 20:33:18,R_7r7yODjby9zA5xg,34.0544,-118.2441,EN,1,64,1,7,7,7,7,7,5,5,7,7,7,4,4,5,housing,4, ,6,Fresh food,0,6,education, ,6,medical care,0,1,We need stable jobs and housing.,2,The community has added more doctors to us and built schools., ,6,"The COVID-19 epidemic has caused me to lose many relatives and friends, resulting in many people losing their jobs, reducing many jobs and economic development and poverty.",3,1,1,Library hospital employment to help.,5, , , , , , ,1,7,7,5,7,7,6,7,7, ,7, , ,7, , ,4,4,4,4,4,4,4,4,4,4,4, , ,4, , ,4, , ,make no difference, , ,1,11,13, ,17,10, ,12,4, ,5,20,20,4,26,1,1,1,1, , ,26,1,4
3/4/2024 18:35:40,3/4/2024 18:54:14,100,1114,1,3/4/2024 18:54:15,R_5bOB9jtSh9xu0IX,40.1137,-85.7235,EN,1,59,1,5,4,6,6,5,6,6,5,7,5,5,6,5, , , , , , ,-99, , ,-99, , ,2, , , , ,7,Yes, ,1,1,housing assistance,5,quite satisfied,2, , , , ,1,6,5,6,6,5,7, , , , , , , , , ,4,3,4,3,4,3,3,3,4,4,-99, , ,-99, , ,-99, , ,No, , ,1,12,12, ,14,10, ,12,4, ,7,20,20,4,26, ,1, , , , ,26,1,4
3/3/2024 20:43:33,3/3/2024 21:35:44,100,3131,1,3/3/2024 21:35:45,R_7O8JhoDaQ5RbUCO,33.8144,-117.8522,EN,1,60,1,1,7,7,7,6,2,3,7,4,5,1,5,5,The need for food Because without food we would lose the most basic security of life,3,4,7,legal aid,3,7,Employment distribution problem,0,7,endowment insurance,0,1,Difficult employment problem,2,I have not received any reply yet,4,4,carry weight
The community can basically meet some of our requirements, ,1,1,Free loan,5,satisfaction,2, , , , ,1,6,7,5,6,5,2, ,Book online, , , Open 24 hours a day, , ,Change content regularly, ,4,4,4,3,4,3,2,4,3,4,3,Activities for the elderly, ,4,Hold regular events, ,3,Online lending, ,
Yes the news staff can bring them to the house, , ,1,11,13, ,12,8, ,12,4, ,5,19 years,19,4,26, ,1, , , , ,26,1,4
2/20/2024 14:09:10,2/20/2024 14:35:22,100,1571,1,2/20/2024 14:35:22,R_7LG9twr7xVfa0WR,41.4934,-87.3548,EN,1,58,1,4,6,4,4,5,6,6,5,6,7,7,5,5, , , , , , ,-99, , ,-99, , ,2, , , , ,6,Dealing with the uncertainty and changes brought on by the pandemic has been a significant challenge for everyone.,1,1,1,Job Assistance,5,My child loves the storytelling sessions; it has significantly improved their language skills.,2,5, , , ,1,7,7,4,5,7,5, , , , , , , , , ,4,4,4,3,4,3,4,3,3,4,-99, , ,-99, , ,-99, , ,"Libraries became lifelines for many during lockdowns, offering virtual programs to combat social isolation and foster a sense of community.", , ,1,11,12, ,15,11, ,12,5, ,5,17 years,17,4,26, ,1,1,1, , ,26,1,4
2/20/2024 14:09:19,2/20/2024 14:34:29,100,1509,1,2/20/2024 14:34:29,R_1EyhBmnHuVNvbdn,41.6538,-86.1631,EN,1,4,1,4,5,6,6,7,7,4,7,7,4,6,4,7, , , , , , ,-99, , ,-99, , ,2, , , , ,6,"Small businesses in my community have faced hardships, and supporting local has become a priority for many residents.",5,1,1,Legal Assistance,5,I regularly attend the library's music performances; it's a great way to support local musicians.,2,7, , , ,1,7,4,6,6,6,6, , , , , , , , , ,4,3,3,4,4,4,3,4,3,3,-99, , ,-99, , ,-99, , ,"Libraries embraced inclusivity by ensuring their online services were accessible to all, recognizing the diverse needs of their communities.", , ,1,11,12, ,13,11, ,12,4, ,5,16 years,16,4,26,1,1,1, , , ,26,1,4
3/4/2024 19:16:06,3/4/2024 19:27:20,100,674,1,3/4/2024 19:27:20,R_7ZPI74FL8sHCbhU,39.7954,-86.2658,EN,1,96,1,5,5,6,5,7,6,5,5,6,5,6,4,5, , , , , , ,-99, , ,-99, , ,2, , , , ,5,No,8,1,1,Housing assistance,5,great satisfaction,2, , , , ,1,7,7,6,6,6,7, , , , , , , , , ,4,3,4,4,3,4,3,4,4,4,1, , ,-99, , ,-99, , ,No, , ,1,12,13, ,11,9, ,12,4, ,5,16,16,4,26, ,1, ,1, , ,26,1,4
2/24/2024 15:10:34,2/24/2024 15:34:21,100,1427,1,2/24/2024 15:34:22,R_3IY0hvd6fPGaqBO,37.5625,-122.0004,EN,1,71,1,3,4,5,7,4,5,2,3,4,2,2,2,5,Mental health issues,9, ,4, , ,4, , ,4, , ,1,Mental health service,9,I address it as a a great program, ,2,Yes, ,1,1,Mental health service,5,It's was valuable,2, , , , ,1,2,3,5,3,4,5,6, , ,2, , ,6, , ,2,3,2,2,3,4,3,3,3,4,3, , ,3, , ,4, , ,Yes limitations to socialization, , ,1,14,13, ,16,11, ,13,5, ,5,15years,15,3,26, ,1, , , , ,26,1,3
2/20/2024 11:48:26,2/20/2024 12:17:23,100,1737,1,2/20/2024 12:17:24,R_1CI6ZFMfXa66kJs,39.903,-86.0636,EN,1,84,1,6,7,4,7,6,4,5,4,4,7,6,6,7, , , , , , ,-99, , ,-99, , ,2, , , , ,6,"The economic impact has been significant, but it's been heartening to see acts of kindness.",4,1,1,Legal Aid Clinics,5,The library's legal aid clinic provided me with valuable information when I needed guidance on tenant rights.,2,4, , , ,1,4,7,7,7,5,7, , , , , , , , , ,3,4,4,3,3,3,3,4,3,3,-99, , ,-99, , ,-99, , ,"Libraries embraced a more proactive role in public health, disseminating information on preventive measures and collaborating with local health authorities.", , ,1,11,12, ,14,10, , ,6, ,5,15 years,15,3,26, , , , , , ,26,1,3
2/20/2024 12:26:10,2/20/2024 13:00:48,100,2078,1,2/20/2024 13:00:49,R_1ZQdAJ1BBQKTdkL,39.8079,-86.0949,EN,1,84,1,5,4,5,7,6,7,6,4,7,7,6,7,7, , , , , , ,-99, , ,-99, , ,2, , , , ,7,"The pandemic has emphasized the role of libraries in fostering community resilience, providing a space for people to come together, share experiences, and support one another.",1,1,1,Legal Assistance Clinics,5,Homework help resources at the library supported my child's academic progress.,2,3, , , ,1,5,5,6,4,5,7, , , , , , , , , ,3,4,4,3,4,3,4,4,4,3,-99, , ,-99, , ,-99, , ,"In response to the economic impact of the pandemic, libraries offered career assistance, resume workshops, and job search resources to help individuals navigate the job market.", , ,1,11,12, ,12,11, ,12,5, ,5,15 years,15,3,26, ,1,1,1, , ,26,1,3
2/20/2024 14:09:01,2/20/2024 14:32:19,100,1397,1,2/20/2024 14:32:20,R_1DUYycoPfGsIdw4,39.2051,-85.9324,EN,1,80,1,7,5,6,6,4,6,4,7,4,4,6,6,4, , , , , , ,-99, , ,-99, , ,2, , , , ,6,The importance of science and research in addressing global health issues has been underscored by the pandemic.,3,1,1,Homelessness Support,5,The homework help program at the library significantly improved my child's academic performance.,2,3, , , ,1,5,7,6,7,7,7, , , , , , , , , ,3,3,3,4,3,4,4,3,4,4,-99, , ,-99, , ,-99, , ,"The crisis prompted libraries to reevaluate their spaces, encouraging innovative ways to use physical areas for social distancing while maintaining accessibility.", , ,1,13,12, ,15,10, ,12,4, ,5,15 years,15,3,26, ,1,1,1, , ,26,1,3
2/20/2024 12:25:05,2/20/2024 13:07:57,100,2572,1,2/20/2024 13:07:57,R_5hz2qiuUpa02eXg,40.0565,-86.0159,EN,1,99,1,5,6,5,6,5,7,5,6,6,7,5,7,7, , , , , , ,-99, , ,-99, , ,2, , , , ,7,"Libraries have played a crucial role in bridging the digital divide, ensuring that everyone has access to essential online information and resources during these challenging times.",7,1,1,Job Search Assistance,5,The ESL classes at the library have been instrumental in improving my English skills.,2,3, , , ,1,5,5,4,6,6,6, , , , , , , , , ,4,4,4,4,3,4,3,3,4,3,-99, , ,-99, , ,-99, , ,"Public libraries stepped up as reliable sources for fact-checking and dispelling misinformation, contributing to community well-being.", , ,1,11,12, ,12,11, ,12,5, ,5,14 years,14,3,26, ,1,1,1, , ,26,1,3
2/21/2024 12:03:38,2/21/2024 12:34:57,100,1878,1,2/21/2024 12:34:58,R_12D5BNem8rzrndN,38.6084,-86.0754,EN,1,96,1,1,1,2,1,2,4,1,2,1,4,1,1,3, , , , , , ,-99, , ,-99, , ,2, , , , ,5,"Community events and celebrations have been canceled or modified, affecting the cultural fabric of our society.",7,1,1,Legal Assistance,5,I appreciated the library's assistance in understanding my legal rights in a specific situation.,2,1, , , ,1,6,7,7,5,4,5, , , , , , , , , ,4,4,4,4,3,4,4,4,3,4,-99, , ,-99, , ,-99, , ,The pandemic has shown that libraries are adaptable and can quickly shift their focus to meet emerging community needs., , ,1,12,12, ,13,9, ,12,4, ,5,14 years,14,3,26, ,1,1, , , ,26,1,3
2/20/2024 15:16:34,2/20/2024 15:41:58,100,1524,1,2/20/2024 15:41:58,R_7nHFkDwkTtYSUVv,40.171,-85.378,EN,1,74,1,4,5,6,4,4,4,6,7,4,6,7,5,5, , , , , , ,-99, , ,-99, , ,2, , , , ,6,"Our community came together during the pandemic, with neighbors supporting each other through food drives and assistance programs.",1,1,1,Job Search Assistance,5,I improved my computer skills significantly through the technology training workshops at the library.,2,3, , , ,1,5,7,4,5,4,5, , , , , , , , , ,4,3,3,4,4,4,3,4,3,3,-99, , ,-99, , ,-99, , ,"With physical distancing measures in place, libraries adapted by expanding digital services, reinforcing their position as providers of essential information and support.", , ,1,12,12, ,14,8, ,12,4, ,5,13 years,13,3,26,1,1,1,1, , ,26,1,3
2/21/2024 12:03:03,2/21/2024 12:29:35,100,1592,1,2/21/2024 12:29:36,R_36Y5bBxhZXWoR1L,39.2535,-86.6259,EN,1,76,1,3,3,3,2,4,1,2,3,1,3,3,2,4, , , , , , ,-99, , ,-99, , ,2, , , , ,6,"The importance of digital connectivity has become evident, especially for those without easy access to the internet.",1,1,1,Homelessness Support,5,The library connected a homeless individual I know with relevant support services.,2,6, , , ,1,6,7,4,7,7,4, , , , , , , , , ,3,4,3,4,3,3,3,4,4,4,-99, , ,-99, , ,-99, , ,"The pandemic has highlighted the importance of libraries in preserving local history, documenting community experiences during unprecedented times.", , ,1,11,12, ,13,8, ,12,5, ,5,13 years,13,3,26,1,1,1, , , ,26,1,3
2/20/2024 15:18:00,2/20/2024 15:41:50,100,1429,1,2/20/2024 15:41:51,R_31aZgtZ65nWztgB,39.1406,-84.8688,EN,1,80,1,5,7,6,6,4,4,7,5,4,5,6,4,7, , , , , , ,-99, , ,-99, , ,2, , , , ,5,The pandemic spurred conversations about the importance of emergency preparedness and community resilience.,5,1,1,Legal Aid Clinics,5,Emergency preparedness workshops provided me with valuable knowledge to keep my family safe.,2,7, , , ,1,6,6,4,5,6,7, , , , , , , , , ,4,3,3,4,4,4,4,4,4,3,-99, , ,-99, , ,-99, , ,"The pandemic prompted libraries to rethink their physical spaces, with a focus on creating environments that prioritize safety, hygiene, and the evolving needs of the community.", , ,1,13,12, ,14,9, ,12,4, ,5,12 years,12,3,26,1,1, , , , ,26,1,3
2/21/2024 12:45:08,2/21/2024 13:19:42,100,2073,1,2/21/2024 13:19:42,R_1rwPSwAV7z54SOi,39.8079,-86.0949,EN,1,61,1,4,3,3,3,2,4,2,1,3,3,4,3,1, , , , , , ,-99, , ,-99, , ,2, , , , ,5,"Some individuals are struggling with the loss of loved ones, and grief support is crucial.",1,1,1,Homelessness Support,5,Joining social inclusion programs at the library helped me make friends in a new town.,2,2, , , ,1,5,5,4,7,4,5, , , , , , , , , ,4,3,3,4,4,3,4,3,3,3,-99, , ,-99, , ,-99, , ,"Libraries have become key players in promoting public awareness campaigns, disseminating information on public health guidelines, and encouraging community cooperation.", , ,1,13,12, ,13,10, ,12,5, ,5,12 years,12,3,26, ,1,1, , , ,26,1,3
3/4/2024 18:35:43,3/4/2024 18:54:13,100,1110,1,3/4/2024 18:54:14,R_1CfCCPMY8319poI,39.8685,-85.969,EN,1,57,1,6,7,6,5,4,4,5,6,5,5,6,5,4, , , , , , ,-99, , ,-99, , ,2, , , , ,7,yes, ,1,1,"medical care,",5,quite satisfied,2, , , , ,1,6,5,6,6,6,7, , , , , , , , , ,4,4,3,4,3,3,4,3,4,4,-99, , ,-99, , ,-99, , ,Yes, , ,1,10,12, ,11,9, ,12,4, ,4,12,12,3,26,1,1, , , , ,26,1,3
2/20/2024 14:38:37,2/20/2024 15:09:07,100,1829,1,2/20/2024 15:09:07,R_7qkJSZy4cFpSodX,40.4484,-86.1394,EN,1,91,1,6,5,5,7,4,4,6,6,4,6,7,7,4, , , , , , ,-99, , ,-99, , ,2, , , , ,7,"Local businesses in my area have faced closures, and it's disheartening to see the economic impact.",5,1,1,Job Search Support,5,The literacy program for adults allowed me to improve my reading proficiency.,2,2, , , ,1,7,5,7,4,5,5, , , , , , , , , ,3,4,4,4,4,4,3,4,3,3,-99, , ,-99, , ,-99, , ,"The shift towards virtual programming has showcased libraries as adaptable institutions, fostering community engagement even in challenging times.", , ,1,11,12, ,14,10, ,12,6, ,5,11 years,11,3,26,1,1,1,1, , ,26,1,3
3/3/2024 5:38:06,3/3/2024 6:13:57,100,2151,1,3/3/2024 6:13:58,R_3BlZZMbZdFKeqjW,37.1835,-121.7714,EN,1,55,1,7,7,7,7,7,7,7,7,7,7,7,7,6,
Medical needsPeople need healthcare to treat illnesses,8,4, ,"Economic demand, employment demand",0,-99,In terms of healthcare,0,-99,Community service center,5,1,Residential community service demand, ,Community governance service demand, ,6,impact，Needs healthcare treatment，Measures to strengthen healthcare,3,1,1,"Healthcare services, community governance services",5,I am very satisfied with the healthcare service and have a good experience,2,6, , , ,1,7,5,7,7,7,5,5, , ,5, , ,7, , ,4,4,4,4,4,4,4,4,4,4,4, , ,4, , ,4, , ,The coronavirus has affected our quality of life ，Just take protective measures, , ,1,12,12, ,16,11, ,12,8, ,5,10Years,10,2,26,1,1,1,1, , ,26,1,2
2/24/2024 14:51:42,2/24/2024 15:09:55,100,1092,1,2/24/2024 15:09:56,R_3eFQXBe09bolSbe,37.5625,-122.0004,EN,1,58,1,4,1,1,4,6,7,5,6,4,5,4,7,3,Health care services,8, ,2, , ,2, , ,6, , ,1,Mental health service,9,Fair, ,5,Yes, ,1,1,Mental health service,5,It's was satisfying,2, , , , ,1,3,3,2,5,7,6,6, , ,7, , ,5, , ,4,4,4,3,4,3,3,4,4,3,2, , ,3, , ,3, , ,Limitations for assets, , ,1,12,12, ,16,11, ,12,5, ,5,10years,10,2,26,1, , , , , ,26,1,2
3/4/2024 21:14:24,3/4/2024 21:28:03,100,819,1,3/4/2024 21:28:03,R_3ViwIACIUdwbpNT,39.6804,-86.1306,EN,1,56,1,5,5,6,5,6,5,4,6,5,6,5,6,7,culture,13, ,5, , ,5, , ,5, , ,2, , , , ,5,yes, ,1,1,Social service,5,satisfaction,2, , , , ,1,5,6,5,5,6,6,5, , ,5, , ,4, , ,2,3,3,3,3,2,3,3,3,4,3, , ,3, , ,3, , ,yes, , ,1,12,13, ,17,8, ,12,4, ,5,10years,10,2,26,1, , , , , ,26,1,2
3/4/2024 21:14:28,3/4/2024 21:28:16,100,828,1,3/4/2024 21:28:17,R_51FRnWrBjFLzC6e,41.5873,-87.5103,EN,1,68,1,5,3,4,5,3,5,5,6,4,5,6,7,7,culture,13, ,5, , ,4, , ,5, , ,1,yes, ,yes, ,5,yes, ,1,1,Social service,5,satisfaction,2, , , , ,1,4,3,4,4,5,5,5, , ,4, , ,5, , ,3,2,3,3,2,3,3,2,3,4,3, , ,3, , ,3, , ,yes, , ,1,12,13, ,17,9, ,15,4, , ,10years,10,2,26, ,1, , , , ,26,1,2
2/21/2024 12:04:36,2/21/2024 12:30:35,100,1559,1,2/21/2024 12:30:36,R_5CIS9uh2PY9LykA,40.0996,-85.6843,EN,1,96,1,1,4,2,1,3,3,2,2,1,2,4,4,1, , , , , , ,-99, , ,-99, , ,2, , , , ,4,My community has faced economic challenges with many businesses struggling to survive during lockdowns.,5,1,1,Job Search Assistance,5,"The library's job fair connected me with potential employers, and I landed a job within a month.",2,6, , , ,1,6,6,6,4,4,6, , , , , , , , , ,4,3,4,3,4,4,4,4,4,3,-99, , ,-99, , ,-99, , ,"With increased digital access needs during lockdowns, libraries have become crucial in bridging the digital divide for those without internet at home.", , ,1,11,12, ,14,8, ,12,4, ,5,10 years,10,2,26,1,1, ,1, , ,26,1,2
2/24/2024 13:07:58,2/24/2024 13:31:46,100,1428,1,2/24/2024 13:31:47,R_2q82aThw2eh9hzX,4.7731,7.0085,EN,1,81,1,2,7,4,2,4,3,5,2,2,2,4,2,4,Financial struggles lack of job opportunity are the major need,2,4,3, , ,4, , ,5, , ,1,Discrimination,1,Extremely bad, ,2,Yes, ,1,1,Mental health service,5,It was good,2, , , , ,1,2,2,3,5,4,5,1, , ,3, , ,6, , ,2,3,3,1,3,4,4,3,1,2,3, , ,2, , ,3, , ,Yes I was able to go out and do my job as usual, , ,1,12,12, ,9,10, ,12,5, ,5,1 year 3mon,1,1,26,1, , , , , ,26,1,1
2/24/2024 12:42:24,2/24/2024 13:07:14,100,1489,1,2/24/2024 13:07:14,R_14vLyw1a5vVzjcQ,4.7731,7.0085,EN,1,99,1,4,4,4,3,3,5,5,4,6,4,7,7,5,Isolation is a major need because some people are being isolated because of their race and skin color,11,4, ,Financial assistance,0,-99, , ,-99, , ,2, , , , ,2,Yes, ,1,1,Free medical check up,5,The service was good but need More trained medical personnel,2, ,1, , ,1,2,3,2,4,3,5,4, , ,4, , ,3, , ,3,4,4,2,3,2,4,4,3,4,2, , ,3, , ,3, , ,Yes in the Sense that I wasn't able to go out there and explore, , ,1,12,13, ,15,10, ,12,5, ,4,1 year,1,1,26, ,1, , , , ,26,1,1
